#------------------------------------------------------------------------------
# irace: An implementation in R of (Elitist) Iterated Racing
# Version: 4.2.0.9000.0eef3f1
# Copyright (C) 2010-2025
# Manuel Lopez-Ibanez     <manuel.lopez-ibanez@manchester.ac.uk>
# Jeremie Dubois-Lacoste
# Leslie Perez Caceres    <leslie.perez.caceres@ulb.ac.be>
#
# This is free software, and you are welcome to redistribute it under certain
# conditions.  See the GNU General Public License for details. There is NO
# WARRANTY; not even for MERCHANTABILITY or FITNESS FOR A PARTICULAR PURPOSE.
#
# irace builds upon previous code from the race package:
#     race: Racing methods for the selection of the best
#     Copyright (C) 2003 Mauro Birattari
#------------------------------------------------------------------------------
# installed at: /home/pestobar/R/x86_64-redhat-linux-gnu-library/4.5/irace
# called with: --only-test configurations.txt --scenario scenario.txt
# 2025-11-28 16:11:02 -03: Checking scenario.
# 2025-11-28 16:11:02 -03: Reading parameter file '/home/pestobar/Activities/irace-test-executions/PSO-X/Scenarios/Elites/Runs/Elites_seed_300017/parameters.txt'.
# 2025-11-28 16:11:02 -03: 2 expression(s) specifying forbidden configurations read.
## irace scenario:
scenarioFile = "/home/pestobar/Activities/irace-test-executions/PSO-X/Scenarios/Elites/Runs/Elites_seed_300017/scenario.txt"
execDir = "/home/pestobar/Activities/irace-test-executions/PSO-X/Scenarios/Elites/Runs/Elites_seed_300017/Results"
parameterFile = "/home/pestobar/Activities/irace-test-executions/PSO-X/Scenarios/Elites/Runs/Elites_seed_300017/parameters.txt"
parameters = <environment>
initConfigurations = NULL
configurationsFile = ""
logFile = "/home/pestobar/Activities/irace-test-executions/PSO-X/Scenarios/Elites/Runs/Elites_seed_300017/Results/irace.Rdata"
recoveryFile = ""
instances = c("--competition 3 --problem 0 --dimensions 30", "--competition 3 --problem 1 --dimensions 30", "--competition 3 --problem 2 --dimensions 30", "--competition 3 --problem 3 --dimensions 30", "--competition 3 --problem 4 --dimensions 30", "--competition 3 --problem 5 --dimensions 30", "--competition 3 --problem 6 --dimensions 30", "--competition 3 --problem 7 --dimensions 30", "--competition 3 --problem 8 --dimensions 30", "--competition 3 --problem 9 --dimensions 30", "--competition 3 --problem 10 --dimensions 30", "--competition 3 --problem 11 --dimensions 30", "--competition 3 --problem 12 --dimensions 30", "--competition 3 --problem 13 --dimensions 30", "--competition 3 --problem 14 --dimensions 30", "--competition 3 --problem 15 --dimensions 30", "--competition 3 --problem 16 --dimensions 30", "--competition 3 --problem 17 --dimensions 30", "--competition 3 --problem 18 --dimensions 30", "--competition 3 --problem 19 --dimensions 30", "--competition 3 --problem 20 --dimensions 30", "--competition 3 --problem 21 --dimensions 30", "--competition 3 --problem 22 --dimensions 30", "--competition 3 --problem 23 --dimensions 30", "--competition 3 --problem 24 --dimensions 30", "--competition 3 --problem 25 --dimensions 30", "--competition 3 --problem 26 --dimensions 30", "--competition 3 --problem 27 --dimensions 30", "--competition 3 --problem 28 --dimensions 30", "--competition 3 --problem 29 --dimensions 30", "--competition 3 --problem 30 --dimensions 30", "--competition 3 --problem 31 --dimensions 30", "--competition 3 --problem 32 --dimensions 30", "--competition 3 --problem 33 --dimensions 30", "--competition 3 --problem 34 --dimensions 30", "--competition 3 --problem 35 --dimensions 30", "--competition 3 --problem 36 --dimensions 30", "--competition 3 --problem 37 --dimensions 30", "--competition 3 --problem 38 --dimensions 30", "--competition 3 --problem 39 --dimensions 30", "--competition 3 --problem 40 --dimensions 30", "--competition 3 --problem 41 --dimensions 30", "--competition 3 --problem 42 --dimensions 30", "--competition 3 --problem 43 --dimensions 30", "--competition 3 --problem 44 --dimensions 30", "--competition 3 --problem 45 --dimensions 30", "--competition 3 --problem 46 --dimensions 30", "--competition 3 --problem 47 --dimensions 30", "--competition 3 --problem 48 --dimensions 30", "--competition 3 --problem 49 --dimensions 30")
trainInstancesDir = ""
trainInstancesFile = "/home/pestobar/Activities/irace-test-executions/PSO-X/Instances/train_MIXTURE.txt"
sampleInstances = TRUE
testInstancesDir = ""
testInstancesFile = "/home/pestobar/Activities/irace-test-executions/PSO-X/TestingInstances/test_MIXTURE.txt"
testInstances = c("1t" = "--competition 3 --problem 0 --dimensions 50", "2t" = "--competition 3 --problem 1 --dimensions 50", "3t" = "--competition 3 --problem 2 --dimensions 50", "4t" = "--competition 3 --problem 3 --dimensions 50", "5t" = "--competition 3 --problem 4 --dimensions 50", "6t" = "--competition 3 --problem 5 --dimensions 50", "7t" = "--competition 3 --problem 6 --dimensions 50", "8t" = "--competition 3 --problem 7 --dimensions 50", "9t" = "--competition 3 --problem 8 --dimensions 50", "10t" = "--competition 3 --problem 9 --dimensions 50", "11t" = "--competition 3 --problem 10 --dimensions 50", "12t" = "--competition 3 --problem 11 --dimensions 50", "13t" = "--competition 3 --problem 12 --dimensions 50", "14t" = "--competition 3 --problem 13 --dimensions 50", "15t" = "--competition 3 --problem 14 --dimensions 50", "16t" = "--competition 3 --problem 15 --dimensions 50", "17t" = "--competition 3 --problem 16 --dimensions 50", "18t" = "--competition 3 --problem 17 --dimensions 50", "19t" = "--competition 3 --problem 18 --dimensions 50", "20t" = "--competition 3 --problem 19 --dimensions 50", "21t" = "--competition 3 --problem 20 --dimensions 50", "22t" = "--competition 3 --problem 21 --dimensions 50", "23t" = "--competition 3 --problem 22 --dimensions 50", "24t" = "--competition 3 --problem 23 --dimensions 50", "25t" = "--competition 3 --problem 24 --dimensions 50", "26t" = "--competition 3 --problem 25 --dimensions 50", "27t" = "--competition 3 --problem 26 --dimensions 50", "28t" = "--competition 3 --problem 27 --dimensions 50", "29t" = "--competition 3 --problem 28 --dimensions 50", "30t" = "--competition 3 --problem 29 --dimensions 50", "31t" = "--competition 3 --problem 30 --dimensions 50", "32t" = "--competition 3 --problem 31 --dimensions 50", "33t" = "--competition 3 --problem 32 --dimensions 50", "34t" = "--competition 3 --problem 33 --dimensions 50", "35t" = "--competition 3 --problem 34 --dimensions 50", "36t" = "--competition 3 --problem 35 --dimensions 50", "37t" = "--competition 3 --problem 36 --dimensions 50", "38t" = "--competition 3 --problem 37 --dimensions 50", "39t" = "--competition 3 --problem 38 --dimensions 50", "40t" = "--competition 3 --problem 39 --dimensions 50", "41t" = "--competition 3 --problem 40 --dimensions 50", "42t" = "--competition 3 --problem 41 --dimensions 50", "43t" = "--competition 3 --problem 42 --dimensions 50", "44t" = "--competition 3 --problem 43 --dimensions 50", "45t" = "--competition 3 --problem 44 --dimensions 50", "46t" = "--competition 3 --problem 45 --dimensions 50", "47t" = "--competition 3 --problem 46 --dimensions 50", "48t" = "--competition 3 --problem 47 --dimensions 50", "49t" = "--competition 3 --problem 48 --dimensions 50", "50t" = "--competition 3 --problem 49 --dimensions 50")
testNbElites = 1L
testIterationElites = FALSE
testType = "friedman"
firstTest = 5L
blockSize = 1L
eachTest = 1L
targetRunner = "/home/pestobar/Activities/irace-test-executions/PSO-X/Scenarios/Elites/Runs/Elites_seed_300017/target-runner"
targetRunnerLauncher = ""
targetCmdline = "{configurationID} {instanceID} {seed} {instance} {bound} {targetRunnerArgs}"
targetRunnerRetries = 0L
targetRunnerTimeout = 0L
targetRunnerData = ""
targetRunnerParallel = NULL
targetEvaluator = NULL
deterministic = FALSE
maxExperiments = 5500L
minExperiments = NA_character_
maxTime = 0L
budgetEstimation = 0.05
minMeasurableTime = 0.01
parallel = 10L
loadBalancing = TRUE
mpi = FALSE
batchmode = "0"
quiet = FALSE
debugLevel = 0L
seed = 300017L
softRestart = TRUE
softRestartThreshold = 1e-04
elitist = TRUE
elitistNewInstances = 1L
elitistLimit = 2L
repairConfiguration = NULL
capping = FALSE
cappingAfterFirstTest = FALSE
cappingType = "median"
boundType = "candidate"
boundMax = NULL
boundDigits = 0L
boundPar = 1L
boundAsTimeout = TRUE
postselection = TRUE
aclib = FALSE
nbIterations = 0L
nbExperimentsPerIteration = 0L
minNbSurvival = 0L
nbConfigurations = 0L
mu = 5L
confidence = 0.95
## end of irace scenario
# 2025-11-28 16:11:02 -03: Read 432 configuration(s) from file 'configurations.txt'
# 2025-11-28 16:11:02 -03: Testing configurations (in the order given as input): 
    particles topology modInfluence branching tSchedule phi1 phi2 inertia
1          30        5            1        NA         8 2.12 1.41    0.34
2         167        5            0        NA        10 0.72 1.56    0.28
3          55        5            0        NA         9 2.43 2.34    0.45
4         179        4            2        NA        NA 0.25 2.03    0.56
5         142        4            2        NA        NA 1.03 1.88    0.62
6          79        5            0        NA        10 1.98 1.97    0.17
7          36        5            0        NA        10 2.40 2.09    0.26
8         113        4            2        NA        NA 0.18 2.31    0.67
9           8        5            2        NA         9 0.65 1.97    0.57
10         12        1            1        NA        NA 1.59 1.74    0.12
11         29        1            0        NA        NA 1.99 2.34    0.13
12         12        4            0        NA        NA 2.14 1.58    0.30
13         18        5            0        NA        10 2.15 2.49    0.12
14          9        5            0        NA         8 2.40 1.98    0.08
15         23        1            0        NA        NA 2.06 2.47    0.12
16         48        1            0        NA        NA 1.53 2.12    0.18
17         28        4            0        NA        NA 2.01 1.89    0.32
18         46        1            0        NA        NA 2.09 2.13    0.15
19         28        1            0        NA        NA 2.10 2.21    0.25
20         35        1            0        NA        NA 2.08 2.45    0.16
21         26        1            0        NA        NA 1.98 2.14    0.10
22         47        1            0        NA        NA 2.09 2.05    0.14
23         14        4            0        NA        NA 1.92 2.09    0.24
24        170        1            2        NA        NA 1.35 2.32    0.79
25         11        2            0        NA        NA 0.92 2.28    0.30
26         52        5            0        NA        10 2.37 2.25    0.65
27         95        0            0        NA        NA 1.04 2.01    0.68
28        157        5            0        NA         6 1.82 0.60    0.62
29         49        0            0        NA        NA 1.62 2.08    0.60
30          5        2            1        NA        NA 2.45 2.44    0.75
31         27        4            0        NA        NA 2.12 2.31    0.70
32         90        1            0        NA        NA 1.89 2.13    0.61
33         59        4            2        NA        NA 2.02 2.37    0.67
34         24        5            0        NA         9 2.17 2.39    0.63
35         61        4            0        NA        NA 1.93 1.99    0.58
36         66        1            0        NA        NA 1.85 2.24    0.61
37         22        4            0        NA        NA 2.14 1.71    0.61
38         60        4            0        NA        NA 2.33 2.49    0.74
39         52        4            0        NA        NA 2.30 2.20    0.67
40         85        4            0        NA        NA 2.11 2.33    0.54
41         70        1            0        NA        NA 1.80 2.40    0.60
42         66        4            0        NA        NA 2.48 2.32    0.66
43         63        4            0        NA        NA 2.31 2.18    0.69
44         54        4            0        NA        NA 2.32 2.23    0.67
45         98        4            0        NA        NA 2.41 2.41    0.75
46        120        4            0        NA        NA 1.12 1.27    0.51
47         33        1            0        NA        NA 1.59 1.12    0.79
48         39        1            0        NA        NA 0.89 2.45    0.20
49        139        4            2        NA        NA 2.14 1.20    0.65
50        162        4            0        NA        NA 1.92 1.97    0.47
51        114        4            2        NA        NA 2.13 2.47    0.83
52        107        4            0        NA        NA 2.35 2.15    0.40
53        105        4            0        NA        NA 1.83 2.33    0.56
54         74        4            0        NA        NA 2.40 2.16    0.53
55         80        4            0        NA        NA 2.24 2.39    0.60
56        119        4            0        NA        NA 2.44 2.19    0.40
57         82        4            0        NA        NA 2.17 2.11    0.47
58         57        4            0        NA        NA 2.18 2.18    0.47
59         78        4            0        NA        NA 2.47 1.81    0.55
60        104        4            0        NA        NA 2.27 2.39    0.41
61        116        4            0        NA        NA 2.36 2.29    0.38
62         67        1            0        NA        NA 0.63 1.33    0.84
63        135        4            0        NA        NA 0.24 2.34    0.25
64          5        0            1        NA        NA 0.47 1.48    0.79
65         36        1            2        NA        NA 1.49 1.09    0.70
66        142        5            0        NA         2 2.19 1.01    0.51
67        200        5            0        NA        10 1.17 2.18    0.45
68         97        1            0        NA        NA 0.72 1.69    0.46
69        154        4            2        NA        NA 0.88 2.04    0.75
70        114        4            2        NA        NA 0.86 1.93    0.57
71        164        4            0        NA        NA 0.15 2.25    0.48
72        183        1            0        NA        NA 0.85 2.09    0.47
73        107        4            0        NA        NA 0.24 2.30    0.11
74        161        5            0        NA        10 0.72 2.37    0.53
75        109        4            0        NA        NA 0.44 2.26    0.18
76        109        4            0        NA        NA 0.34 2.14    0.25
77        117        4            0        NA        NA 0.25 2.11    0.27
78        131        4            0        NA        NA 0.29 2.10    0.24
79        109        4            0        NA        NA 0.66 2.09    0.42
80        107        4            0        NA        NA 0.30 2.33    0.20
81        119        4            0        NA        NA 0.18 2.13    0.30
82        101        4            0        NA        NA 0.42 2.33    0.18
83        117        4            0        NA        NA 0.46 2.32    0.23
84        171        4            0        NA        NA 1.46 1.68    0.65
85         16        2            2        NA        NA 1.54 1.76    0.85
86         65        4            1        NA        NA 2.17 1.14    0.62
87         59        5            0        NA         2 0.37 2.46    0.37
88         34        4            2        NA        NA 0.06 1.53    0.48
89        141        4            0        NA        NA 2.29 2.33    0.70
90         38        4            0        NA        NA 2.15 1.46    0.63
91        112        4            0        NA        NA 2.16 1.49    0.66
92        116        4            1        NA        NA 2.38 2.25    0.81
93        174        4            0        NA        NA 2.39 2.22    0.54
94        134        4            0        NA        NA 2.06 2.44    0.53
95        109        4            1        NA        NA 2.08 2.47    0.53
96         64        4            0        NA        NA 1.75 1.74    0.52
97        101        5            0        NA         4 2.31 2.26    0.69
98        128        4            0        NA        NA 1.48 2.47    0.48
99        111        4            2        NA        NA 2.14 2.49    0.73
100       171        4            0        NA        NA 1.93 2.45    0.39
101       137        4            0        NA        NA 1.26 2.47    0.45
102       113        4            0        NA        NA 2.23 2.37    0.60
103       129        4            0        NA        NA 1.28 2.45    0.40
104       124        4            0        NA        NA 1.09 2.49    0.42
105       153        4            0        NA        NA 1.47 2.36    0.51
106       122        4            0        NA        NA 1.04 2.48    0.51
107        11        2            1        NA        NA 0.15 1.78    0.15
108       154        4            0        NA        NA 0.07 1.70    0.35
109        18        1            2        NA        NA 2.41 0.61    0.86
110        49        0            1        NA        NA 0.93 1.93    0.77
111        61        4            0        NA        NA 0.77 1.15    0.38
112        31        1            2        NA        NA 1.34 1.96    0.58
113        17        4            2        NA        NA 0.02 1.36    0.15
114         7        4            1        NA        NA 1.85 2.35    0.11
115        87        4            2        NA        NA 1.99 0.59    0.87
116        73        1            2        NA        NA 0.30 2.49    0.49
117         8        0            1        NA        NA 1.87 2.04    0.18
118        13        4            1        NA        NA 1.10 2.13    0.05
119        34        4            1        NA        NA 2.06 1.96    0.25
120        36        4            1        NA        NA 2.10 1.74    0.25
121        38        4            1        NA        NA 2.49 1.81    0.32
122        53        4            1        NA        NA 2.42 2.05    0.20
123        95        1            2        NA        NA 0.00 2.43    0.48
124        51        1            2        NA        NA 0.36 2.14    0.50
125        86        1            2        NA        NA 0.11 2.40    0.46
126        58        4            0        NA        NA 1.80 1.40    0.27
127        68        1            2        NA        NA 0.38 2.48    0.53
128        67        1            2        NA        NA 0.56 2.43    0.50
129        68        4            0        NA        NA 1.88 1.51    0.32
130        46        1            2        NA        NA 0.21 2.05    0.48
131        65        1            2        NA        NA 0.43 2.46    0.48
132        73        0            0        NA        NA 2.21 0.31    0.86
133        76        5            0        NA         7 1.93 1.36    0.74
134       150        0            0        NA        NA 1.00 1.05    0.63
135        82        0            0        NA        NA 0.92 1.60    0.60
136        45        1            1        NA        NA 0.45 1.75    0.65
137        48        1            0        NA        NA 1.80 2.38    0.73
138        84        5            0        NA        10 1.79 1.55    0.13
139       157        4            0        NA        NA 2.48 2.07    0.87
140       200        0            0        NA        NA 2.08 2.15    0.86
141       142        4            2        NA        NA 2.46 1.96    0.84
142        58        4            2        NA        NA 0.97 2.44    0.70
143        61        1            0        NA        NA 1.87 2.27    0.71
144       152        4            0        NA        NA 2.28 2.01    0.79
145        58        1            0        NA        NA 1.35 1.87    0.82
146        79        1            0        NA        NA 0.92 1.95    0.73
147        62        1            0        NA        NA 1.72 2.22    0.69
148        43        1            0        NA        NA 1.92 2.44    0.80
149        56        1            0        NA        NA 2.14 2.31    0.61
150        62        1            0        NA        NA 2.18 2.44    0.65
151        26        1            0        NA        NA 1.56 2.40    0.57
152        55        1            0        NA        NA 1.83 2.25    0.69
153        60        4            0        NA        NA 0.25 2.04    0.64
154       172        5            0        NA        10 1.65 1.26    0.36
155        23        4            1        NA        NA 1.03 1.88    0.58
156       178        0            0        NA        NA 0.48 1.65    0.11
157       147        4            2        NA        NA 1.34 2.20    0.47
158       185        4            2        NA        NA 1.53 2.09    0.67
159       176        0            0        NA        NA 0.06 2.01    0.42
160        96        4            0        NA        NA 1.31 2.05    0.16
161       141        4            2        NA        NA 0.17 2.00    0.47
162        36        4            1        NA        NA 2.05 2.11    0.61
163        13        4            1        NA        NA 1.35 1.91    0.65
164       156        5            0        NA         9 0.61 1.27    0.57
165        32        4            0        NA        NA 1.94 2.28    0.44
166       134        4            2        NA        NA 1.77 2.10    0.88
167       134        4            0        NA        NA 0.57 2.09    0.42
168       101        4            2        NA        NA 0.20 2.02    0.70
169        69        4            2        NA        NA 0.21 2.15    0.81
170        35        4            0        NA        NA 1.82 2.38    0.35
171        32        4            0        NA        NA 1.98 2.23    0.33
172       145        4            2        NA        NA 1.69 2.32    0.85
173        38        4            0        NA        NA 1.90 2.30    0.30
174        70        4            2        NA        NA 0.08 2.09    0.73
175        19        4            2        NA        NA 1.39 1.34    0.60
176        56        4            1        NA        NA 2.48 1.49    0.66
177        25        1            0        NA        NA 0.69 2.04    0.13
178       112        2            0        NA        NA 2.40 1.26    0.86
179        87        5            0        NA         8 0.84 0.95    0.52
180        56        0            0        NA        NA 0.84 1.66    0.14
181        70        0            0        NA        NA 1.89 2.13    0.64
182        46        1            0        NA        NA 1.11 1.44    0.61
183        54        0            1        NA        NA 1.79 2.26    0.24
184        24        0            0        NA        NA 1.97 2.29    0.74
185         9        4            1        NA        NA 2.08 1.13    0.60
186        98        0            0        NA        NA 1.95 2.00    0.67
187        51        0            0        NA        NA 2.13 2.08    0.63
188        82        0            0        NA        NA 1.42 2.26    0.60
189        48        0            0        NA        NA 0.91 1.48    0.12
190        63        0            0        NA        NA 0.72 1.46    0.09
191       171        4            0        NA        NA 2.44 2.14    0.52
192       134        0            0        NA        NA 2.28 1.05    0.13
193       178        1            0        NA        NA 0.95 2.37    0.83
194        91        1            0        NA        NA 2.05 1.59    0.21
195        69        2            0        NA        NA 1.46 1.48    0.67
196       114        4            0        NA        NA 2.43 2.09    0.74
197        48        4            0        NA        NA 0.74 1.94    0.89
198       111        4            0        NA        NA 1.89 2.43    0.47
199       153        0            0        NA        NA 2.32 2.22    0.84
200        19        4            0        NA        NA 1.12 2.48    0.77
201        49        4            0        NA        NA 0.17 2.10    0.50
202        35        4            0        NA        NA 1.48 2.32    0.75
203       119        4            0        NA        NA 2.24 2.15    0.65
204       151        4            0        NA        NA 1.88 2.41    0.52
205        97        4            0        NA        NA 2.44 1.98    0.45
206       119        4            0        NA        NA 2.06 2.47    0.33
207       117        4            0        NA        NA 1.60 2.45    0.51
208       103        4            0        NA        NA 2.36 2.09    0.48
209       117        4            0        NA        NA 1.52 2.26    0.52
210        79        4            0        NA        NA 2.39 1.96    0.44
211        91        4            0        NA        NA 2.43 2.31    0.50
212       125        4            0        NA        NA 1.70 2.46    0.57
213       133        4            0        NA        NA 2.07 2.37    0.28
214        83        1            0        NA        NA 0.18 2.47    0.36
215       115        5            0        NA         5 0.73 1.46    0.78
216        27        0            0        NA        NA 1.51 0.99    0.61
217        15        2            2        NA        NA 1.98 0.21    0.33
218         9        1            2        NA        NA 0.50 1.54    0.47
219       124        1            0        NA        NA 0.36 2.49    0.29
220        83        4            2        NA        NA 0.88 2.44    0.53
221        48        0            0        NA        NA 0.74 1.12    0.65
222        67        1            0        NA        NA 0.65 2.49    0.43
223       114        0            0        NA        NA 1.87 2.43    0.57
224        64        4            2        NA        NA 1.36 2.24    0.61
225        86        4            2        NA        NA 1.22 2.36    0.67
226        66        4            0        NA        NA 0.82 2.41    0.45
227        72        4            2        NA        NA 1.39 2.44    0.56
228        66        4            0        NA        NA 0.94 2.31    0.35
229        73        4            2        NA        NA 1.25 2.45    0.55
230        55        4            0        NA        NA 1.36 2.21    0.48
231        68        4            0        NA        NA 0.99 2.49    0.28
232        76        4            0        NA        NA 0.97 2.37    0.32
233        58        4            0        NA        NA 0.91 2.38    0.43
234        64        4            0        NA        NA 1.18 2.34    0.36
235        36        1            2        NA        NA 1.88 2.38    0.56
236        29        4            0        NA        NA 0.08 1.68    0.14
237       110        0            0        NA        NA 0.32 2.07    0.45
238        51        0            0        NA        NA 2.08 1.79    0.75
239        11        3            1        NA        NA 1.57 0.82    0.00
240        53        4            0        NA        NA 1.37 1.04    0.22
241        29        1            2        NA        NA 1.98 1.59    0.32
242       135        4            0        NA        NA 1.02 2.29    0.75
243        53        1            2        NA        NA 1.19 2.06    0.50
244        32        4            2        NA        NA 1.46 2.12    0.43
245        43        1            0        NA        NA 1.35 1.62    0.36
246        78        4            0        NA        NA 0.84 1.44    0.32
247        30        4            0        NA        NA 2.07 0.83    0.27
248        34        4            0        NA        NA 2.31 2.40    0.33
249        38        4            0        NA        NA 1.72 2.19    0.22
250        40        4            2        NA        NA 1.16 1.99    0.70
251        42        4            0        NA        NA 1.65 1.59    0.20
252        11        1            0        NA        NA 1.43 1.97    0.24
253        57        4            0        NA        NA 2.21 2.35    0.35
254        27        4            0        NA        NA 2.46 2.20    0.42
255        11        4            0        NA        NA 1.86 2.49    0.42
256        24        4            0        NA        NA 1.77 2.24    0.33
257        17        4            0        NA        NA 2.39 2.19    0.39
258        59        4            0        NA        NA 2.10 2.46    0.48
259        21        4            0        NA        NA 2.30 2.28    0.31
260       105        5            2        NA         3 1.96 2.32    0.62
261        18        5            2        NA         2 1.18 1.85    0.34
262         5        2            1        NA        NA 0.71 1.07    0.17
263        86        4            0        NA        NA 1.57 0.84    0.31
264       142        4            0        NA        NA 1.49 1.54    0.23
265       134        4            0        NA        NA 2.16 2.22    0.32
266        50        4            0        NA        NA 1.77 1.35    0.41
267        46        5            0        NA         6 2.34 1.18    0.40
268        14        5            1        NA         6 1.96 0.90    0.59
269       129        4            0        NA        NA 2.42 2.22    0.35
270       119        1            0        NA        NA 2.11 2.41    0.33
271        95        0            0        NA        NA 2.26 1.50    0.55
272       120        4            0        NA        NA 2.42 2.28    0.41
273       121        4            0        NA        NA 2.32 2.34    0.50
274       120        4            0        NA        NA 2.29 1.98    0.31
275       117        4            0        NA        NA 2.18 2.16    0.29
276       112        4            0        NA        NA 2.17 2.25    0.37
277       126        4            0        NA        NA 2.11 2.29    0.49
278       107        4            0        NA        NA 2.02 2.32    0.19
279       113        4            0        NA        NA 2.17 2.37    0.39
280       133        1            0        NA        NA 1.94 1.29    0.17
281        15        2            1        NA        NA 2.18 0.43    0.76
282        90        0            0        NA        NA 2.49 0.75    0.20
283       161        4            2        NA        NA 1.90 1.10    0.83
284        59        5            0        NA         7 1.01 0.98    0.28
285       175        1            0        NA        NA 1.37 2.43    0.46
286       107        0            0        NA        NA 2.32 0.53    0.71
287         6        2            2        NA        NA 0.81 0.04    0.69
288       125        1            0        NA        NA 1.82 2.27    0.65
289       101        0            0        NA        NA 2.35 1.04    0.75
290       167        4            2        NA        NA 1.38 2.08    0.77
291       174        1            0        NA        NA 0.74 2.35    0.42
292        80        1            0        NA        NA 2.02 2.45    0.73
293       149        4            0        NA        NA 1.35 2.41    0.67
294        95        1            0        NA        NA 1.74 2.01    0.66
295       116        4            0        NA        NA 1.37 2.09    0.60
296       163        4            2        NA        NA 1.30 2.44    0.68
297        74        1            0        NA        NA 1.99 2.29    0.67
298        88        1            0        NA        NA 1.83 2.34    0.65
299        71        1            0        NA        NA 2.17 2.42    0.70
300       121        4            0        NA        NA 1.41 2.24    0.59
301       119        4            0        NA        NA 1.66 2.20    0.54
302       113        4            0        NA        NA 1.63 2.32    0.66
303       181        4            0        NA        NA 1.67 2.42    0.39
304        57        4            2        NA        NA 0.73 2.11    0.28
305        75        5            1        NA        10 1.75 0.93    0.53
306        32        5            1        NA         9 1.04 1.79    0.62
307       144        4            1        NA        NA 2.14 2.26    0.45
308        32        1            2        NA        NA 0.64 2.08    0.29
309       194        4            2        NA        NA 1.76 1.78    0.62
310        33        4            1        NA        NA 0.99 1.80    0.24
311        36        5            1        NA         8 2.22 2.06    0.40
312       154        4            2        NA        NA 1.55 2.14    0.43
313        41        4            2        NA        NA 1.18 2.43    0.15
314        41        4            1        NA        NA 1.64 1.53    0.05
315        54        4            2        NA        NA 0.59 2.17    0.22
316       172        4            0        NA        NA 1.50 2.16    0.41
317       152        4            0        NA        NA 1.49 2.32    0.41
318       184        4            0        NA        NA 1.72 2.44    0.45
319        84        4            0        NA        NA 1.29 2.49    0.24
320       151        4            0        NA        NA 1.74 2.46    0.32
321       145        4            0        NA        NA 1.78 2.48    0.33
322       153        4            0        NA        NA 1.84 2.45    0.31
323        92        4            0        NA        NA 1.29 2.42    0.19
324       144        4            0        NA        NA 1.84 2.48    0.33
325       133        4            0        NA        NA 2.11 1.67    0.70
326       164        4            2        NA        NA 0.16 0.65    0.90
327        71        4            1        NA        NA 0.70 1.51    0.87
328       102        4            2        NA        NA 1.25 0.81    0.84
329        64        1            1        NA        NA 1.41 1.90    0.45
330        87        4            0        NA        NA 2.02 1.92    0.81
331        43        1            0        NA        NA 1.83 1.42    0.88
332       151        4            0        NA        NA 2.00 1.57    0.65
333       123        4            2        NA        NA 2.00 2.06    0.81
334        84        4            2        NA        NA 1.76 2.18    0.72
335       137        4            0        NA        NA 2.16 1.77    0.73
336        90        4            0        NA        NA 1.66 2.30    0.57
337       125        4            2        NA        NA 2.22 2.46    0.78
338       134        4            0        NA        NA 1.97 1.85    0.75
339        87        4            0        NA        NA 1.42 2.01    0.55
340       109        4            0        NA        NA 1.70 2.48    0.62
341        89        4            0        NA        NA 1.66 2.08    0.57
342       115        4            0        NA        NA 1.81 2.29    0.57
343        78        4            0        NA        NA 1.79 2.27    0.54
344        92        4            0        NA        NA 1.49 2.19    0.53
345        83        4            0        NA        NA 1.67 2.26    0.60
346        74        4            0        NA        NA 1.81 2.20    0.58
347         6        5            0        NA         6 1.57 1.92    0.71
348       193        5            1        NA         9 0.48 2.39    0.88
349        44        4            2        NA        NA 2.36 1.76    0.21
350       118        5            0        NA         8 0.17 1.45    0.09
351       112        5            0        NA        10 2.28 0.28    0.69
352        62        1            0        NA        NA 1.89 1.76    0.63
353       120        5            0        NA         7 0.72 1.96    0.30
354        72        1            0        NA        NA 2.01 1.66    0.54
355        58        1            0        NA        NA 2.16 2.05    0.16
356        90        4            0        NA        NA 0.96 1.92    0.48
357        67        4            0        NA        NA 0.85 1.72    0.41
358        59        1            0        NA        NA 1.84 1.73    0.55
359        90        4            0        NA        NA 0.78 2.12    0.34
360        94        4            0        NA        NA 1.96 1.81    0.50
361        69        4            0        NA        NA 0.78 2.13    0.39
362        73        4            0        NA        NA 0.95 2.13    0.34
363       126        4            0        NA        NA 2.07 1.88    0.40
364        94        4            0        NA        NA 0.92 1.76    0.22
365        84        4            0        NA        NA 0.78 2.24    0.29
366        78        4            0        NA        NA 0.54 2.45    0.45
367       129        4            0        NA        NA 1.90 2.00    0.42
368        69        4            0        NA        NA 0.71 2.00    0.39
369       165        4            0        NA        NA 0.67 2.31    0.53
370       162        1            0        NA        NA 1.49 2.35    0.37
371       156        4            2        NA        NA 0.79 1.65    0.80
372        63        4            2        NA        NA 0.24 1.10    0.82
373       119        4            1        NA        NA 0.32 1.80    0.85
374       120        4            2        NA        NA 2.26 2.15    0.80
375       165        4            2        NA        NA 1.08 1.76    0.86
376       135        4            1        NA        NA 0.99 2.30    0.86
377       153        4            2        NA        NA 2.17 2.26    0.70
378       196        4            2        NA        NA 1.14 2.28    0.70
379       143        4            0        NA        NA 1.37 2.16    0.61
380       183        4            0        NA        NA 1.25 1.90    0.56
381       109        4            2        NA        NA 1.51 2.35    0.75
382       176        4            2        NA        NA 1.27 2.24    0.69
383       138        4            0        NA        NA 1.79 1.99    0.63
384       154        4            2        NA        NA 1.07 2.46    0.84
385       145        4            0        NA        NA 1.26 2.47    0.54
386        81        4            0        NA        NA 1.53 2.03    0.63
387       135        4            0        NA        NA 1.32 2.29    0.57
388       140        4            0        NA        NA 1.82 2.09    0.70
389       133        4            0        NA        NA 2.13 2.02    0.65
390       131        0            0        NA        NA 2.07 0.93    0.30
391        25        2            1        NA        NA 1.99 2.42    0.60
392        38        0            1        NA        NA 1.52 1.33    0.32
393       106        4            1        NA        NA 1.76 2.50    0.86
394         6        1            2        NA        NA 0.51 1.25    0.41
395       167        1            0        NA        NA 2.38 2.42    0.22
396       127        0            0        NA        NA 2.50 1.35    0.17
397       106        0            0        NA        NA 2.02 2.18    0.24
398       162        0            0        NA        NA 2.16 1.82    0.32
399        42        0            1        NA        NA 1.44 1.99    0.42
400       157        0            0        NA        NA 1.82 2.41    0.29
401       105        0            0        NA        NA 2.26 1.73    0.18
402        84        1            0        NA        NA 1.79 2.18    0.10
403       140        0            0        NA        NA 1.89 1.99    0.18
404       102        0            0        NA        NA 1.96 2.40    0.23
405        95        0            0        NA        NA 1.90 2.18    0.27
406        78        0            0        NA        NA 1.89 2.27    0.32
407        83        1            0        NA        NA 1.82 1.87    0.14
408        88        0            0        NA        NA 1.68 2.50    0.22
409        97        0            0        NA        NA 1.90 2.29    0.22
410       112        0            0        NA        NA 2.12 2.13    0.33
411        72        1            2        NA        NA 1.99 1.38    0.61
412        47        2            1        NA        NA 2.31 2.32    0.27
413        41        5            1        NA         7 0.35 1.77    0.69
414       153        5            0        NA         9 1.76 1.30    0.86
415         4        4            1        NA        NA 1.13 1.92    0.19
416        92        4            2        NA        NA 2.23 2.10    0.76
417        87        0            0        NA        NA 2.34 0.95    0.51
418        32        4            0        NA        NA 1.42 2.04    0.12
419       183        4            2        NA        NA 2.43 2.25    0.51
420        16        2            1        NA        NA 2.23 2.07    0.24
421        47        0            0        NA        NA 2.13 1.41    0.21
422       144        4            2        NA        NA 2.29 2.45    0.62
423       123        4            2        NA        NA 2.18 2.10    0.70
424        73        4            2        NA        NA 2.13 1.88    0.82
425         6        2            1        NA        NA 2.27 2.23    0.07
426        17        2            1        NA        NA 1.93 2.36    0.19
427        14        2            1        NA        NA 2.25 2.21    0.12
428       184        4            2        NA        NA 2.49 2.33    0.60
429       200        4            2        NA        NA 2.48 2.31    0.64
430       175        4            2        NA        NA 2.26 2.19    0.65
431       144        4            2        NA        NA 2.33 2.35    0.70
432       147        4            2        NA        NA 2.35 2.49    0.60
# 2025-11-29 04:29:05 -03: Testing results (column number is configuration ID in no particular order):
         seeds            1            2            3            4            5
1t  1540392102 7.408885e-01 1.360082e+00 1.066794e+00 1.604646e+00 1.431063e+00
2t   645934034 3.440178e+06 1.425057e+07 2.758422e+07 5.377656e+06 7.944577e+06
3t   350081999 1.292048e+06 1.998930e+06 1.680605e+06 2.373817e+06 2.377991e+06
4t   546986211 1.713952e+05 1.182566e+05 1.952175e+05 1.438689e+05 1.384794e+05
5t  1565564671 5.349537e+01 5.670343e+01 3.057165e+01 5.246965e+01 4.425502e+01
6t  1625568356 2.152019e+01 8.843143e+01 1.326071e+02 4.354773e+02 3.733712e+02
7t   729197985 1.816504e+04 8.322658e+03 8.416169e+03 4.687670e+03 8.455281e+03
8t   266068822 4.586000e+00 6.227957e+00 5.957190e+00 6.562702e+00 6.225575e+00
9t   268053177 3.349807e+02 2.840061e+02 3.054154e+02 2.930808e+02 3.182276e+02
10t  771481612 2.465088e+01 2.783607e+01 2.567318e+01 2.951978e+01 2.940958e+01
11t  470469888 3.358922e+02 2.713383e+02 3.079351e+02 3.178837e+02 3.488955e+02
12t  953891214 2.332519e+04 2.724717e+04 1.807379e+04 2.045221e+04 1.765976e+04
13t 1826025159 2.019117e+01 1.993790e+01 2.031791e+01 1.980411e+01 2.024562e+01
14t  537379683 2.109607e+01 2.092825e+01 2.104298e+01 2.117522e+01 2.114096e+01
15t 1758646057 1.397787e+02 8.135730e+04 3.233943e+02 2.225292e+02 2.136570e+02
16t 1395756451 4.925346e+01 5.541294e+01 4.777305e+01 4.922036e+01 4.921795e+01
17t 1156722241 7.163328e+02 1.472084e+02 1.172891e+01 9.685145e-02 5.390895e-02
18t  877502435 8.099561e-01 9.710292e-01 9.666102e-01 9.707388e-01 9.738413e-01
19t 2092180581 2.636489e+03 6.930009e+02 7.008095e+02 6.174853e+02 6.643409e+02
20t 1146368630 5.608833e+02 3.382581e+02 5.431346e+02 5.346225e+02 5.032923e+02
21t  951603797 3.779987e+04 2.804777e+04 2.815547e+04 3.374491e+04 3.288329e+04
22t  868591051 3.550729e+04 2.858857e+04 2.891543e+04 3.479075e+04 3.432664e+04
23t  933819084 7.510482e+01 6.155151e+01 5.168044e+01 4.415954e+01 6.682916e+01
24t 1513909396 9.188637e-01 1.085516e+00 1.393079e+00 2.972957e+00 3.138020e+00
25t  445746564 5.799152e-01 4.482000e-01 5.934863e-01 7.299053e-01 6.978779e-01
26t 1378344459 2.757966e-01 3.135249e-01 3.152320e-01 3.035714e-01 2.828097e-01
27t 2101600737 4.770291e+01 1.039981e+02 1.441495e+02 6.861950e+01 6.062967e+01
28t 1166005892 1.380960e+02 5.172210e+05 3.084767e+02 2.415500e+02 2.246726e+02
29t  884725524 4.687865e+02 3.721189e+02 4.575846e+02 3.992014e+02 3.466208e+02
30t  511701595 1.381470e+01 1.197805e+01 1.386247e+01 1.214623e+01 1.590085e+01
31t 1404345101 1.064309e+02 2.085658e+02 2.614658e+02 1.707122e+02 1.284243e+02
32t 1561253451 3.736719e+02 3.689939e+02 8.266918e+03 3.295267e+02 4.339324e+02
33t  271839660 1.736170e+02 1.549209e+02 1.302322e+02 1.204076e+02 1.281924e+02
34t  933154600 3.024729e+01 2.790278e+01 3.334778e+01 2.836475e+01 2.750015e+01
35t  578858187 1.445155e+04 1.348680e+04 1.309236e+04 1.289568e+04 1.306561e+04
36t 1164165758 1.276911e+05 2.358517e+05 2.534802e+05 1.829649e+05 2.035056e+05
37t 1910337841 6.351513e+01 6.062753e+01 5.364709e+01 6.207611e+01 6.334089e+01
38t  349684261 2.549855e+05 2.507152e+05 3.824505e+05 1.626203e+05 1.794056e+05
39t 1555573180 5.218993e+00 5.748097e+00 5.408204e+00 5.790070e+00 7.167365e+00
40t  589040965 1.010330e+03 9.843340e+01 8.458720e+01 1.902113e+02 2.982935e+02
41t 1928065993 4.464382e+02 4.491058e+02 4.480245e+02 4.501326e+02 4.504769e+02
42t 1752351923 3.493261e+02 3.532988e+02 4.232969e+02 2.906160e+02 3.071815e+02
43t  975927596 3.949862e+02 4.335958e+02 5.586569e+02 3.965392e+02 4.371296e+02
44t 1772897253 9.290543e+02 1.006214e+03 9.301649e+02 9.605984e+02 9.546927e+02
45t  166272557 9.288295e+02 9.412430e+02 9.374990e+02 9.564981e+02 9.559790e+02
46t 1950228244 9.306522e+02 9.513024e+02 1.001375e+03 9.580563e+02 9.597693e+02
47t 1425958933 1.220190e+03 5.460267e+02 5.376532e+02 5.552981e+02 5.503549e+02
48t 1845676123 1.280302e+03 9.979705e+02 1.022094e+03 9.893074e+02 1.043218e+03
49t 1437296805 7.160376e+02 5.593459e+02 1.020515e+03 5.735564e+02 5.679899e+02
50t 1252909600 1.364572e+03 1.247761e+03 1.228434e+03 1.279592e+03 1.295048e+03
               6            7            8            9           10
1t  7.942385e+00 8.977125e-01 1.826989e+00 1.396630e+00 7.084861e-01
2t  4.828670e+07 1.013592e+07 5.212183e+06 5.494976e+06 2.416156e+06
3t  2.083936e+08 1.228291e+06 2.795062e+06 2.088784e+06 1.005036e+06
4t  1.640714e+05 1.635064e+05 1.302232e+05 1.241610e+05 1.278753e+05
5t  5.425862e+01 4.024344e+01 2.512997e+01 2.483216e+01 4.552764e+01
6t  2.697234e+02 4.181124e+01 1.074036e+02 7.193425e+00 4.042362e+00
7t  2.005225e+04 9.222354e+03 2.250360e+03 5.472697e+04 1.820616e+04
8t  4.856160e+00 5.223078e+00 7.497077e+00 6.821253e+00 1.151611e+02
9t  3.196110e+02 3.459559e+02 2.402726e+02 4.434691e+02 4.095380e+02
10t 2.198782e+01 2.546891e+01 3.153246e+01 3.055077e+01 2.223648e+01
11t 2.860235e+02 3.299998e+02 2.560572e+02 3.372783e+02 4.042911e+02
12t 3.245363e+04 1.924911e+04 4.586831e+03 3.438093e+03 1.325007e+04
13t 1.990010e+01 2.029736e+01 1.821040e+00 2.064218e+01 2.056980e+01
14t 2.103777e+01 2.096270e+01 2.118346e+01 2.116748e+01 2.120368e+01
15t 3.392455e+02 6.784320e+03 5.211189e+02 2.039795e+02 1.089589e+02
16t 8.615397e+01 7.535778e+01 4.931790e+01 4.917131e+01 4.924844e+01
17t 6.117060e+01 1.425772e+01 5.675148e-02 5.109077e-02 3.756623e+02
18t 9.990929e-01 8.465603e-01 9.919242e-01 9.682738e-01 7.257247e-01
19t 1.214248e+03 1.010119e+03 4.250222e+02 1.130036e+03 2.922794e+03
20t 3.985556e+02 4.493134e+02 3.381638e+02 6.475379e+02 8.642139e+02
21t 2.833284e+04 2.865676e+04 3.192174e+04 2.931970e+04 3.649395e+04
22t 2.989453e+04 2.883446e+04 3.357900e+04 3.017740e+04 3.561059e+04
23t 5.912877e+01 6.262925e+01 5.710864e+01 7.152717e+01 8.291205e+01
24t 9.342873e-01 7.652613e-01 1.323755e+00 9.921631e-01 2.903395e+00
25t 5.402475e-01 6.457295e-01 6.430963e-01 6.353313e-01 5.651607e-01
26t 3.569085e-01 2.796345e-01 2.455493e-01 2.986925e-01 3.154679e-01
27t 1.200281e+02 8.669094e+01 7.923622e+01 9.932927e+01 7.214875e+01
28t 7.604373e+05 2.350315e+02 2.651712e+02 2.583284e+02 1.559889e+02
29t 4.119827e+02 3.733116e+02 3.561398e+02 5.405013e+02 4.509520e+02
30t 1.175900e+01 1.164004e+01 1.229533e+01 1.283881e+01 1.073872e+01
31t 2.494049e+02 2.186263e+02 1.613830e+02 1.832035e+02 1.398276e+02
32t 3.949883e+02 4.794840e+02 4.060104e+02 5.797141e+02 3.886672e+02
33t 1.386440e+02 1.766915e+02 1.004514e+02 1.688357e+02 1.723230e+02
34t 2.899813e+01 3.787388e+01 2.757519e+01 3.985157e+01 3.936500e+01
35t 1.333509e+04 1.388736e+04 1.258148e+04 1.335223e+04 1.481932e+04
36t 3.039214e+05 1.871204e+05 2.582345e+05 2.770022e+05 1.335428e+05
37t 6.095346e+01 5.842475e+01 6.241139e+01 7.473762e+01 7.021353e+01
38t 2.750534e+05 4.318091e+05 2.099264e+05 4.298022e+05 2.725239e+05
39t 1.376935e+01 7.065062e+00 5.714919e+00 4.697709e+00 4.892423e+00
40t 3.238399e+02 1.278874e+02 6.431518e+01 5.244098e+01 6.486692e+02
41t 4.461943e+02 4.443145e+02 4.518075e+02 6.471668e+02 6.288852e+02
42t 3.961164e+02 3.955951e+02 3.041654e+02 3.391048e+02 3.540906e+02
43t 5.693991e+02 5.483124e+02 4.382556e+02 4.341600e+02 4.284845e+02
44t 1.002031e+03 9.401317e+02 9.305546e+02 9.873816e+02 9.248355e+02
45t 9.894179e+02 9.392321e+02 9.855678e+02 9.909798e+02 9.258555e+02
46t 9.353129e+02 9.579669e+02 9.787366e+02 9.312678e+02 9.259519e+02
47t 1.208629e+03 8.914992e+02 5.700051e+02 5.544674e+02 1.198984e+03
48t 1.011819e+03 1.156073e+03 9.734545e+02 1.182071e+03 1.413058e+03
49t 1.205441e+03 1.192832e+03 5.842310e+02 5.857363e+02 1.224836e+03
50t 1.298459e+03 1.294620e+03 1.212830e+03 1.228470e+03 1.340779e+03
              11           12           13           14           15
1t  7.606709e-01 9.274052e-01 7.197148e-01 7.346850e-01 7.845904e-01
2t  5.622814e+06 3.270677e+06 3.866716e+06 3.373703e+06 6.719753e+06
3t  1.224130e+06 1.316680e+06 1.187279e+06 1.065016e+06 1.281016e+06
4t  1.089806e+05 8.933213e+04 1.349724e+05 1.267997e+05 1.090323e+05
5t  4.306239e+01 9.530579e+00 3.098524e+01 3.082390e+01 4.276328e+01
6t  1.235901e+01 3.971463e+00 4.042984e+00 1.992476e+00 5.836515e+00
7t  8.061710e+03 4.727055e+03 1.305514e+04 1.534012e+04 9.362789e+03
8t  5.135507e+00 5.134067e+00 4.585787e+00 4.785619e+00 4.812287e+00
9t  3.163001e+02 3.106690e+02 3.509502e+02 3.442520e+02 3.320747e+02
10t 2.351381e+01 2.294063e+01 2.058891e+01 2.309262e+01 2.105866e+01
11t 3.106823e+02 3.128566e+02 3.509396e+02 3.146848e+02 2.837397e+02
12t 1.805847e+04 1.005144e+04 1.047295e+04 8.102262e+03 1.558378e+04
13t 2.018737e+01 2.005986e+01 2.011171e+01 2.028208e+01 1.996656e+01
14t 2.086649e+01 2.116104e+01 2.079321e+01 2.079774e+01 2.116686e+01
15t 1.240096e+02 1.438504e+02 5.015858e+02 1.121608e+02 1.195820e+02
16t 1.026741e+02 4.616756e+01 9.770458e+01 1.003580e+02 4.709226e+01
17t 2.647782e+00 1.605623e-01 6.455031e-02 1.490475e-01 1.654452e-01
18t 8.188968e-01 8.613945e-01 8.065637e-01 7.786350e-01 8.495628e-01
19t 8.186499e+02 8.282964e+02 9.880377e+02 1.480909e+03 8.757678e+02
20t 4.684831e+02 4.763390e+02 4.940484e+02 6.064104e+02 4.125679e+02
21t 2.878062e+04 2.887086e+04 2.960514e+04 3.022970e+04 2.798017e+04
22t 2.878979e+04 2.964815e+04 3.055068e+04 3.089451e+04 2.914241e+04
23t 6.108976e+01 6.730652e+01 6.418041e+01 6.897096e+01 5.956528e+01
24t 5.320630e-01 7.058995e-01 4.805372e-01 3.020604e-01 1.101522e+00
25t 8.684771e-01 6.999674e-01 8.645502e-01 6.556149e-01 7.743681e-01
26t 6.966985e-01 2.871666e-01 3.693536e-01 8.149250e-01 3.787229e-01
27t 1.163313e+02 1.125749e+02 1.324171e+02 1.589874e+02 9.248172e+01
28t 2.179144e+02 2.128615e+02 2.454166e+02 6.308182e+02 6.151211e+02
29t 3.810425e+02 3.820680e+02 3.641638e+02 4.142726e+02 3.869406e+02
30t 9.772762e+00 9.266194e+00 7.117687e+00 9.256917e+00 9.232297e+00
31t 2.398413e+02 2.426423e+02 2.072800e+02 3.227119e+02 2.529904e+02
32t 3.491648e+02 5.419979e+02 9.882742e+02 5.225453e+02 4.744909e+02
33t 1.513873e+02 1.240751e+02 1.683145e+02 1.751113e+02 1.406876e+02
34t 2.501558e+01 2.970615e+01 4.375763e+01 4.327726e+01 2.886358e+01
35t 1.313423e+04 1.403823e+04 1.356787e+04 1.407209e+04 1.360860e+04
36t 1.796196e+05 3.389225e+05 1.961487e+05 2.014396e+05 2.357475e+05
37t 5.773614e+01 6.946631e+01 6.596704e+01 6.161205e+01 5.983543e+01
38t 4.200397e+05 4.344941e+05 3.381929e+05 4.373946e+05 3.454977e+05
39t 7.688131e+00 5.451744e+00 6.889802e+00 5.975319e+00 7.700036e+00
40t 1.803514e+02 6.011374e+01 1.436701e+02 1.186165e+02 1.516140e+02
41t 4.463929e+02 5.838801e+02 6.309794e+02 7.169045e+02 4.457982e+02
42t 4.525075e+02 3.752698e+02 3.835710e+02 4.041020e+02 3.707862e+02
43t 4.326251e+02 4.308799e+02 4.440760e+02 5.270544e+02 4.661640e+02
44t 9.344443e+02 9.374715e+02 9.393540e+02 9.389289e+02 9.282670e+02
45t 9.271310e+02 9.346472e+02 1.182990e+03 9.947831e+02 9.317059e+02
46t 9.309703e+02 9.397816e+02 9.380433e+02 1.149003e+03 9.272090e+02
47t 5.275822e+02 8.962386e+02 1.041022e+03 5.275412e+02 5.300763e+02
48t 1.235619e+03 1.234695e+03 1.186008e+03 1.239569e+03 1.115536e+03
49t 5.518043e+02 9.112113e+02 5.518036e+02 9.039795e+02 9.105307e+02
50t 1.262644e+03 1.270301e+03 1.357933e+03 1.315579e+03 1.263703e+03
              16           17           18           19           20
1t  1.027622e+00 9.722519e-01 7.851589e-01 7.653689e-01 6.898239e-01
2t  1.007909e+07 4.565405e+06 5.934381e+06 7.069430e+06 5.195538e+06
3t  1.392905e+06 1.612316e+06 1.371598e+06 1.205327e+06 1.234939e+06
4t  1.331855e+05 1.227710e+05 1.449928e+05 1.471277e+05 1.480328e+05
5t  5.207943e+01 3.479939e+01 5.569611e+01 2.092649e+01 4.251170e+01
6t  9.867446e+01 9.647007e+00 7.857813e+01 9.408978e+00 1.314149e+01
7t  6.983924e+03 5.076781e+03 6.195049e+03 6.664701e+03 6.614854e+03
8t  5.591955e+00 4.833633e+00 5.020153e+00 5.182169e+00 5.085484e+00
9t  3.318623e+02 3.228803e+02 3.098905e+02 3.381276e+02 3.194272e+02
10t 2.547669e+01 2.245728e+01 2.574305e+01 2.507365e+01 2.259636e+01
11t 3.107425e+02 3.024470e+02 3.354670e+02 3.039933e+02 3.350520e+02
12t 1.977533e+04 1.426872e+04 1.912477e+04 7.498575e+03 1.472515e+04
13t 2.010053e+01 2.006685e+01 2.011525e+01 2.029270e+01 2.012675e+01
14t 2.093294e+01 2.100485e+01 2.094734e+01 2.095388e+01 2.081139e+01
15t 3.112623e+02 2.464045e+03 1.405016e+02 1.317988e+02 1.301662e+02
16t 4.766899e+01 4.718367e+01 4.806426e+01 4.717304e+01 4.925704e+01
17t 2.719831e+01 8.345338e-01 1.964683e+01 2.625645e+00 3.038707e+00
18t 9.099950e-01 8.928585e-01 8.179403e-01 8.971209e-01 7.571223e-01
19t 5.580302e+02 5.227220e+02 7.127200e+02 6.571018e+02 7.207337e+02
20t 4.654648e+02 3.846943e+02 4.374150e+02 3.996617e+02 5.152516e+02
21t 2.890516e+04 2.882050e+04 2.788330e+04 2.906488e+04 2.831345e+04
22t 2.949574e+04 2.934477e+04 2.857791e+04 2.889759e+04 2.857717e+04
23t 6.005956e+01 6.514506e+01 6.139999e+01 6.259667e+01 6.252916e+01
24t 8.792166e-01 1.037064e+00 1.137936e+00 5.757245e-01 6.882441e-01
25t 9.970034e-01 7.781218e-01 8.345490e-01 7.844354e-01 6.517059e-01
26t 3.398558e-01 3.741156e-01 3.736425e-01 3.427789e-01 3.123623e-01
27t 9.136683e+01 1.103554e+02 1.065823e+02 1.268242e+02 9.255711e+01
28t 2.275563e+02 4.310716e+02 2.037938e+02 2.148628e+02 3.101664e+02
29t 3.971276e+02 3.727028e+02 4.101297e+02 4.040863e+02 3.337581e+02
30t 1.022702e+01 1.194466e+01 8.299948e+00 8.792321e+00 8.947374e+00
31t 1.769759e+02 2.383628e+02 1.776979e+02 2.364659e+02 1.712090e+02
32t 4.919151e+02 4.600700e+02 4.220531e+02 1.521258e+03 4.071179e+02
33t 1.346121e+02 1.327187e+02 1.223875e+02 1.382617e+02 1.614878e+02
34t 2.655387e+01 3.919798e+01 2.371415e+01 2.464235e+01 1.873490e+01
35t 1.369074e+04 1.348877e+04 1.337392e+04 1.507412e+04 1.420251e+04
36t 1.552534e+05 4.436651e+05 1.591191e+05 1.972055e+05 1.663708e+05
37t 5.674897e+01 6.154104e+01 5.882528e+01 5.540931e+01 5.722330e+01
38t 2.897447e+05 4.397277e+05 2.049894e+05 3.255704e+05 2.597620e+05
39t 5.726756e+00 5.888150e+00 5.303310e+00 6.564853e+00 6.732241e+00
40t 1.424030e+02 8.341252e+01 1.961970e+02 9.527227e+01 1.653270e+02
41t 4.454716e+02 4.468762e+02 4.464860e+02 4.473696e+02 4.459467e+02
42t 2.842056e+02 3.448142e+02 3.671611e+02 3.520194e+02 3.505090e+02
43t 4.355915e+02 4.328650e+02 5.290361e+02 4.718891e+02 4.323934e+02
44t 9.284938e+02 9.366687e+02 9.297059e+02 9.332882e+02 9.304604e+02
45t 9.364836e+02 9.355334e+02 9.323843e+02 9.325329e+02 9.374243e+02
46t 9.334783e+02 9.343587e+02 9.327426e+02 9.294395e+02 9.263155e+02
47t 5.310081e+02 5.349776e+02 5.278053e+02 5.294083e+02 8.906587e+02
48t 1.001809e+03 1.017887e+03 1.120410e+03 1.080031e+03 1.117756e+03
49t 1.024951e+03 1.020524e+03 5.565002e+02 5.524570e+02 1.028942e+03
50t 1.224258e+03 1.213506e+03 1.275837e+03 1.255806e+03 1.274603e+03
              21           22           23           24           25
1t  8.022608e-01 8.220450e-01 8.270493e-01 3.185504e+00 1.061470e+00
2t  5.805405e+06 6.551554e+06 2.340368e+06 1.175614e+07 3.809135e+06
3t  1.265780e+06 1.063951e+06 1.280475e+06 4.353254e+06 1.741501e+06
4t  1.335243e+05 1.542551e+05 1.016439e+05 1.490275e+05 1.206555e+05
5t  4.981020e+01 4.530919e+01 1.833444e+01 5.341273e+01 2.186073e+01
6t  1.300835e+01 9.520865e+01 3.087011e+00 7.985037e+02 5.415090e+00
7t  6.934119e+03 7.171679e+03 5.208746e+03 5.755649e+03 1.467205e+04
8t  4.801779e+00 5.090481e+00 4.994638e+00 1.014013e+01 5.749436e+00
9t  3.206475e+02 3.076138e+02 3.217885e+02 3.056456e+02 3.758626e+02
10t 2.091778e+01 2.507852e+01 2.464251e+01 3.788532e+01 3.004405e+01
11t 3.142316e+02 3.005424e+02 3.095329e+02 3.113376e+02 3.496045e+02
12t 1.804065e+04 1.897747e+04 1.098528e+04 1.821353e+04 1.198126e+04
13t 2.010866e+01 2.007047e+01 2.009836e+01 2.008864e+01 2.038696e+01
14t 2.092446e+01 2.087617e+01 2.092232e+01 2.118839e+01 2.088999e+01
15t 2.063222e+02 1.599680e+02 4.845631e+02 4.895733e+02 1.520101e+02
16t 4.838358e+01 4.820160e+01 4.707912e+01 4.934727e+01 4.573262e+01
17t 1.306349e+00 3.089347e+01 4.281487e-02 1.240844e-01 3.717872e-02
18t 8.199228e-01 8.438039e-01 8.173653e-01 1.050404e+00 9.290053e-01
19t 1.278451e+03 6.235686e+02 6.333066e+02 6.692716e+02 6.411242e+02
20t 4.653459e+02 4.365724e+02 4.982078e+02 4.916098e+02 7.331387e+02
21t 2.807452e+04 2.826670e+04 2.968250e+04 3.455903e+04 2.972317e+04
22t 2.926353e+04 2.910926e+04 2.830244e+04 3.512666e+04 3.011467e+04
23t 6.420052e+01 5.850555e+01 5.992325e+01 5.297121e+01 7.052343e+01
24t 9.868407e-01 5.364288e-01 7.171231e-01 3.470654e+00 9.648058e-01
25t 9.578585e-01 9.020727e-01 8.093567e-01 5.750567e-01 7.052495e-01
26t 7.486662e-01 3.189580e-01 3.541633e-01 3.082551e-01 3.938032e-01
27t 9.007561e+01 9.380798e+01 1.194963e+02 7.447768e+01 1.040705e+02
28t 2.285672e+02 2.225249e+02 3.113300e+02 3.212877e+02 2.624280e+02
29t 4.155196e+02 3.715955e+02 4.273336e+02 3.828264e+02 5.232249e+02
30t 1.131446e+01 2.110872e+01 2.196506e+01 1.712101e+01 1.943943e+01
31t 2.919669e+02 1.593348e+02 2.134419e+02 1.413494e+02 3.096514e+02
32t 8.510906e+02 5.319898e+02 4.345390e+02 3.303304e+02 4.783660e+02
33t 1.464605e+02 1.253940e+02 1.410613e+02 1.194035e+02 1.887466e+02
34t 2.508236e+01 2.677376e+01 2.692967e+01 3.427216e+01 4.541271e+01
35t 1.381010e+04 1.339293e+04 1.332341e+04 1.292880e+04 1.336308e+04
36t 2.846284e+05 2.326159e+05 3.955308e+05 3.591190e+05 2.481855e+05
37t 5.469928e+01 5.640845e+01 5.914851e+01 6.296942e+01 6.971434e+01
38t 4.320402e+05 2.646353e+05 3.907418e+05 2.009883e+05 5.487205e+05
39t 7.483872e+00 6.497854e+00 5.699339e+00 6.468458e+00 5.467394e+00
40t 1.209720e+02 2.101382e+02 7.483615e+01 8.329437e+01 6.422242e+01
41t 4.459395e+02 4.463962e+02 7.233349e+02 4.555601e+02 7.271446e+02
42t 4.948980e+02 3.879935e+02 4.325769e+02 3.302597e+02 6.287810e+02
43t 4.489666e+02 4.350463e+02 4.301152e+02 3.860402e+02 5.202282e+02
44t 9.342503e+02 9.321494e+02 9.298734e+02 9.352824e+02 9.395695e+02
45t 9.307419e+02 9.360347e+02 9.344741e+02 9.378629e+02 1.002685e+03
46t 9.305774e+02 9.299914e+02 1.106602e+03 9.352128e+02 9.341527e+02
47t 5.261835e+02 5.319761e+02 1.189000e+03 6.070465e+02 9.010694e+02
48t 1.166249e+03 1.099253e+03 1.121142e+03 9.882106e+02 1.415099e+03
49t 5.516652e+02 5.503314e+02 5.476746e+02 6.296704e+02 1.212445e+03
50t 1.317501e+03 1.257087e+03 1.263563e+03 1.253136e+03 1.359004e+03
              26           27           28           29           30
1t  1.669177e+00 2.254752e+00 2.044367e+01 1.529701e+00 1.954247e+00
2t  7.541745e+06 5.705101e+06 5.263675e+07 4.586762e+06 4.597470e+06
3t  2.940888e+06 2.926752e+06 1.017117e+07 2.349451e+06 2.817611e+06
4t  1.571836e+05 2.158395e+04 1.560283e+05 5.690120e+04 1.110921e+05
5t  3.838815e+01 1.052557e+01 5.660289e+01 1.856251e+00 8.581025e+00
6t  9.063855e+01 1.223725e+01 1.026210e+03 6.304218e+00 1.061400e+01
7t  1.232729e+04 4.756633e+03 7.532121e+03 5.416095e+03 1.022555e+04
8t  7.499021e+00 8.337022e+00 8.845111e+00 6.997986e+00 7.420033e+00
9t  3.111886e+02 3.086283e+02 2.820717e+02 2.876703e+02 3.915555e+02
10t 3.232542e+01 3.493598e+01 3.739607e+01 3.057961e+01 3.016885e+01
11t 3.008335e+02 3.233063e+02 3.000071e+02 2.792236e+02 3.389772e+02
12t 2.989913e+02 5.008972e+02 1.852774e+04 1.326789e+03 2.286982e+02
13t 1.989783e+01 2.068037e+01 1.969465e+01 2.014855e+01 2.061788e+01
14t 2.115284e+01 2.107189e+01 2.104964e+01 2.119640e+01 2.114194e+01
15t 2.063780e+02 7.854235e+03 3.044787e+03 3.553612e+02 4.886526e+02
16t 4.926321e+01 4.809554e+01 1.369653e+02 1.006712e+02 1.040142e+02
17t 2.078637e-01 6.794350e-02 1.763558e+02 4.685242e-02 4.448593e-02
18t 9.919843e-01 9.866875e-01 1.515050e+00 1.011116e+00 1.001907e+00
19t 5.640608e+02 6.734728e+02 6.593259e+02 6.517964e+02 7.023523e+02
20t 3.921314e+02 4.015718e+02 3.075432e+02 4.568845e+02 5.486584e+02
21t 2.839196e+04 2.794529e+04 2.836030e+04 2.812860e+04 2.898042e+04
22t 2.987450e+04 2.919350e+04 2.764574e+04 2.960921e+04 2.934374e+04
23t 5.970464e+01 3.867651e+01 5.755002e+01 4.633335e+01 6.733735e+01
24t 1.109735e+00 1.130506e+00 3.321140e+00 1.079260e+00 1.217111e+00
25t 5.275115e-01 5.938893e-01 5.951450e-01 5.115026e-01 3.966411e-01
26t 9.795906e-01 3.829242e-01 3.065684e-01 4.487378e-01 3.989368e-01
27t 1.329973e+02 1.308528e+02 1.130976e+02 1.199757e+02 9.898143e+01
28t 2.984626e+02 2.884879e+02 1.166532e+06 2.716255e+02 2.868098e+02
29t 3.857009e+02 4.025457e+02 3.678033e+02 4.231405e+02 3.772509e+02
30t 1.452791e+01 1.600748e+01 1.951541e+01 1.501335e+01 2.442835e+01
31t 2.987190e+02 2.379163e+02 2.106587e+02 2.725013e+02 2.157808e+02
32t 4.544852e+02 4.189262e+02 3.771539e+02 4.334237e+02 6.596943e+02
33t 1.488966e+02 1.381973e+02 1.245153e+02 1.442142e+02 1.717067e+02
34t 4.031737e+01 4.513876e+01 3.634651e+01 3.609123e+01 3.816622e+01
35t 1.270124e+04 1.287104e+04 1.316778e+04 1.321775e+04 1.362760e+04
36t 3.217590e+05 4.276163e+05 3.226721e+05 4.510470e+05 3.080872e+05
37t 5.903977e+01 5.987864e+01 6.226624e+01 5.802765e+01 6.397710e+01
38t 3.944640e+05 3.453141e+05 2.179164e+05 3.827971e+05 4.850504e+05
39t 5.766655e+00 6.228095e+00 6.558206e+00 6.258762e+00 4.581311e+00
40t 3.825233e+01 2.070667e+01 1.246042e+02 4.518901e+01 2.659867e+01
41t 4.509012e+02 4.516085e+02 4.549927e+02 4.502760e+02 6.654487e+02
42t 3.246561e+02 3.628701e+02 3.117561e+02 4.307817e+02 3.388467e+02
43t 4.627401e+02 4.385830e+02 4.428877e+02 4.334223e+02 4.196508e+02
44t 9.428284e+02 9.947513e+02 9.630254e+02 9.509582e+02 9.995464e+02
45t 9.333577e+02 9.396468e+02 9.959790e+02 1.004079e+03 9.907030e+02
46t 9.320538e+02 9.260826e+02 9.411985e+02 9.304049e+02 9.295151e+02
47t 9.195976e+02 1.028662e+03 5.884203e+02 5.495979e+02 5.656654e+02
48t 1.034234e+03 1.098828e+03 1.000337e+03 1.058637e+03 9.971823e+02
49t 5.788784e+02 5.968523e+02 1.021812e+03 9.384239e+02 5.982822e+02
50t 1.008843e+03 1.176561e+03 1.214303e+03 1.218674e+03 1.210716e+03
              31           32           33           34           35
1t  2.071796e+00 2.330834e+00 1.239802e+00 1.632912e+00 1.492470e+00
2t  2.976081e+06 4.006584e+07 5.953794e+06 5.887434e+06 5.104925e+06
3t  3.057711e+06 3.868766e+06 1.838981e+06 2.313115e+06 2.164828e+06
4t  7.589427e+04 1.476330e+05 1.434960e+05 1.113751e+05 1.229636e+05
5t  4.684058e+00 1.646438e+01 4.665851e+01 2.414591e+01 2.858171e+01
6t  1.866503e+01 7.650498e+02 5.737873e+01 4.752987e+01 8.868469e+01
7t  3.011306e+03 3.501008e+03 3.658613e+03 3.127927e+04 4.068483e+03
8t  8.033350e+00 7.577201e+00 6.273849e+00 7.062893e+00 6.571151e+00
9t  2.647859e+02 2.587666e+02 2.913908e+02 3.758351e+02 2.620291e+02
10t 3.340575e+01 3.015902e+01 2.854966e+01 3.273959e+01 3.099359e+01
11t 1.972179e+02 2.874934e+02 3.187032e+02 3.439164e+02 2.618805e+02
12t 2.015847e+02 2.514286e+02 1.094730e+04 1.646474e+02 2.289713e+02
13t 1.943169e+00 2.039698e+00 1.986816e+01 2.043684e+01 1.781528e+00
14t 2.115359e+01 2.104261e+01 2.120486e+01 2.115156e+01 2.100129e+01
15t 2.330373e+02 2.810367e+03 1.777487e+02 5.896804e+02 2.136829e+02
16t 4.751356e+01 4.780603e+01 4.920039e+01 1.008509e+02 4.844299e+01
17t 1.095450e-01 1.255210e+00 4.162695e-02 1.635804e+00 1.177913e+00
18t 9.977617e-01 1.049804e+00 9.119951e-01 1.002657e+00 9.702453e-01
19t 3.711458e+02 3.895142e+02 1.122223e+03 5.992203e+02 5.177495e+02
20t 3.092712e+02 2.665537e+02 4.485672e+02 6.022138e+02 2.569661e+02
21t 2.784723e+04 2.799714e+04 2.965628e+04 2.948145e+04 2.744528e+04
22t 2.886660e+04 2.808682e+04 3.476554e+04 3.017387e+04 2.835615e+04
23t 4.311068e+01 4.029365e+01 5.639129e+01 5.161293e+01 5.042185e+01
24t 7.445831e-01 6.139852e-01 3.372229e+00 6.714896e-01 7.157322e-01
25t 5.816248e-01 5.110516e-01 5.751884e-01 7.608061e-01 5.065915e-01
26t 3.618686e-01 3.569783e-01 2.977135e-01 7.509425e-01 7.948865e-01
27t 9.886021e+01 7.710546e+01 1.083691e+02 1.196728e+02 1.051509e+02
28t 3.131822e+02 2.772225e+02 2.365031e+02 3.015104e+02 2.535382e+02
29t 2.566049e+02 3.333354e+02 3.709001e+02 4.020054e+02 2.955916e+02
30t 1.112099e+01 1.222465e+01 1.013490e+01 1.465937e+01 1.267967e+01
31t 2.332324e+02 1.566544e+02 2.136463e+02 2.622216e+02 1.866597e+02
32t 5.463836e+02 3.450531e+02 3.357252e+02 7.577239e+02 3.825875e+02
33t 1.039006e+02 1.137556e+02 1.250931e+02 1.741064e+02 1.105864e+02
34t 3.503743e+01 2.551469e+01 3.026243e+01 3.338508e+01 3.057209e+01
35t 1.238722e+04 1.259983e+04 1.293755e+04 1.265072e+04 1.240253e+04
36t 3.851880e+05 2.959343e+05 3.026621e+05 3.165774e+05 2.776079e+05
37t 6.099105e+01 6.086652e+01 6.046032e+01 6.295299e+01 6.083608e+01
38t 4.049039e+05 3.074659e+05 2.232765e+05 6.271877e+05 2.674909e+05
39t 6.144643e+00 5.746070e+00 5.553333e+00 6.817487e+00 5.905310e+00
40t 2.215102e+01 3.796961e+01 1.117443e+02 3.236607e+01 5.126415e+01
41t 4.529706e+02 4.516520e+02 4.497810e+02 4.507775e+02 4.497413e+02
42t 2.783814e+02 3.233272e+02 3.285245e+02 3.249831e+02 3.030753e+02
43t 3.113269e+02 3.952668e+02 4.357967e+02 3.679962e+02 3.392203e+02
44t 9.309003e+02 9.331827e+02 9.348922e+02 9.240298e+02 9.237933e+02
45t 9.347697e+02 9.281552e+02 9.818956e+02 9.356815e+02 9.297581e+02
46t 9.245856e+02 9.294347e+02 9.949242e+02 9.287932e+02 9.354482e+02
47t 9.257197e+02 1.022087e+03 5.496032e+02 1.031054e+03 5.542973e+02
48t 9.793885e+02 9.918124e+02 1.031980e+03 1.013744e+03 9.778917e+02
49t 1.022923e+03 1.020643e+03 5.670524e+02 1.019991e+03 1.018639e+03
50t 9.154721e+02 1.187740e+03 1.233628e+03 1.222104e+03 1.076090e+03
              36           37           38           39           40
1t  1.729269e+00 1.562188e+00 2.704876e+00 1.833623e+00 1.334731e+00
2t  3.060631e+07 6.329552e+06 1.114883e+07 1.721521e+07 6.735869e+06
3t  2.866259e+06 2.382227e+06 3.811990e+06 2.435461e+06 1.931865e+06
4t  1.209271e+05 1.074796e+05 8.614181e+04 1.034049e+05 1.100304e+05
5t  5.642687e+00 2.240057e+01 1.408241e+00 5.124395e+00 1.499959e+01
6t  3.903281e+02 1.454372e+01 1.097203e+02 7.065590e+01 1.881043e+02
7t  2.876178e+03 3.570630e+03 2.351935e+03 3.321309e+03 4.451989e+03
8t  6.920513e+00 6.674420e+00 9.227154e+00 7.559287e+00 6.567355e+00
9t  2.823842e+02 2.823926e+02 2.029814e+02 2.315352e+02 2.720606e+02
10t 3.275986e+01 2.917799e+01 3.710250e+01 3.203930e+01 2.878321e+01
11t 2.503672e+02 2.813107e+02 1.775394e+02 2.406318e+02 2.771532e+02
12t 2.461959e+02 1.079387e+04 2.422145e+02 2.206972e+02 3.524605e+02
13t 1.836173e+00 1.983309e+01 2.178049e+00 1.896853e+00 1.566090e+00
14t 2.102579e+01 2.107536e+01 2.117954e+01 2.118155e+01 2.114725e+01
15t 2.707825e+02 1.775917e+02 3.488231e+02 4.193802e+03 1.997774e+02
16t 5.770973e+01 4.754698e+01 4.791228e+01 4.881781e+01 6.437190e+01
17t 2.821520e+00 2.423722e-01 1.784047e-01 8.333835e-02 4.903841e-01
18t 1.011430e+00 9.656500e-01 1.033357e+00 9.901450e-01 9.592115e-01
19t 4.989852e+02 5.231325e+02 3.608626e+02 4.427952e+02 5.053562e+02
20t 3.042634e+02 4.025884e+02 2.278899e+02 1.838437e+02 2.878851e+02
21t 2.756910e+04 2.891014e+04 2.715209e+04 2.705519e+04 2.741342e+04
22t 2.840484e+04 2.897311e+04 2.837594e+04 2.780624e+04 2.885193e+04
23t 5.595242e+01 5.759500e+01 4.752204e+01 4.924431e+01 4.762997e+01
24t 7.300949e-01 7.444091e-01 6.215461e-01 5.886837e-01 5.151632e-01
25t 4.719648e-01 9.733694e-01 6.354948e-01 7.097016e-01 5.465602e-01
26t 7.446612e-01 3.490327e-01 3.053004e-01 3.659884e-01 3.011157e-01
27t 8.455802e+01 1.169432e+02 9.132919e+01 9.635323e+01 9.048156e+01
28t 2.903554e+05 3.188026e+02 2.960115e+02 3.115766e+02 2.692925e+02
29t 3.087650e+02 3.413498e+02 2.468184e+02 2.861116e+02 3.164429e+02
30t 1.221846e+01 1.043197e+01 1.416289e+01 1.455471e+01 1.101835e+01
31t 1.834526e+02 2.574908e+02 2.036639e+02 2.169838e+02 1.788000e+02
32t 3.574262e+02 5.850219e+02 3.939844e+02 6.070760e+02 4.034685e+02
33t 1.028800e+02 1.202929e+02 1.142724e+02 8.914525e+01 1.118542e+02
34t 3.065926e+01 2.516195e+01 3.116703e+01 3.057764e+01 2.848132e+01
35t 1.272427e+04 1.281345e+04 1.249759e+04 1.297421e+04 1.262614e+04
36t 1.987769e+05 3.982226e+05 4.337379e+05 3.046374e+05 2.305560e+05
37t 6.263872e+01 6.205744e+01 5.871718e+01 5.965191e+01 6.044045e+01
38t 3.694123e+05 4.174164e+05 3.676060e+05 2.485620e+05 2.725873e+05
39t 5.779091e+00 6.219732e+00 6.201994e+00 5.809599e+00 5.786034e+00
40t 2.864284e+01 4.007524e+01 1.533395e+01 2.389171e+01 2.765383e+01
41t 4.512640e+02 4.509619e+02 4.542040e+02 4.518188e+02 4.500167e+02
42t 3.005861e+02 2.855414e+02 2.832882e+02 2.908730e+02 2.781371e+02
43t 4.447183e+02 3.520861e+02 3.167654e+02 3.608217e+02 3.513526e+02
44t 9.231704e+02 9.275471e+02 9.238308e+02 9.325767e+02 9.235186e+02
45t 9.314497e+02 9.482858e+02 9.282298e+02 9.370712e+02 9.342307e+02
46t 9.272823e+02 9.584652e+02 9.206752e+02 9.271665e+02 9.225111e+02
47t 1.025699e+03 1.027608e+03 1.020582e+03 1.025985e+03 1.026325e+03
48t 9.743827e+02 1.016476e+03 9.739373e+02 9.749542e+02 9.605368e+02
49t 1.019378e+03 1.020811e+03 1.020152e+03 1.018543e+03 1.024067e+03
50t 1.156326e+03 9.780239e+02 9.221735e+02 9.280479e+02 1.163773e+03
              41           42           43           44           45
1t  1.807167e+00 1.792346e+00 2.058229e+00 2.094274e+00 3.028441e+00
2t  1.385390e+07 9.915069e+06 1.473774e+07 8.262795e+06 1.345484e+07
3t  2.918314e+06 3.110537e+06 3.359346e+06 2.801704e+06 4.436489e+06
4t  8.820759e+04 1.116207e+05 9.111464e+04 1.092435e+05 7.926437e+04
5t  1.968311e+01 2.158010e+00 4.177321e+00 5.647752e+00 2.314860e+00
6t  3.629077e+02 1.476282e+02 1.548343e+02 9.121436e+01 4.012894e+02
7t  3.936086e+03 1.878079e+03 2.367240e+03 3.735424e+03 1.678352e+03
8t  7.032174e+00 7.248207e+00 8.393761e+00 7.670960e+00 9.264629e+00
9t  2.498170e+02 2.213923e+02 1.694685e+02 2.667746e+02 6.779907e+01
10t 3.245433e+01 3.287380e+01 3.409839e+01 3.395231e+01 3.741828e+01
11t 2.727194e+02 2.529770e+02 1.773740e+02 2.601103e+02 6.707246e+01
12t 2.828814e+02 2.161347e+02 2.293903e+02 1.906160e+02 2.333716e+02
13t 1.878351e+00 1.841258e+00 2.026434e+00 1.919665e+00 2.375462e+00
14t 2.110158e+01 2.110300e+01 2.121532e+01 2.105742e+01 2.117470e+01
15t 4.226140e+02 2.807325e+02 5.061427e+03 2.345777e+02 4.881903e+02
16t 4.799054e+01 4.806291e+01 4.726798e+01 4.814810e+01 4.951634e+01
17t 1.094984e+00 1.337184e-01 9.359495e-02 8.365006e-02 9.720141e-01
18t 1.007102e+00 9.653278e-01 9.960217e-01 9.730494e-01 1.053192e+00
19t 3.725102e+02 4.000654e+02 4.291530e+02 4.482620e+02 3.664546e+02
20t 2.720737e+02 2.808381e+02 2.094229e+02 2.116123e+02 1.538946e+02
21t 2.851481e+04 2.706337e+04 2.773019e+04 2.785292e+04 2.736741e+04
22t 2.898454e+04 2.830350e+04 2.769670e+04 2.711733e+04 2.735678e+04
23t 5.045221e+01 4.260716e+01 3.842111e+01 3.678337e+01 4.275218e+01
24t 4.266888e-01 9.463323e-01 7.207239e-01 6.122651e-01 6.902808e-01
25t 7.035781e-01 5.709046e-01 6.204742e-01 6.032969e-01 5.905938e-01
26t 3.257940e-01 3.351581e-01 4.005230e-01 7.707223e-01 3.890864e-01
27t 7.969544e+01 9.309043e+01 8.745932e+01 1.026180e+02 6.333284e+01
28t 2.794823e+02 2.382558e+02 2.993228e+02 2.695382e+02 3.603302e+02
29t 3.259225e+02 2.238948e+02 2.979465e+02 2.907923e+02 2.873962e+02
30t 1.268832e+01 1.180114e+01 1.268997e+01 1.380238e+01 1.454822e+01
31t 1.774215e+02 1.917249e+02 1.476126e+02 1.874461e+02 1.509941e+02
32t 3.714783e+02 3.819427e+02 3.165532e+02 4.120024e+02 3.218615e+02
33t 1.031845e+02 9.477440e+01 1.064977e+02 9.330379e+01 1.008457e+02
34t 2.682683e+01 2.640492e+01 3.034462e+01 2.813099e+01 3.261438e+01
35t 1.249476e+04 1.238141e+04 1.262548e+04 1.251483e+04 1.252909e+04
36t 2.742267e+05 3.702106e+05 2.498052e+05 1.977159e+05 3.765957e+05
37t 5.839397e+01 6.151770e+01 6.007746e+01 5.896163e+01 5.956460e+01
38t 2.916018e+05 2.683019e+05 3.138538e+05 2.744304e+05 3.405232e+05
39t 5.909483e+00 5.770115e+00 6.348316e+00 6.113869e+00 6.402716e+00
40t 2.393399e+01 1.741097e+01 1.573901e+01 2.489838e+01 2.178967e+01
41t 4.512989e+02 4.512772e+02 4.525738e+02 4.520325e+02 4.550633e+02
42t 3.114622e+02 2.795371e+02 2.839965e+02 2.876340e+02 2.669515e+02
43t 4.403388e+02 3.182457e+02 4.425308e+02 4.408428e+02 3.624603e+02
44t 9.300216e+02 9.283222e+02 9.355379e+02 9.229148e+02 9.210935e+02
45t 9.273819e+02 9.331927e+02 9.305124e+02 9.296007e+02 9.243093e+02
46t 9.284286e+02 9.278532e+02 9.248150e+02 9.332059e+02 9.231186e+02
47t 1.025043e+03 1.020634e+03 1.026430e+03 1.019434e+03 1.020900e+03
48t 9.214983e+02 9.713208e+02 9.678204e+02 9.404563e+02 9.154385e+02
49t 1.023929e+03 1.019586e+03 6.074734e+02 1.022481e+03 1.018319e+03
50t 1.226169e+03 9.494795e+02 9.591134e+02 9.301763e+02 9.314679e+02
              46           47           48           49           50
1t  2.913998e+00 4.655682e+00 8.955660e-01 1.623187e+00 1.359098e+00
2t  4.793955e+07 1.995625e+07 5.828767e+06 1.428453e+07 1.720708e+07
3t  7.213929e+07 7.850397e+06 1.543663e+06 2.587922e+06 3.310357e+06
4t  1.245685e+05 1.132064e+05 1.357383e+05 1.484932e+05 1.485865e+05
5t  4.728282e+01 6.724348e+00 4.542690e+01 6.147650e+01 4.492243e+01
6t  6.259996e+02 2.697319e+02 2.688806e+01 5.850077e+02 7.830648e+02
7t  3.874004e+03 1.449639e+03 4.749140e+03 8.623544e+03 5.563478e+03
8t  7.964270e+00 1.173512e+01 5.484326e+00 7.457850e+00 6.221508e+00
9t  2.989436e+02 2.913552e+02 3.185859e+02 3.715940e+02 2.946547e+02
10t 3.417479e+01 4.504734e+01 2.644999e+01 3.014379e+01 2.841016e+01
11t 2.547974e+02 2.743477e+02 3.048500e+02 3.551787e+02 2.943320e+02
12t 8.032121e+03 4.029828e+02 2.304530e+02 2.699993e+04 1.130136e+04
13t 2.004079e+01 2.631333e+00 2.011265e+01 2.042639e+01 1.769265e+00
14t 2.114030e+01 2.112685e+01 2.084392e+01 2.115850e+01 2.118999e+01
15t 3.561887e+03 1.038943e+03 1.683534e+02 4.467067e+02 2.162873e+03
16t 8.538276e+01 4.920407e+01 4.716436e+01 4.928767e+01 4.720062e+01
17t 4.059956e+00 1.582807e+00 2.406912e+00 4.061059e+00 2.414021e+00
18t 1.433093e+00 1.073766e+00 9.088965e-01 1.005031e+00 1.200828e+00
19t 5.853298e+02 4.298637e+02 5.942443e+02 1.064805e+03 5.124269e+02
20t 3.742725e+02 3.517363e+02 3.571160e+02 5.799824e+02 3.240870e+02
21t 2.697926e+04 2.877979e+04 2.833931e+04 3.520415e+04 2.696733e+04
22t 2.910396e+04 2.827849e+04 2.843988e+04 3.525455e+04 2.842052e+04
23t 4.928244e+01 4.490990e+01 5.653304e+01 5.709610e+01 5.244776e+01
24t 1.210313e+00 5.893597e-01 7.668700e-01 3.261335e+00 9.759464e-01
25t 6.994639e-01 6.477654e-01 8.126315e-01 5.511955e-01 7.131034e-01
26t 2.735204e-01 3.063346e-01 6.643849e-01 3.508984e-01 2.283851e-01
27t 1.002686e+02 1.320675e+02 1.018305e+02 6.400780e+01 6.860601e+01
28t 5.264746e+05 2.506392e+04 2.818004e+02 2.688079e+02 2.522953e+02
29t 3.840067e+02 3.163541e+02 4.340903e+02 4.553955e+02 3.697056e+02
30t 1.488217e+01 2.346132e+01 1.226249e+01 1.579381e+01 1.276442e+01
31t 1.458046e+02 2.394889e+02 1.997624e+02 1.524826e+02 1.504590e+02
32t 3.577456e+02 1.462854e+03 3.134781e+02 3.019532e+02 3.109552e+02
33t 1.406565e+02 9.962592e+01 1.441214e+02 1.442404e+02 1.009104e+02
34t 3.023043e+01 3.722802e+01 2.350836e+01 2.970853e+01 2.715583e+01
35t 1.262601e+04 1.256871e+04 1.337168e+04 1.364734e+04 1.255100e+04
36t 2.449307e+05 4.856071e+05 2.374432e+05 2.312502e+05 1.996900e+05
37t 6.291139e+01 6.232860e+01 5.612965e+01 6.341207e+01 5.898470e+01
38t 2.813037e+05 5.544660e+05 4.566992e+05 1.657520e+05 1.587331e+05
39t 7.616547e+00 5.772587e+00 6.565345e+00 5.754499e+00 1.477490e+01
40t 5.721123e+01 1.353548e+01 7.286468e+01 5.219859e+02 5.711460e+01
41t 4.519105e+02 4.606450e+02 4.481745e+02 4.515162e+02 4.496117e+02
42t 3.277251e+02 2.907733e+02 4.272311e+02 3.514087e+02 3.832687e+02
43t 4.057915e+02 2.944172e+02 4.352962e+02 4.447406e+02 4.141065e+02
44t 9.738146e+02 9.277185e+02 9.322156e+02 9.578237e+02 9.409846e+02
45t 9.444488e+02 9.245895e+02 9.307975e+02 9.475171e+02 9.442433e+02
46t 9.683222e+02 9.321483e+02 9.383772e+02 9.602875e+02 9.508408e+02
47t 5.731379e+02 1.022163e+03 5.365372e+02 1.200937e+03 5.554722e+02
48t 1.021794e+03 9.261434e+02 9.896395e+02 1.080118e+03 9.847189e+02
49t 1.024213e+03 1.024834e+03 1.029196e+03 5.759470e+02 1.023733e+03
50t 1.213217e+03 9.365668e+02 1.237675e+03 1.306311e+03 1.233500e+03
              51           52           53           54           55
1t  2.814471e+00 1.178851e+00 1.408227e+00 1.324902e+00 1.725337e+00
2t  1.091457e+07 1.503210e+07 1.290980e+07 1.243513e+07 1.371986e+07
3t  4.796828e+06 1.422411e+06 2.329082e+06 1.921740e+06 2.397589e+06
4t  1.146113e+05 1.473860e+05 1.243225e+05 1.243301e+05 9.085392e+04
5t  1.656886e+01 3.023590e+01 9.239119e+00 1.849169e+01 1.721066e+01
6t  3.885858e+02 3.726275e+02 4.688441e+02 1.491351e+02 2.318598e+02
7t  3.590787e+03 3.802381e+03 3.988901e+03 4.910500e+03 2.917145e+03
8t  9.922758e+00 5.418957e+00 6.693461e+00 6.338441e+00 6.496457e+00
9t  1.876790e+02 2.964803e+02 2.611877e+02 2.837851e+02 2.380698e+02
10t 3.482777e+01 2.452462e+01 3.212391e+01 2.731175e+01 3.280146e+01
11t 1.772550e+02 2.927668e+02 2.663193e+02 2.709973e+02 2.598313e+02
12t 1.152764e+03 1.636601e+04 2.249755e+02 4.294410e+02 2.242537e+02
13t 2.304226e+00 1.388227e+00 1.753547e+00 1.316294e+00 1.749018e+00
14t 2.118979e+01 2.116953e+01 2.112211e+01 2.110747e+01 2.112329e+01
15t 3.822017e+02 1.548710e+02 2.071812e+02 2.053076e+02 2.010642e+02
16t 4.932316e+01 7.200311e+01 4.786202e+01 4.793906e+01 4.921915e+01
17t 1.108125e-01 1.163214e+00 7.747151e-02 1.899923e-01 9.144114e-02
18t 1.044961e+00 9.116720e-01 1.003656e+00 9.025498e-01 9.946652e-01
19t 3.984794e+02 4.575996e+02 4.059967e+02 4.219145e+02 4.790168e+02
20t 2.496939e+02 2.683566e+02 1.745268e+02 3.176636e+02 2.792426e+02
21t 2.973786e+04 2.807761e+04 2.824756e+04 2.815086e+04 2.821522e+04
22t 3.392104e+04 2.747791e+04 2.843362e+04 2.778135e+04 2.806168e+04
23t 4.651776e+01 5.253558e+01 4.671983e+01 5.721401e+01 4.916022e+01
24t 3.059568e+00 9.541625e-01 8.172903e-01 8.468147e-01 9.410114e-01
25t 5.782511e-01 5.161386e-01 5.851079e-01 8.068251e-01 5.753478e-01
26t 2.989018e-01 3.014356e-01 3.518106e-01 2.655294e-01 3.016684e-01
27t 3.805905e+01 8.403848e+01 8.370566e+01 8.856993e+01 7.934557e+01
28t 3.398294e+02 2.182989e+02 2.350861e+02 2.396070e+02 2.364501e+02
29t 3.044126e+02 3.509070e+02 2.687057e+02 2.538351e+02 2.626209e+02
30t 1.634663e+01 1.099485e+01 1.222502e+01 1.237990e+01 1.061620e+01
31t 7.238531e+01 1.852643e+02 1.766728e+02 1.965555e+02 1.742135e+02
32t 3.001301e+02 3.310592e+02 3.104582e+02 3.206184e+02 3.250547e+02
33t 9.714581e+01 9.711749e+01 1.094549e+02 1.048539e+02 1.036505e+02
34t 3.567289e+01 2.735695e+01 2.688197e+01 2.562067e+01 2.620380e+01
35t 1.241724e+04 1.269600e+04 1.250044e+04 1.243870e+04 1.250903e+04
36t 4.628559e+05 1.847853e+05 2.118920e+05 2.462103e+05 2.465062e+05
37t 6.174538e+01 5.904627e+01 5.896495e+01 5.850054e+01 6.179070e+01
38t 2.506807e+05 1.774080e+05 2.756786e+05 2.272767e+05 2.281921e+05
39t 6.268050e+00 5.433929e+00 5.745152e+00 6.846935e+00 5.972969e+00
40t 2.044293e+01 8.887880e+01 3.654132e+01 4.166917e+01 2.954661e+01
41t 4.563596e+02 4.480509e+02 4.496743e+02 4.491112e+02 4.502970e+02
42t 2.814460e+02 3.416010e+02 2.789691e+02 2.970522e+02 2.898569e+02
43t 3.633084e+02 4.448466e+02 4.248726e+02 4.291064e+02 3.769363e+02
44t 9.280427e+02 9.418806e+02 9.199402e+02 9.828812e+02 9.318563e+02
45t 9.318912e+02 9.358025e+02 9.353141e+02 9.272183e+02 9.310578e+02
46t 9.383267e+02 9.389808e+02 9.234013e+02 9.595625e+02 9.304535e+02
47t 6.063289e+02 8.981130e+02 1.031747e+03 1.020875e+03 1.025388e+03
48t 9.279761e+02 1.036431e+03 9.731752e+02 9.643716e+02 9.147463e+02
49t 6.299424e+02 1.021752e+03 1.023016e+03 1.018165e+03 1.019704e+03
50t 1.144335e+03 1.247457e+03 1.027572e+03 9.832421e+02 1.011430e+03
              56           57           58           59           60
1t  7.867063e-01 1.068833e+00 1.134263e+00 1.293716e+00 1.169321e+00
2t  1.581366e+07 9.644768e+06 6.239150e+06 9.265149e+06 1.086537e+07
3t  1.791380e+06 1.881965e+06 1.907877e+06 2.199468e+06 1.570238e+06
4t  1.294893e+05 9.810575e+04 1.211339e+05 1.155403e+05 1.071054e+05
5t  4.295249e+01 4.521159e+01 3.757213e+01 3.198129e+01 4.258421e+01
6t  4.358202e+02 1.657246e+02 3.841023e+01 2.077253e+02 2.605489e+02
7t  4.286439e+03 3.218705e+03 4.017925e+03 5.616580e+03 2.877264e+03
8t  5.086816e+00 6.263436e+00 5.920684e+00 6.670016e+00 5.547463e+00
9t  2.841416e+02 2.844670e+02 2.874809e+02 2.920865e+02 2.751451e+02
10t 2.784412e+01 2.654460e+01 2.954638e+01 3.180157e+01 2.686123e+01
11t 2.906304e+02 2.822746e+02 2.885908e+02 2.812953e+02 2.821384e+02
12t 1.153286e+04 2.823730e+02 1.189390e+04 3.333077e+02 2.567560e+03
13t 1.382165e+00 1.433231e+00 1.455680e+00 1.722420e+00 1.446915e+00
14t 2.115999e+01 2.104393e+01 2.106773e+01 2.116654e+01 2.103419e+01
15t 6.703777e+03 1.785841e+02 1.831927e+02 1.876762e+02 1.858126e+02
16t 5.851554e+01 4.720699e+01 4.776506e+01 4.931109e+01 1.018633e+02
17t 1.044647e+00 3.650946e-01 1.469718e+00 1.047162e+00 2.193424e-01
18t 9.462539e-01 9.424283e-01 8.750161e-01 9.729965e-01 9.243141e-01
19t 5.238572e+02 4.418498e+02 5.513327e+02 5.226348e+02 5.801033e+02
20t 3.145983e+02 3.492788e+02 3.482817e+02 3.391565e+02 2.866200e+02
21t 2.745628e+04 2.780591e+04 2.846987e+04 2.742086e+04 2.719228e+04
22t 2.856898e+04 2.868059e+04 2.812141e+04 2.941809e+04 2.891390e+04
23t 5.204057e+01 5.498196e+01 4.456343e+01 4.820273e+01 4.964915e+01
24t 6.307403e-01 7.137234e-01 8.189112e-01 1.104769e+00 6.137235e-01
25t 6.721357e-01 5.141811e-01 6.371474e-01 6.940989e-01 5.945055e-01
26t 2.813332e-01 3.617321e-01 3.487418e-01 3.208841e-01 2.881044e-01
27t 9.308799e+01 7.397665e+01 8.622411e+01 9.832778e+01 8.805677e+01
28t 2.453593e+02 2.496744e+02 2.457972e+02 2.716901e+02 2.277988e+02
29t 3.363872e+02 3.425703e+02 3.723238e+02 2.775794e+02 3.926029e+02
30t 1.066022e+01 1.178226e+01 1.102359e+01 1.066497e+01 1.116079e+01
31t 1.254629e+02 1.910572e+02 1.831086e+02 1.995373e+02 1.580458e+02
32t 3.255882e+02 5.321986e+02 5.874156e+02 3.267217e+02 3.048232e+02
33t 1.192286e+02 1.122542e+02 1.075907e+02 1.227849e+02 1.132333e+02
34t 2.606143e+01 2.650123e+01 2.488019e+01 2.588944e+01 2.425901e+01
35t 1.290088e+04 1.259140e+04 1.289323e+04 1.265604e+04 1.275167e+04
36t 2.074624e+05 2.395904e+05 2.391471e+05 2.254841e+05 1.918284e+05
37t 5.995316e+01 6.110600e+01 6.205956e+01 6.279831e+01 5.934406e+01
38t 2.145455e+05 2.805369e+05 2.816055e+05 2.016422e+05 2.148789e+05
39t 6.796486e+00 5.324432e+00 5.391259e+00 5.748079e+00 5.188706e+00
40t 5.437717e+01 6.149627e+01 6.566867e+01 6.091000e+01 7.172191e+01
41t 4.482640e+02 4.486658e+02 4.482259e+02 4.503209e+02 4.483239e+02
42t 3.509678e+02 3.157841e+02 2.982243e+02 3.571656e+02 3.796408e+02
43t 4.432457e+02 4.381336e+02 4.155526e+02 3.938819e+02 3.821254e+02
44t 9.350435e+02 9.420942e+02 9.412301e+02 9.484667e+02 9.381810e+02
45t 9.430699e+02 9.415392e+02 9.463235e+02 9.459266e+02 9.410485e+02
46t 9.463605e+02 9.304887e+02 9.449211e+02 9.321465e+02 9.314268e+02
47t 1.026542e+03 1.023779e+03 5.392902e+02 9.113693e+02 1.026608e+03
48t 1.005446e+03 1.003596e+03 1.008444e+03 9.878783e+02 9.847140e+02
49t 5.643278e+02 1.023656e+03 1.027280e+03 1.022719e+03 1.024438e+03
50t 1.250003e+03 1.162403e+03 1.097708e+03 1.043419e+03 1.215059e+03
              61           62           63           64           65
1t  1.139483e+00 9.116461e+01 1.776428e+00 3.490489e+00 2.781156e+00
2t  9.578619e+06 4.930559e+07 1.654093e+07 4.302264e+06 4.451613e+06
3t  1.813399e+06 1.292961e+08 2.550716e+06 5.148244e+06 3.391601e+06
4t  1.073453e+05 9.517473e+04 9.939919e+04 2.689555e+04 1.414081e+05
5t  2.807952e+01 1.095767e+01 4.503168e+01 5.837060e-01 5.186671e+01
6t  3.002317e+02 1.052998e+03 3.792589e+02 1.248983e+01 7.910924e+01
7t  4.780665e+03 2.624185e+03 4.415936e+03 6.030841e+03 6.404716e+03
8t  5.659688e+00 1.494711e+01 6.924102e+00 1.034424e+01 8.664595e+00
9t  2.932344e+02 1.171639e+02 3.116706e+02 3.906239e+02 3.792740e+02
10t 2.704846e+01 5.602973e+01 3.114646e+01 3.625466e+01 3.504663e+01
11t 2.677593e+02 1.634140e+02 3.014683e+02 3.449133e+02 3.931353e+02
12t 1.060106e+04 8.491120e+03 1.025290e+04 2.457183e+02 2.146297e+04
13t 1.977368e+01 3.336121e+00 1.766962e+00 2.067936e+01 2.066586e+01
14t 2.105997e+01 2.120920e+01 2.099922e+01 2.109101e+01 2.108764e+01
15t 1.598200e+02 8.402044e+04 2.897463e+02 4.261849e+02 2.858936e+02
16t 1.061497e+02 6.264668e+01 8.790479e+01 4.905988e+01 1.032641e+02
17t 1.605873e+00 2.449251e+00 8.453125e-01 1.033634e-01 3.369083e+02
18t 8.897420e-01 2.438787e+00 1.014822e+00 1.049845e+00 1.031155e+00
19t 5.703902e+02 4.207834e+02 4.065898e+02 5.351071e+02 9.425068e+02
20t 3.451463e+02 1.750368e+02 3.218308e+02 6.376278e+02 7.761485e+02
21t 2.757045e+04 2.812422e+04 2.719714e+04 2.942936e+04 3.605587e+04
22t 2.914861e+04 3.010383e+04 2.824471e+04 3.939120e+04 3.561765e+04
23t 5.563707e+01 4.624376e+01 5.085035e+01 8.875454e+01 7.585898e+01
24t 7.302139e-01 1.218629e+00 9.138504e-01 4.415652e+00 2.817332e+00
25t 5.253148e-01 3.951983e-01 6.981661e-01 6.477735e-01 6.170700e-01
26t 2.795801e-01 2.747963e-01 3.741905e-01 3.372911e-01 2.657378e-01
27t 7.787119e+01 1.276417e+02 8.091073e+01 8.095479e+01 5.685486e+01
28t 1.960294e+02 4.328350e+04 1.352047e+03 3.714817e+02 2.779168e+02
29t 3.120393e+02 2.996795e+02 2.673542e+02 3.712539e+02 4.434735e+02
30t 1.135183e+01 2.592774e+01 1.298767e+01 1.739270e+01 1.541002e+01
31t 1.622214e+02 2.568738e+02 1.680949e+02 2.179025e+02 1.185450e+02
32t 4.994620e+02 4.406204e+02 2.756229e+02 6.134390e+02 4.081043e+02
33t 1.274479e+02 1.148874e+02 1.082533e+02 1.343933e+02 1.413359e+02
34t 2.043326e+01 5.392794e+01 2.829267e+01 4.602688e+01 3.759138e+01
35t 1.276644e+04 1.247218e+04 1.282850e+04 1.281850e+04 1.279253e+04
36t 1.848887e+05 6.991810e+05 2.167865e+05 3.977936e+05 2.160910e+05
37t 5.974590e+01 6.010263e+01 5.971876e+01 7.286698e+01 6.355640e+01
38t 1.669113e+05 4.177797e+05 2.188590e+05 4.742877e+05 1.640753e+05
39t 5.312395e+00 7.703128e+01 6.080301e+00 6.059907e+00 5.143917e+00
40t 7.343476e+01 1.954985e+01 6.030990e+01 1.187521e+01 1.836699e+02
41t 4.482028e+02 4.723864e+02 4.501989e+02 6.249666e+02 4.544724e+02
42t 3.226606e+02 2.796154e+02 3.112825e+02 2.955119e+02 3.041000e+02
43t 4.427925e+02 3.082709e+02 3.407755e+02 4.421424e+02 3.528266e+02
44t 9.395700e+02 9.269425e+02 9.344357e+02 9.309380e+02 9.904721e+02
45t 9.339899e+02 9.269385e+02 9.355586e+02 9.870390e+02 9.804363e+02
46t 9.301796e+02 9.274905e+02 9.274872e+02 9.336038e+02 9.448026e+02
47t 1.026289e+03 1.026779e+03 5.585902e+02 5.981479e+02 5.931931e+02
48t 9.711636e+02 9.401205e+02 9.936960e+02 9.585252e+02 1.002419e+03
49t 1.022563e+03 1.023498e+03 5.790060e+02 6.304387e+02 6.118701e+02
50t 1.123183e+03 8.997203e+02 1.200773e+03 4.359120e+02 1.202426e+03
              66           67           68           69           70
1t  2.648224e+03 1.292078e+00 3.128720e+00 2.321689e+00 1.305618e+00
2t  1.342954e+08 6.382724e+06 5.231394e+07 8.232020e+06 7.154543e+06
3t  5.970940e+09 2.049511e+06 7.323958e+06 3.377556e+06 1.978529e+06
4t  1.212473e+05 1.066747e+05 1.239478e+05 1.210934e+05 1.454561e+05
5t  6.182425e+01 4.008569e+01 5.282888e+01 2.794060e+01 5.328335e+01
6t  1.564291e+03 7.562256e+00 5.490416e+02 3.294990e+02 2.268888e+02
7t  6.835327e+03 7.086072e+03 3.807363e+03 5.749852e+03 4.787869e+03
8t  9.213617e+00 6.035539e+00 8.193346e+00 8.177296e+00 6.236154e+00
9t  2.810919e+02 3.170383e+02 2.914140e+02 2.840162e+02 3.247853e+02
10t 3.057768e+01 2.714027e+01 3.458250e+01 3.533894e+01 2.803496e+01
11t 2.925715e+02 3.059699e+02 2.945861e+02 2.868776e+02 3.521495e+02
12t 3.232447e+04 9.773286e+03 2.002860e+04 7.513552e+03 1.317574e+04
13t 2.035282e+01 1.995650e+01 2.128936e+00 1.957466e+00 2.016349e+01
14t 2.113733e+01 2.100973e+01 2.113022e+01 2.116000e+01 2.110760e+01
15t 1.163068e+07 1.583303e+02 2.153753e+03 2.932246e+02 1.661206e+02
16t 2.255907e+02 4.907000e+01 6.007607e+01 4.931012e+01 1.033034e+02
17t 1.720843e+02 1.707117e+00 3.522335e+00 7.955992e-02 4.304018e-02
18t 3.930550e+01 9.118234e-01 1.108139e+00 1.024445e+00 9.536216e-01
19t 7.763991e+02 6.392823e+02 4.316715e+02 5.162880e+02 6.443588e+02
20t 3.068567e+02 4.137869e+02 3.951627e+02 4.175595e+02 4.698151e+02
21t 2.944706e+04 2.810714e+04 2.876033e+04 3.335036e+04 3.472311e+04
22t 2.880371e+04 2.914415e+04 2.914088e+04 3.493884e+04 3.510271e+04
23t 6.114828e+01 5.202867e+01 4.340726e+01 4.577137e+01 6.761372e+01
24t 1.379659e+00 9.315756e-01 6.870779e-01 3.622340e+00 2.595494e+00
25t 8.079845e-01 6.165786e-01 4.812676e-01 5.886397e-01 6.273992e-01
26t 3.075359e-01 3.457682e-01 2.976108e-01 2.794341e-01 2.615500e-01
27t 5.881019e+02 1.143865e+02 7.429354e+01 5.124273e+01 8.381412e+01
28t 6.069024e+06 2.585170e+02 9.177679e+04 3.086185e+02 2.269196e+02
29t 3.460642e+02 3.925958e+02 3.290386e+02 3.552701e+02 4.140139e+02
30t 1.471386e+01 1.535318e+01 1.395439e+01 1.323983e+01 1.417679e+01
31t 2.394300e+02 2.391926e+02 1.729492e+02 1.287843e+02 1.592331e+02
32t 4.325022e+02 4.062192e+02 3.790037e+02 3.260334e+02 4.194415e+02
33t 1.157267e+02 1.319093e+02 1.222391e+02 1.173142e+02 1.408996e+02
34t 3.550377e+01 2.537516e+01 3.041552e+01 2.986810e+01 2.839229e+01
35t 1.345057e+04 1.336568e+04 1.290654e+04 1.263749e+04 1.295473e+04
36t 2.648212e+05 2.437417e+05 2.407464e+05 2.303885e+05 1.936584e+05
37t 6.098098e+01 5.945782e+01 5.940690e+01 6.179584e+01 6.496241e+01
38t 3.073631e+05 3.349753e+05 2.788548e+05 1.900559e+05 1.708896e+05
39t 1.893580e+03 7.081246e+00 5.301416e+00 5.138222e+00 5.642285e+00
40t 2.254854e+02 5.464965e+01 5.834853e+01 6.214728e+01 4.083319e+02
41t 4.510693e+02 4.484840e+02 4.508451e+02 4.534465e+02 4.483881e+02
42t 3.207867e+02 3.666320e+02 2.915657e+02 3.029912e+02 3.087728e+02
43t 4.485031e+02 4.321269e+02 3.763768e+02 3.589178e+02 4.397962e+02
44t 9.970916e+02 9.347991e+02 9.411902e+02 9.617896e+02 9.508151e+02
45t 9.499444e+02 9.551573e+02 9.320191e+02 9.361489e+02 9.529189e+02
46t 9.447822e+02 9.349427e+02 9.337372e+02 9.848613e+02 9.993884e+02
47t 1.202660e+03 5.444841e+02 1.034088e+03 5.735600e+02 5.471877e+02
48t 1.081599e+03 1.025570e+03 9.854757e+02 9.718771e+02 1.011187e+03
49t 5.852323e+02 5.703257e+02 1.026998e+03 5.984034e+02 5.598042e+02
50t 1.284845e+03 1.205794e+03 1.233385e+03 1.228390e+03 1.291028e+03
              71           72           73           74           75
1t  2.888791e+00 1.022659e+02 4.168105e+03 1.481703e+00 1.541625e+00
2t  1.152825e+07 3.163034e+07 5.235970e+07 5.054854e+06 1.395332e+07
3t  5.717083e+06 8.973132e+07 1.934060e+09 2.391772e+06 2.435421e+06
4t  7.529251e+04 1.283514e+05 1.238392e+05 5.389792e+04 1.081869e+05
5t  1.480586e+01 2.907895e+01 5.076902e+01 2.036667e+01 4.707168e+01
6t  7.017584e+02 1.448878e+03 1.015963e+03 8.126973e+00 4.532713e+02
7t  1.758716e+03 4.917851e+03 4.207370e+03 4.292061e+03 4.355600e+03
8t  9.143724e+00 7.742561e+00 6.626079e+00 6.568448e+00 6.345498e+00
9t  2.772080e+02 2.652021e+02 2.833847e+02 2.933700e+02 2.732102e+02
10t 3.865013e+01 3.491417e+01 3.125266e+01 3.174015e+01 3.102972e+01
11t 2.662386e+02 2.934925e+02 2.887043e+02 3.488205e+02 3.034620e+02
12t 5.473159e+03 9.022413e+03 2.908120e+04 5.505719e+03 1.107458e+04
13t 2.365336e+00 2.436331e+00 1.979936e+01 2.045621e+01 2.007776e+01
14t 2.106772e+01 2.111537e+01 2.091544e+01 2.102766e+01 2.100242e+01
15t 6.363943e+02 2.515434e+05 8.140461e+07 2.255035e+02 2.588385e+04
16t 4.911240e+01 7.539018e+01 1.459400e+02 4.929755e+01 6.407406e+01
17t 9.689083e-01 3.881221e+00 9.895564e+01 4.307717e-02 3.555543e+00
18t 1.050577e+00 2.524875e+00 3.274387e+01 9.668967e-01 9.662577e-01
19t 4.399344e+02 5.324778e+02 8.228915e+02 7.110807e+02 4.578025e+02
20t 2.407396e+02 3.173556e+02 3.127529e+02 4.629723e+02 4.150720e+02
21t 2.727190e+04 2.828087e+04 2.731771e+04 2.983807e+04 2.770161e+04
22t 2.874089e+04 2.860138e+04 2.722555e+04 2.969975e+04 2.782908e+04
23t 4.730658e+01 5.219571e+01 4.939893e+01 5.022900e+01 5.237228e+01
24t 1.086562e+00 1.026918e+00 4.138752e-01 8.689144e-01 8.198201e-01
25t 6.447072e-01 5.040674e-01 6.704744e-01 4.810926e-01 5.526180e-01
26t 3.011279e-01 2.801705e-01 3.508748e-01 3.252473e-01 4.083719e-01
27t 6.668462e+01 8.427257e+01 5.672027e+02 1.264622e+02 8.141967e+01
28t 4.202537e+02 2.733199e+05 2.671226e+07 3.137227e+02 3.309975e+02
29t 2.997557e+02 3.212504e+02 2.915342e+02 3.136704e+02 3.650468e+02
30t 1.819743e+01 1.701000e+01 1.351804e+01 1.638522e+01 1.270934e+01
31t 1.613164e+02 1.640149e+02 2.059494e+02 2.426672e+02 1.868558e+02
32t 3.733950e+02 3.887663e+02 3.857504e+02 3.857347e+02 3.091345e+02
33t 1.057008e+02 1.163888e+02 1.037497e+02 1.489788e+02 1.080404e+02
34t 3.474484e+01 3.217678e+01 2.477340e+01 3.136246e+01 2.690162e+01
35t 1.258462e+04 1.244156e+04 1.339183e+04 1.302366e+04 1.291013e+04
36t 2.320913e+05 2.182511e+05 1.745476e+05 3.075228e+05 2.320770e+05
37t 5.929506e+01 5.860424e+01 5.924389e+01 5.669390e+01 5.649482e+01
38t 2.771378e+05 2.142148e+05 2.574124e+05 3.769785e+05 2.465629e+05
39t 6.431762e+00 4.115017e+01 2.873275e+02 5.698217e+00 6.139002e+00
40t 2.363164e+01 4.359214e+01 1.891525e+02 3.502131e+01 7.766940e+01
41t 4.552187e+02 4.509079e+02 4.497455e+02 4.505889e+02 4.496712e+02
42t 2.837700e+02 3.384930e+02 2.569445e+02 3.862116e+02 3.158182e+02
43t 3.078730e+02 3.731792e+02 4.408165e+02 4.337561e+02 4.400952e+02
44t 9.264896e+02 9.340170e+02 9.539544e+02 9.371304e+02 9.369740e+02
45t 9.270751e+02 9.348189e+02 9.361366e+02 9.523056e+02 9.376824e+02
46t 9.304871e+02 9.403549e+02 9.361278e+02 9.355212e+02 9.262778e+02
47t 1.036284e+03 1.030299e+03 1.032480e+03 5.548802e+02 1.038707e+03
48t 9.788094e+02 9.309382e+02 9.995946e+02 9.881530e+02 1.010779e+03
49t 1.034629e+03 1.032287e+03 1.031936e+03 5.761924e+02 1.026296e+03
50t 1.047108e+03 1.268822e+03 1.247789e+03 1.253183e+03 1.177921e+03
              76           77           78           79           80
1t  1.990678e+00 2.074886e+00 2.082929e+00 1.615170e+00 1.423137e+00
2t  1.625070e+07 2.086778e+07 2.766385e+07 7.923754e+06 1.044834e+07
3t  2.285654e+06 2.980432e+06 3.431460e+06 2.883719e+06 2.749196e+06
4t  1.133127e+05 9.442982e+04 1.107729e+05 1.092494e+05 9.515893e+04
5t  5.011989e+01 4.084788e+01 4.818199e+01 4.113811e+01 4.785018e+01
6t  3.025162e+02 3.961916e+02 5.968489e+02 2.851846e+02 3.080464e+02
7t  4.187762e+03 3.988893e+03 4.442559e+03 3.717654e+03 4.435217e+03
8t  6.754364e+00 7.507344e+00 7.009945e+00 7.105852e+00 6.790512e+00
9t  2.662405e+02 2.719519e+02 3.024342e+02 2.914010e+02 2.843161e+02
10t 3.131395e+01 3.378674e+01 3.343367e+01 3.170917e+01 3.271625e+01
11t 3.054553e+02 2.626200e+02 2.809070e+02 2.456984e+02 3.021381e+02
12t 1.403115e+04 5.658622e+03 2.089962e+04 9.084116e+03 1.679650e+04
13t 2.014359e+01 1.951867e+00 2.961899e+00 1.687464e+00 1.652861e+00
14t 2.101398e+01 2.102295e+01 2.090403e+01 2.101241e+01 2.094646e+01
15t 1.522626e+05 1.213536e+04 6.981048e+02 2.999368e+02 2.401740e+02
16t 4.856190e+01 7.852447e+01 7.140040e+01 8.769623e+01 4.815535e+01
17t 2.955135e+00 2.730642e+00 3.748628e+00 1.059148e+00 2.491236e+00
18t 1.016381e+00 1.011776e+00 1.061072e+00 9.875895e-01 1.025482e+00
19t 4.929935e+02 5.576802e+02 4.790771e+02 5.044260e+02 4.795708e+02
20t 3.398499e+02 2.954245e+02 2.802373e+02 2.961394e+02 3.195951e+02
21t 2.847292e+04 2.738910e+04 2.731773e+04 2.923396e+04 2.794180e+04
22t 2.841551e+04 2.946923e+04 2.764664e+04 2.794955e+04 2.734078e+04
23t 5.472550e+01 5.925898e+01 5.030724e+01 4.408569e+01 4.924461e+01
24t 4.712075e-01 5.644436e-01 7.030645e-01 4.381064e-01 3.845663e-01
25t 7.883294e-01 7.743575e-01 7.464923e-01 6.135662e-01 6.453580e-01
26t 7.066633e-01 3.506434e-01 3.124047e-01 3.057228e-01 3.114300e-01
27t 6.782568e+01 8.354074e+01 8.419214e+01 8.524019e+01 6.752851e+01
28t 4.036284e+02 1.467564e+03 1.133540e+06 1.371345e+03 2.531772e+02
29t 2.075433e+02 2.416461e+02 2.356377e+02 3.339916e+02 2.852949e+02
30t 1.335671e+01 1.293491e+01 1.380196e+01 1.387346e+01 1.245556e+01
31t 1.568600e+02 1.632010e+02 1.866710e+02 1.666994e+02 2.099208e+02
32t 4.557253e+02 3.593901e+02 3.193871e+02 3.116331e+02 3.328565e+02
33t 1.302454e+02 1.136842e+02 1.037388e+02 1.045481e+02 9.322450e+01
34t 2.756513e+01 3.082298e+01 2.510838e+01 2.697080e+01 2.790803e+01
35t 1.302325e+04 1.262388e+04 1.259080e+04 1.271970e+04 1.281884e+04
36t 2.327108e+05 1.988188e+05 1.786842e+05 2.212729e+05 2.016068e+05
37t 5.400598e+01 5.864014e+01 5.690954e+01 5.795113e+01 5.729481e+01
38t 2.207631e+05 2.788717e+05 2.167481e+05 2.226254e+05 1.878375e+05
39t 5.440981e+00 5.623147e+00 5.394307e+00 7.145838e+00 5.773106e+00
40t 5.699171e+01 6.304733e+01 5.505314e+01 4.391302e+01 6.637634e+01
41t 4.502958e+02 4.507209e+02 4.506906e+02 4.512190e+02 4.501695e+02
42t 2.814302e+02 3.214048e+02 3.071011e+02 2.528070e+02 2.708900e+02
43t 4.415233e+02 4.444676e+02 3.431937e+02 3.759907e+02 3.294154e+02
44t 9.284840e+02 9.359909e+02 9.380602e+02 9.382794e+02 9.343805e+02
45t 9.386591e+02 9.332045e+02 9.356668e+02 9.374375e+02 9.355953e+02
46t 9.420018e+02 9.311963e+02 9.385489e+02 9.296606e+02 9.400407e+02
47t 5.510560e+02 5.538208e+02 5.575659e+02 1.037267e+03 1.026647e+03
48t 9.786260e+02 9.624480e+02 9.964922e+02 9.773717e+02 1.014160e+03
49t 1.029399e+03 1.044407e+03 5.757637e+02 1.026667e+03 1.030462e+03
50t 1.208730e+03 1.144405e+03 1.218720e+03 1.203252e+03 1.205302e+03
              81           82           83           84           85
1t  2.433270e+00 1.369952e+00 1.513030e+00 3.607762e+00 3.759257e+00
2t  1.467503e+07 1.401633e+07 2.010175e+07 4.057562e+07 9.995389e+06
3t  4.091024e+06 2.103854e+06 2.303684e+06 1.367720e+07 8.427535e+06
4t  9.140444e+04 8.509180e+04 1.125062e+05 1.273658e+05 2.386607e+05
5t  5.039878e+01 3.825250e+01 5.024160e+01 1.914429e+01 4.775049e+01
6t  3.181793e+02 3.398471e+02 2.629124e+02 1.383614e+03 6.776939e+01
7t  5.539071e+03 4.906521e+03 5.036510e+03 4.350074e+03 2.463490e+04
8t  7.347300e+00 5.696243e+00 6.312825e+00 8.447425e+00 1.279638e+01
9t  2.880089e+02 2.782313e+02 2.861189e+02 2.322103e+02 3.707205e+02
10t 3.329380e+01 3.127746e+01 3.094978e+01 3.469700e+01 4.611453e+01
11t 2.451890e+02 2.699609e+02 2.866818e+02 2.564697e+02 3.555395e+02
12t 4.005347e+02 1.973751e+04 1.578249e+04 1.405364e+03 1.248651e+04
13t 2.061832e+00 1.369125e+00 2.006934e+01 2.379169e+00 2.093509e+01
14t 2.097886e+01 2.100697e+01 2.089686e+01 2.113845e+01 2.115593e+01
15t 3.823777e+02 3.130507e+02 2.296718e+02 1.920100e+03 6.795926e+02
16t 7.122404e+01 1.024397e+02 4.821323e+01 4.951451e+01 1.013825e+02
17t 1.146671e+00 3.988198e+00 1.889234e+00 1.370316e+00 1.837721e-01
18t 1.033420e+00 9.588839e-01 9.827425e-01 1.141143e+00 1.075470e+00
19t 4.602953e+02 4.597379e+02 5.247195e+02 4.535937e+02 5.098825e+02
20t 3.698749e+02 2.937420e+02 3.585419e+02 2.230509e+02 6.017170e+02
21t 2.808644e+04 2.781992e+04 2.800174e+04 2.655712e+04 2.801771e+04
22t 2.799424e+04 2.868686e+04 2.850334e+04 2.923286e+04 3.009866e+04
23t 4.768907e+01 5.235177e+01 6.080898e+01 4.945898e+01 7.146876e+01
24t 6.827449e-01 9.551330e-01 7.933097e-01 1.100873e+00 1.912964e+00
25t 6.621821e-01 7.227531e-01 7.966941e-01 6.542580e-01 6.381709e-01
26t 3.309703e-01 3.696674e-01 2.826642e-01 2.536064e-01 4.077030e-01
27t 9.935108e+01 7.780584e+01 7.459977e+01 7.750055e+01 1.005314e+02
28t 2.964344e+04 2.707304e+02 1.985536e+04 5.506912e+02 4.951199e+02
29t 2.558006e+02 2.862691e+02 2.791558e+02 2.630858e+02 3.747046e+02
30t 1.311920e+01 1.364963e+01 1.188102e+01 1.411183e+01 3.431364e+01
31t 1.508982e+02 1.875649e+02 1.601565e+02 1.612055e+02 2.090082e+02
32t 3.123239e+02 3.429294e+02 3.473024e+02 3.325785e+02 6.390359e+02
33t 1.282076e+02 1.165029e+02 1.252387e+02 1.192779e+02 1.392382e+02
34t 3.200144e+01 2.865272e+01 3.095056e+01 2.822772e+01 5.966909e+01
35t 1.269015e+04 1.268124e+04 1.304533e+04 1.255136e+04 1.290232e+04
36t 2.590993e+05 1.909022e+05 1.923801e+05 3.345491e+05 4.616216e+05
37t 5.521630e+01 5.766482e+01 5.750211e+01 6.012093e+01 6.921897e+01
38t 2.087834e+05 1.844555e+05 2.361449e+05 2.631621e+05 4.695138e+05
39t 7.332457e+00 5.564943e+00 6.091929e+00 7.886377e+00 7.445260e+00
40t 5.844136e+01 6.159150e+01 7.407743e+01 3.284628e+01 1.939372e+01
41t 4.520358e+02 4.489546e+02 4.488582e+02 4.397370e+02 6.749262e+02
42t 3.195958e+02 3.117113e+02 3.061906e+02 2.831074e+02 3.044206e+02
43t 4.452157e+02 3.223656e+02 4.381660e+02 3.431481e+02 4.010643e+02
44t 9.356237e+02 9.315305e+02 9.402085e+02 9.344480e+02 9.301330e+02
45t 9.380965e+02 9.356795e+02 9.384007e+02 9.359778e+02 9.754592e+02
46t 9.350948e+02 9.315891e+02 9.378626e+02 9.334284e+02 9.412625e+02
47t 1.031500e+03 5.430816e+02 1.030044e+03 1.024964e+03 1.206510e+03
48t 9.949898e+02 1.083634e+03 9.973418e+02 9.267482e+02 9.441659e+02
49t 1.029804e+03 1.030332e+03 5.695744e+02 1.022788e+03 9.758265e+02
50t 1.153462e+03 1.246983e+03 1.247331e+03 1.082231e+03 5.708746e+02
              86           87           88           89           90
1t  1.310607e+00 1.847190e+00 1.688262e+00 2.521796e+00 1.790053e+00
2t  4.458518e+06 1.685513e+07 3.627731e+06 2.769202e+07 4.294397e+06
3t  1.794598e+06 3.096195e+06 2.477360e+06 4.830592e+06 2.996309e+06
4t  1.463726e+05 1.008363e+05 1.519237e+05 1.240950e+05 1.364261e+05
5t  5.704793e+01 4.844665e+01 4.275543e+01 6.263132e+00 2.611881e+01
6t  1.258774e+02 4.225222e+02 1.959810e+01 7.906445e+02 3.492031e+01
7t  6.651029e+03 2.562708e+04 7.852194e+03 3.143923e+03 5.407057e+03
8t  6.168304e+00 7.332790e+00 6.623476e+00 8.774341e+00 7.479267e+00
9t  3.534643e+02 3.490490e+02 3.226058e+02 2.150053e+02 3.059145e+02
10t 2.758818e+01 3.285340e+01 2.981107e+01 3.566031e+01 3.170111e+01
11t 3.604169e+02 3.430201e+02 3.098018e+02 2.193923e+02 2.960004e+02
12t 2.417525e+04 9.001032e+03 1.635120e+04 2.711138e+02 2.397186e+02
13t 2.055796e+01 2.054470e+01 2.056119e+01 2.203561e+00 1.825486e+00
14t 2.116166e+01 2.092162e+01 2.111710e+01 2.113385e+01 2.116075e+01
15t 1.600088e+02 2.140594e+02 3.803591e+02 7.277157e+02 2.940708e+02
16t 4.921220e+01 4.897053e+01 4.930376e+01 4.917643e+01 4.723929e+01
17t 7.320045e-02 1.483167e+00 4.495085e+02 7.202529e-01 1.141031e+00
18t 9.310416e-01 9.947159e-01 9.683833e-01 1.064378e+00 1.011287e+00
19t 1.210047e+03 6.418148e+02 8.630836e+02 3.900170e+02 4.535527e+02
20t 5.910284e+02 4.307384e+02 6.970887e+02 2.347409e+02 2.562083e+02
21t 3.603909e+04 2.891256e+04 3.542037e+04 2.771984e+04 2.792723e+04
22t 3.528665e+04 2.795091e+04 3.593542e+04 2.783255e+04 2.914737e+04
23t 6.211341e+01 5.423694e+01 7.380844e+01 4.142464e+01 4.706219e+01
24t 3.145169e+00 6.522163e-01 2.936076e+00 7.480749e-01 5.998733e-01
25t 7.138212e-01 5.364370e-01 6.503710e-01 5.749510e-01 7.909309e-01
26t 3.042107e-01 3.143099e-01 2.580086e-01 3.096207e-01 3.273024e-01
27t 6.029714e+01 1.374456e+02 6.298426e+01 3.577726e+01 9.585318e+01
28t 1.747153e+02 7.524906e+02 2.014237e+02 3.348983e+02 3.293263e+02
29t 4.450751e+02 4.228929e+02 4.082809e+02 2.900398e+02 3.090630e+02
30t 1.851323e+01 1.222995e+01 1.070805e+01 1.244257e+01 1.338965e+01
31t 1.726382e+02 2.575811e+02 1.231286e+02 1.499775e+02 2.249894e+02
32t 1.164531e+03 3.507067e+02 4.335922e+02 3.707404e+02 8.002785e+02
33t 1.402605e+02 1.458050e+02 1.252577e+02 1.106493e+02 1.164769e+02
34t 2.998675e+01 3.486090e+01 2.825184e+01 3.092838e+01 2.749829e+01
35t 1.374213e+04 1.288748e+04 1.291968e+04 1.239161e+04 1.273086e+04
36t 2.288382e+05 2.848330e+05 1.912076e+05 2.840238e+05 3.268116e+05
37t 6.359041e+01 6.034127e+01 6.634790e+01 6.200416e+01 6.156155e+01
38t 1.468389e+05 3.156772e+05 3.571183e+05 2.183569e+05 3.109244e+05
39t 5.196308e+00 6.593746e+00 5.116438e+00 6.708628e+00 5.385631e+00
40t 6.830244e+02 4.786340e+01 1.426412e+02 2.180688e+01 4.556094e+01
41t 4.488641e+02 4.512247e+02 4.505248e+02 4.543032e+02 4.513475e+02
42t 4.026585e+02 3.276780e+02 2.957682e+02 2.838619e+02 2.618793e+02
43t 4.349315e+02 4.683523e+02 3.158940e+02 3.335759e+02 4.388497e+02
44t 9.429706e+02 9.359197e+02 9.570954e+02 9.288224e+02 9.308903e+02
45t 9.477393e+02 9.845865e+02 9.622088e+02 9.236722e+02 9.316412e+02
46t 9.429759e+02 9.312877e+02 9.546944e+02 9.219791e+02 9.682079e+02
47t 5.476006e+02 5.566416e+02 9.173464e+02 1.023155e+03 9.216688e+02
48t 1.153744e+03 9.960213e+02 9.849966e+02 9.238205e+02 9.938656e+02
49t 5.646236e+02 9.254849e+02 5.712931e+02 1.020151e+03 1.026155e+03
50t 1.321711e+03 1.127606e+03 1.186634e+03 1.042990e+03 1.127889e+03
              91           92           93           94           95
1t  2.468504e+00 2.355748e+00 1.722784e+00 1.436112e+00 9.568783e-01
2t  1.511546e+07 8.681050e+06 2.054304e+07 1.940293e+07 1.104921e+07
3t  8.451156e+06 4.251370e+06 2.826946e+06 2.452521e+06 1.436732e+06
4t  1.254502e+05 1.144856e+05 1.207254e+05 1.238392e+05 1.258392e+05
5t  1.334912e+01 4.389885e+01 1.346129e+01 1.750701e+01 5.620041e+01
6t  6.160955e+02 3.544000e+02 8.578078e+02 6.137785e+02 2.358103e+02
7t  3.165937e+03 4.684339e+03 4.613984e+03 4.093125e+03 9.762709e+03
8t  7.671267e+00 8.978783e+00 7.119328e+00 6.495929e+00 5.474763e+00
9t  2.464470e+02 2.914969e+02 2.885711e+02 2.693465e+02 3.598717e+02
10t 3.425769e+01 3.598420e+01 2.887784e+01 3.069715e+01 2.580177e+01
11t 2.753856e+02 2.718780e+02 2.531027e+02 2.607908e+02 3.678951e+02
12t 3.426788e+02 7.168196e+03 3.940234e+02 2.908646e+02 2.898563e+04
13t 2.010589e+00 2.177651e+00 1.804779e+00 1.538433e+00 2.010990e+01
14t 2.116965e+01 2.117989e+01 2.112894e+01 2.113200e+01 2.117425e+01
15t 3.983819e+02 3.538227e+02 3.739829e+02 2.132463e+02 1.198732e+02
16t 4.800761e+01 4.935588e+01 4.953781e+01 4.812428e+01 4.924280e+01
17t 1.384263e+00 9.474509e-02 1.036780e+00 8.571431e-01 8.173628e-02
18t 1.039867e+00 1.023443e+00 1.020758e+00 9.527370e-01 8.377205e-01
19t 4.374347e+02 5.460719e+02 4.183589e+02 4.614417e+02 1.117523e+03
20t 2.289567e+02 3.670008e+02 2.431942e+02 2.501855e+02 5.390083e+02
21t 2.760093e+04 3.077981e+04 2.664878e+04 2.737143e+04 3.567586e+04
22t 2.864086e+04 3.504730e+04 2.842905e+04 2.843140e+04 3.546624e+04
23t 4.193568e+01 4.218199e+01 4.248732e+01 4.408254e+01 6.470455e+01
24t 9.477819e-01 2.896585e+00 8.366348e-01 9.085253e-01 3.734455e+00
25t 5.104040e-01 5.041608e-01 5.957043e-01 4.229483e-01 6.395592e-01
26t 3.302259e-01 2.869398e-01 2.735805e-01 2.761031e-01 3.662127e-01
27t 8.056384e+01 6.110217e+01 7.579474e+01 5.238236e+01 8.721754e+01
28t 3.478090e+02 2.794561e+02 2.580650e+02 2.598635e+02 1.906924e+02
29t 3.064624e+02 3.298371e+02 3.494792e+02 3.039260e+02 4.351507e+02
30t 1.514200e+01 1.603649e+01 1.413114e+01 1.253673e+01 1.588795e+01
31t 1.618422e+02 1.370209e+02 1.455297e+02 1.708353e+02 2.011922e+02
32t 5.520192e+02 2.982278e+02 2.921914e+02 3.493263e+02 3.104949e+02
33t 1.038424e+02 1.060224e+02 1.124739e+02 1.122113e+02 1.559443e+02
34t 3.113212e+01 3.160248e+01 2.807694e+01 2.491784e+01 2.725949e+01
35t 1.269076e+04 1.254358e+04 1.266741e+04 1.257953e+04 1.364446e+04
36t 2.582565e+05 4.688014e+05 1.478154e+05 2.164867e+05 1.402075e+05
37t 6.142104e+01 6.172604e+01 6.121204e+01 5.924050e+01 6.431017e+01
38t 2.565493e+05 2.375107e+05 2.992041e+05 3.102747e+05 1.500847e+05
39t 6.861726e+00 6.103649e+00 6.781528e+00 5.922747e+00 5.956369e+00
40t 4.265102e+01 4.498215e+01 4.404346e+01 5.911274e+01 8.931166e+02
41t 4.530331e+02 4.538386e+02 4.503570e+02 4.503317e+02 4.481228e+02
42t 3.128509e+02 2.990388e+02 3.414296e+02 2.869780e+02 4.274204e+02
43t 3.978873e+02 3.496461e+02 4.038472e+02 3.497031e+02 4.453450e+02
44t 9.380598e+02 9.353573e+02 9.335901e+02 9.277630e+02 9.425366e+02
45t 9.317460e+02 9.323961e+02 9.335216e+02 9.358723e+02 9.372428e+02
46t 9.814661e+02 9.405645e+02 9.295959e+02 9.210468e+02 9.343105e+02
47t 1.021874e+03 5.849592e+02 1.023775e+03 1.028180e+03 5.362092e+02
48t 9.759156e+02 9.665909e+02 9.125509e+02 9.732900e+02 1.239210e+03
49t 1.022051e+03 5.990109e+02 1.018481e+03 1.021895e+03 5.546350e+02
50t 1.077932e+03 1.190035e+03 1.178055e+03 1.207343e+03 1.338503e+03
              96           97           98           99          100
1t  1.419294e+00 1.986334e+00 1.385614e+00 1.604403e+00 1.196537e+00
2t  9.100072e+06 8.981598e+06 1.429846e+07 8.152627e+06 1.355510e+07
3t  2.192220e+06 3.015928e+06 2.479702e+06 2.767986e+06 1.926215e+06
4t  1.198574e+05 1.390117e+05 1.281881e+05 1.125307e+05 1.194712e+05
5t  3.513754e+01 4.650526e+01 2.150081e+01 1.958292e+01 3.548705e+01
6t  1.189490e+02 1.628778e+02 4.083711e+02 2.431047e+02 8.158394e+02
7t  3.154816e+03 3.147239e+04 3.124815e+03 3.273428e+03 4.170154e+03
8t  6.318652e+00 8.337212e+00 6.419949e+00 6.749602e+00 6.077054e+00
9t  2.613021e+02 2.788387e+02 2.616995e+02 2.680613e+02 2.831970e+02
10t 3.013376e+01 3.290504e+01 2.791427e+01 3.093786e+01 2.727402e+01
11t 2.929222e+02 2.675809e+02 2.710805e+02 2.877678e+02 2.808899e+02
12t 2.752755e+02 2.605871e+02 4.730830e+02 4.521968e+03 6.454076e+03
13t 1.605451e+00 1.997451e+01 1.581640e+00 1.748708e+00 1.415530e+00
14t 2.113647e+01 2.103562e+01 2.089611e+01 2.114914e+01 2.111248e+01
15t 2.006568e+02 2.820158e+02 2.203396e+02 4.437686e+02 1.896872e+02
16t 4.863400e+01 4.791612e+01 4.896444e+01 4.921741e+01 4.853320e+01
17t 2.985848e+00 2.468511e-01 1.673414e-01 5.643171e-02 7.329219e-01
18t 9.963264e-01 1.021316e+00 9.573012e-01 9.695632e-01 9.706182e-01
19t 4.926637e+02 4.739479e+02 4.579755e+02 4.499252e+02 5.632595e+02
20t 2.613769e+02 3.670346e+02 2.830080e+02 4.007188e+02 3.387644e+02
21t 2.807225e+04 2.849522e+04 2.742165e+04 3.176251e+04 2.748374e+04
22t 2.855912e+04 2.985539e+04 2.877014e+04 3.271654e+04 2.874338e+04
23t 4.990603e+01 3.760963e+01 5.283584e+01 5.351346e+01 4.903015e+01
24t 9.102191e-01 6.630522e-01 7.416421e-01 3.734455e+00 8.768973e-01
25t 7.969801e-01 7.990240e-01 4.660294e-01 5.071903e-01 5.451776e-01
26t 3.758945e-01 4.163786e-01 2.974874e-01 2.592811e-01 2.786045e-01
27t 1.064325e+02 1.194255e+02 8.828905e+01 6.667274e+01 7.901981e+01
28t 2.650086e+02 3.457204e+02 2.449859e+02 2.431021e+02 2.966540e+02
29t 3.961486e+02 3.226893e+02 3.141211e+02 3.399691e+02 3.266714e+02
30t 1.189540e+01 1.832082e+01 1.151126e+01 1.371679e+01 1.049746e+01
31t 1.585663e+02 2.740487e+02 1.813871e+02 1.353703e+02 1.548081e+02
32t 4.865067e+02 5.080450e+02 3.483402e+02 4.900212e+02 2.979986e+02
33t 1.019227e+02 1.477460e+02 9.730823e+01 1.203668e+02 1.083872e+02
34t 2.650693e+01 3.530155e+01 2.707723e+01 2.937059e+01 2.489881e+01
35t 1.292660e+04 1.281298e+04 1.292889e+04 1.274681e+04 1.283048e+04
36t 2.166671e+05 3.846710e+05 2.030109e+05 1.915485e+05 2.099501e+05
37t 5.864342e+01 6.441745e+01 5.867210e+01 6.064957e+01 5.877908e+01
38t 2.504273e+05 4.315342e+05 2.648895e+05 1.795527e+05 1.868003e+05
39t 5.572876e+00 6.958065e+00 6.652653e+00 5.791355e+00 5.935584e+00
40t 6.254781e+01 2.816961e+01 3.897979e+01 7.122158e+01 5.811826e+01
41t 4.497805e+02 4.530877e+02 4.488505e+02 4.510633e+02 4.490345e+02
42t 2.920946e+02 3.241241e+02 3.035990e+02 3.276441e+02 3.055101e+02
43t 4.364508e+02 4.405173e+02 3.188452e+02 4.396748e+02 4.290250e+02
44t 9.291300e+02 9.698207e+02 9.309421e+02 9.319601e+02 9.397743e+02
45t 9.539562e+02 9.938489e+02 9.325394e+02 9.339494e+02 9.406739e+02
46t 9.539166e+02 9.335442e+02 9.261497e+02 8.226012e+02 9.248312e+02
47t 1.023627e+03 5.729320e+02 1.024580e+03 9.190642e+02 5.479797e+02
48t 9.768335e+02 1.002982e+03 9.476492e+02 9.782850e+02 9.922273e+02
49t 1.016640e+03 1.020642e+03 1.026037e+03 5.813099e+02 1.022643e+03
50t 1.235477e+03 1.172727e+03 1.226127e+03 1.222111e+03 1.225468e+03
             101          102          103          104          105
1t  1.470255e+00 1.716524e+00 1.417914e+00 1.362535e+00 1.522204e+00
2t  2.005576e+07 2.113352e+07 1.513563e+07 1.172996e+07 1.279605e+07
3t  2.194191e+06 2.434577e+06 1.857225e+06 2.224271e+06 2.542463e+06
4t  1.115703e+05 1.194799e+05 1.223270e+05 1.028435e+05 1.019476e+05
5t  2.045130e+01 8.039523e+00 3.582353e+01 2.948095e+01 1.956236e+01
6t  4.451505e+02 4.810439e+02 3.010914e+02 3.146049e+02 7.115012e+02
7t  3.281231e+03 1.868094e+03 3.816906e+03 4.728248e+03 4.484287e+03
8t  6.471930e+00 7.352450e+00 5.933865e+00 6.353589e+00 6.452827e+00
9t  2.784605e+02 2.682005e+02 2.935057e+02 2.823832e+02 2.309506e+02
10t 2.510535e+01 3.244652e+01 2.933330e+01 2.768617e+01 3.145421e+01
11t 2.582194e+02 2.425578e+02 2.607790e+02 2.845608e+02 2.733491e+02
12t 9.245818e+03 2.908703e+02 1.309821e+04 4.564248e+02 8.321485e+02
13t 1.484209e+00 1.701391e+00 1.468489e+00 1.498864e+00 1.578806e+00
14t 2.098209e+01 2.113650e+01 2.099770e+01 2.101227e+01 2.116045e+01
15t 2.793123e+02 2.284664e+02 2.732287e+02 7.894617e+02 9.455560e+02
16t 4.926357e+01 4.893056e+01 4.830833e+01 4.893541e+01 4.863589e+01
17t 4.832856e-01 3.975711e-01 6.992716e-01 8.088160e-02 1.167191e+00
18t 9.879598e-01 9.856385e-01 9.364398e-01 9.974731e-01 1.007497e+00
19t 3.859475e+02 4.235052e+02 4.519456e+02 5.362677e+02 3.943023e+02
20t 3.598225e+02 2.547779e+02 2.674609e+02 2.509478e+02 2.827156e+02
21t 2.854265e+04 2.755249e+04 2.831499e+04 2.750680e+04 2.741391e+04
22t 2.867325e+04 2.890638e+04 2.807327e+04 2.891234e+04 2.838260e+04
23t 4.790782e+01 4.684119e+01 4.927482e+01 4.833811e+01 5.450804e+01
24t 1.015329e+00 5.980104e-01 6.842497e-01 7.733974e-01 1.064825e+00
25t 5.232750e-01 5.164459e-01 5.835664e-01 5.947315e-01 4.858419e-01
26t 2.926546e-01 2.517251e-01 3.147706e-01 3.024689e-01 3.096478e-01
27t 9.194618e+01 5.317512e+01 5.617239e+01 8.191023e+01 7.057252e+01
28t 2.385352e+02 2.634380e+02 2.609336e+02 1.875079e+02 3.041480e+02
29t 3.136554e+02 3.221049e+02 3.079850e+02 2.630292e+02 2.867616e+02
30t 1.059014e+01 1.211840e+01 1.112976e+01 1.062143e+01 1.238972e+01
31t 1.917972e+02 1.487894e+02 1.562200e+02 1.751295e+02 1.663942e+02
32t 2.955214e+02 3.044176e+02 4.307100e+02 3.499329e+02 3.337744e+02
33t 1.022818e+02 1.053244e+02 1.075456e+02 1.058333e+02 1.036230e+02
34t 2.663976e+01 2.611118e+01 2.659871e+01 2.430174e+01 2.819803e+01
35t 1.258590e+04 1.255534e+04 1.281692e+04 1.261478e+04 1.267311e+04
36t 1.732243e+05 2.702766e+05 1.972492e+05 1.905085e+05 1.747011e+05
37t 5.825206e+01 5.980551e+01 5.786550e+01 5.782087e+01 5.893577e+01
38t 2.720921e+05 2.792686e+05 2.908425e+05 3.061213e+05 2.758549e+05
39t 6.038694e+00 5.324797e+00 5.716613e+00 6.874613e+00 5.806276e+00
40t 4.329772e+01 2.631148e+01 4.448413e+01 3.213708e+01 3.975114e+01
41t 4.495535e+02 4.506138e+02 4.490482e+02 4.495356e+02 4.499357e+02
42t 2.866179e+02 2.994341e+02 3.484575e+02 3.393107e+02 3.164104e+02
43t 4.412732e+02 3.690862e+02 4.066437e+02 3.649596e+02 4.430604e+02
44t 9.460808e+02 9.292291e+02 9.358894e+02 9.387514e+02 9.303089e+02
45t 9.330525e+02 9.311319e+02 9.332381e+02 9.353922e+02 9.315152e+02
46t 9.344942e+02 9.266681e+02 9.239688e+02 9.389218e+02 9.413317e+02
47t 5.453194e+02 1.025844e+03 1.028916e+03 9.109983e+02 1.023211e+03
48t 9.860103e+02 9.758968e+02 9.982971e+02 9.888291e+02 9.322698e+02
49t 1.025685e+03 1.024427e+03 1.025557e+03 5.725634e+02 1.023539e+03
50t 1.244540e+03 1.117510e+03 1.149645e+03 1.204567e+03 1.138213e+03
             106          107          108          109          110
1t  1.711575e+00 1.069336e+00 1.558906e+01 6.728856e+00 1.691991e+00
2t  1.232384e+07 3.071938e+06 2.908631e+07 6.774489e+06 3.327567e+06
3t  2.602568e+06 1.928097e+06 2.857909e+07 1.115576e+07 2.452517e+06
4t  1.047274e+05 2.024354e+05 8.899594e+04 1.032424e+05 1.890484e+05
5t  1.260596e+01 4.297384e+01 5.432682e+01 4.748956e+01 4.924860e+01
6t  2.483134e+02 8.309293e+00 1.145334e+03 1.225784e+02 5.128945e+01
7t  3.295106e+03 1.923267e+04 2.882447e+03 7.059225e+03 6.256706e+03
8t  7.304281e+00 5.703095e+00 9.209231e+00 1.511736e+01 7.095099e+00
9t  2.226815e+02 4.514342e+02 2.997682e+02 3.663661e+02 3.040110e+02
10t 3.075062e+01 2.382740e+01 3.719348e+01 5.372208e+01 3.037273e+01
11t 1.868187e+02 3.282443e+02 3.128787e+02 3.570101e+02 3.121790e+02
12t 4.222093e+02 1.534447e+04 1.959100e+04 1.209480e+04 1.790087e+04
13t 1.817727e+00 2.034290e+01 2.636361e+00 2.063511e+01 2.036849e+01
14t 2.110040e+01 2.100187e+01 2.108428e+01 2.113419e+01 2.115220e+01
15t 2.205150e+02 1.750850e+02 1.183821e+06 8.827272e+02 1.700912e+02
16t 4.934296e+01 4.900291e+01 1.246205e+02 4.959012e+01 4.922025e+01
17t 8.043677e-01 7.113029e+02 5.563210e+00 2.240251e-01 5.384265e-02
18t 9.660719e-01 9.223477e-01 1.426225e+00 1.090660e+00 9.784307e-01
19t 3.517079e+02 1.844339e+03 4.477145e+02 4.496098e+02 1.377129e+03
20t 2.331078e+02 9.656426e+02 3.228285e+02 5.724565e+02 4.180760e+02
21t 2.815902e+04 3.782774e+04 2.792904e+04 3.409001e+04 3.801960e+04
22t 2.803653e+04 3.807830e+04 2.830729e+04 3.451546e+04 3.624477e+04
23t 4.904122e+01 8.784061e+01 4.952886e+01 6.693446e+01 6.142720e+01
24t 6.115003e-01 3.772240e+00 9.469912e-01 3.296212e+00 2.070883e+00
25t 3.685729e-01 5.846330e-01 6.927093e-01 6.351342e-01 5.296828e-01
26t 3.033060e-01 2.913451e-01 3.637739e-01 3.060853e-01 4.302970e-01
27t 6.890459e+01 7.768241e+01 6.496923e+01 6.877680e+01 1.049501e+02
28t 2.400545e+02 2.082335e+02 3.816909e+05 5.536102e+02 2.474610e+02
29t 2.635624e+02 4.983990e+02 2.771475e+02 2.954022e+02 4.160424e+02
30t 1.304144e+01 2.011724e+01 1.700422e+01 2.348026e+01 1.200750e+01
31t 1.432541e+02 1.558790e+02 1.949528e+02 1.655303e+02 2.081004e+02
32t 3.166365e+02 4.612768e+02 4.587065e+02 3.403686e+02 3.503705e+02
33t 1.036138e+02 1.928541e+02 1.062800e+02 1.169774e+02 1.428849e+02
34t 2.895999e+01 4.597139e+01 3.608727e+01 5.061402e+01 3.374165e+01
35t 1.255972e+04 1.371787e+04 1.264215e+04 1.263027e+04 1.347906e+04
36t 2.738508e+05 2.223244e+05 2.345012e+05 5.153534e+05 2.469845e+05
37t 5.796813e+01 6.793443e+01 6.178251e+01 6.777949e+01 6.478007e+01
38t 2.910823e+05 3.642084e+05 2.453532e+05 1.908617e+05 1.644546e+05
39t 6.227006e+00 4.792969e+00 1.642175e+01 8.492789e+00 5.258561e+00
40t 2.806791e+01 2.229780e+02 6.936653e+01 1.858166e+01 2.128023e+02
41t 4.494200e+02 6.159768e+02 4.529108e+02 4.677089e+02 4.499901e+02
42t 2.931478e+02 3.258024e+02 3.008446e+02 3.079835e+02 3.512803e+02
43t 4.092852e+02 4.311188e+02 4.222148e+02 4.025232e+02 4.336950e+02
44t 9.267352e+02 9.444132e+02 9.367729e+02 9.265210e+02 9.583914e+02
45t 9.218334e+02 9.416301e+02 9.371435e+02 9.991930e+02 9.590614e+02
46t 9.243560e+02 9.412738e+02 9.310334e+02 9.355423e+02 9.608422e+02
47t 1.024147e+03 1.202910e+03 1.040499e+03 6.996157e+02 1.207190e+03
48t 9.370315e+02 1.092872e+03 9.819859e+02 9.573842e+02 1.005856e+03
49t 1.022813e+03 9.127725e+02 1.033764e+03 6.957195e+02 5.767881e+02
50t 1.195381e+03 1.256076e+03 1.131233e+03 9.681026e+02 1.255456e+03
             111          112          113          114          115
1t  2.110038e+00 1.384213e+00 1.140004e+00 6.035388e-01 7.481351e+00
2t  2.055047e+07 4.524963e+06 3.434848e+06 3.069083e+06 1.335683e+07
3t  3.426799e+06 1.873102e+06 1.564311e+06 7.920795e+05 1.041661e+07
4t  1.452058e+05 1.428181e+05 1.508913e+05 1.329231e+05 1.137812e+05
5t  5.315436e+01 5.139107e+01 4.308498e+01 2.756791e+01 5.764391e+01
6t  1.741799e+02 2.206992e+01 8.270417e+00 1.705112e+00 6.345122e+02
7t  4.441259e+03 9.169739e+03 1.507380e+04 3.770406e+04 5.619904e+03
8t  7.128013e+00 6.442189e+00 6.005602e+00 2.216905e+02 1.406924e+01
9t  3.104297e+02 3.510826e+02 3.603931e+02 3.604887e+02 3.415153e+02
10t 3.215772e+01 2.760545e+01 2.663065e+01 1.940639e+01 5.137983e+01
11t 3.242050e+02 3.767353e+02 3.558573e+02 4.290168e+02 3.168850e+02
12t 1.830083e+04 1.939607e+04 1.571266e+04 4.778637e+03 2.365847e+04
13t 2.024107e+01 2.055903e+01 2.044730e+01 2.023071e+01 2.017771e+01
14t 2.112701e+01 2.116384e+01 2.110293e+01 2.106716e+01 2.120067e+01
15t 1.317786e+04 1.738364e+02 1.660468e+02 1.059702e+02 1.463395e+03
16t 5.177365e+01 4.924432e+01 4.925429e+01 1.028801e+02 4.973449e+01
17t 3.245732e+01 2.817117e+02 8.271427e+02 2.782766e-02 2.471618e-01
18t 1.027963e+00 9.566336e-01 9.357508e-01 6.311571e-01 1.090006e+00
19t 6.065293e+02 1.380915e+03 1.616362e+03 4.458951e+03 4.588392e+02
20t 4.762596e+02 6.958783e+02 8.038102e+02 9.632673e+02 4.435096e+02
21t 2.801623e+04 3.556639e+04 3.688455e+04 3.763119e+04 3.201418e+04
22t 2.909073e+04 3.569202e+04 3.570457e+04 3.566650e+04 3.559841e+04
23t 5.993461e+01 6.530984e+01 7.193495e+01 8.831807e+01 5.905487e+01
24t 8.220187e-01 2.997315e+00 3.917838e+00 4.632015e+00 3.554117e+00
25t 8.241602e-01 6.038961e-01 5.668312e-01 6.131810e-01 6.519934e-01
26t 4.060927e-01 2.848798e-01 3.385954e-01 3.217983e-01 2.790909e-01
27t 1.246830e+02 4.695826e+01 6.873448e+01 8.297675e+01 8.043617e+01
28t 3.065902e+02 1.827378e+02 1.738287e+02 1.888851e+02 6.459962e+02
29t 3.613743e+02 4.757027e+02 3.836327e+02 5.179531e+02 3.255405e+02
30t 1.371915e+01 1.255085e+01 1.304588e+01 1.181185e+01 2.732566e+01
31t 2.341725e+02 1.290177e+02 1.426403e+02 1.661758e+02 1.536354e+02
32t 3.523895e+02 4.144240e+02 3.978491e+02 5.587841e+02 3.441024e+02
33t 1.192240e+02 1.508771e+02 1.578987e+02 1.780217e+02 1.194005e+02
34t 3.191397e+01 3.574705e+01 3.239551e+01 3.211675e+01 4.740363e+01
35t 1.325150e+04 1.330666e+04 1.332150e+04 1.578388e+04 1.267181e+04
36t 1.758049e+05 1.805828e+05 1.660096e+05 1.587448e+05 7.047222e+05
37t 6.170363e+01 6.533051e+01 6.743912e+01 7.448420e+01 6.499864e+01
38t 2.692200e+05 1.894341e+05 3.562849e+05 2.828975e+05 1.780690e+05
39t 5.950649e+00 5.226363e+00 4.840929e+00 4.404394e+00 9.816206e+00
40t 8.030716e+01 3.335967e+02 2.622699e+02 2.737297e+02 6.199676e+01
41t 4.511582e+02 4.499591e+02 5.944233e+02 6.828368e+02 4.676459e+02
42t 3.293119e+02 3.400775e+02 2.830225e+02 3.582718e+02 2.946121e+02
43t 4.359325e+02 3.980272e+02 5.295589e+02 4.275630e+02 3.269118e+02
44t 9.649153e+02 9.431361e+02 9.417229e+02 9.255891e+02 9.463015e+02
45t 9.402830e+02 9.473519e+02 9.412980e+02 9.239750e+02 9.470534e+02
46t 9.521463e+02 9.561560e+02 9.429639e+02 1.178918e+03 9.394639e+02
47t 5.574459e+02 5.532594e+02 1.198047e+03 1.224429e+03 7.185831e+02
48t 9.886000e+02 1.148871e+03 1.081887e+03 1.469590e+03 9.482240e+02
49t 5.774866e+02 5.631234e+02 1.202048e+03 1.213041e+03 7.081543e+02
50t 1.214058e+03 1.279190e+03 1.241275e+03 1.396321e+03 1.173967e+03
             116          117          118          119          120
1t  1.825009e+00 6.376797e-01 6.275220e-01 6.000611e-01 6.636822e-01
2t  8.280639e+06 2.431920e+06 2.429597e+06 4.412001e+06 3.986394e+06
3t  2.726362e+06 9.426242e+05 8.615983e+05 1.029924e+06 1.024634e+06
4t  1.316855e+05 1.330770e+05 1.404653e+05 1.692522e+05 1.576381e+05
5t  5.915585e+01 2.840546e+01 4.089987e+01 5.322108e+01 5.285014e+01
6t  1.747633e+02 1.703971e+00 3.665011e+00 1.604294e+01 1.846273e+01
7t  7.515513e+03 1.713304e+04 1.961756e+04 1.000783e+04 1.327256e+04
8t  6.897254e+00 1.431366e+02 4.504912e+00 4.599947e+00 4.545401e+00
9t  3.823267e+02 3.690135e+02 4.244535e+02 3.809795e+02 3.785907e+02
10t 2.896735e+01 1.845442e+01 2.146184e+01 2.130465e+01 2.055379e+01
11t 3.943247e+02 3.212629e+02 4.108696e+02 3.864321e+02 4.060163e+02
12t 2.907765e+04 5.087620e+03 1.400569e+04 2.278855e+04 2.071105e+04
13t 2.034577e+01 2.001883e+01 2.060493e+01 2.060726e+01 2.061758e+01
14t 2.116173e+01 2.071181e+01 2.111025e+01 2.119038e+01 2.115458e+01
15t 4.107403e+02 1.044324e+02 1.021146e+02 1.212474e+02 1.007529e+02
16t 4.929663e+01 4.922947e+01 1.029724e+02 4.924553e+01 4.923640e+01
17t 5.863568e+02 3.173559e-02 4.346789e+02 6.203597e+02 7.175887e+02
18t 9.859719e-01 6.471051e-01 6.832926e-01 7.702291e-01 7.801232e-01
19t 1.222817e+03 4.932475e+03 3.599448e+03 2.702458e+03 2.790115e+03
20t 7.077931e+02 5.645716e+02 8.531546e+02 8.364108e+02 8.261498e+02
21t 3.595463e+04 3.805233e+04 3.703422e+04 3.555844e+04 3.500574e+04
22t 3.496402e+04 3.773788e+04 3.533584e+04 3.520353e+04 3.623543e+04
23t 6.864225e+01 8.836299e+01 8.665861e+01 7.515027e+01 7.581979e+01
24t 3.598350e+00 6.556077e+00 3.870903e+00 3.366595e+00 2.139117e+00
25t 5.475807e-01 5.925153e-01 5.843028e-01 6.247815e-01 6.210212e-01
26t 2.659127e-01 3.056212e-01 3.321067e-01 2.737920e-01 2.881353e-01
27t 4.282878e+01 7.452272e+01 6.594460e+01 5.057796e+01 4.583991e+01
28t 2.051891e+02 1.831533e+02 1.704762e+02 1.239267e+02 1.264120e+02
29t 4.445519e+02 5.265466e+02 4.367619e+02 3.886473e+02 4.415876e+02
30t 1.273481e+01 1.168007e+01 1.327124e+01 1.026345e+01 1.228135e+01
31t 1.159040e+02 1.590064e+02 1.387709e+02 1.029920e+02 9.116220e+01
32t 3.653092e+02 2.777440e+02 4.044014e+02 3.628286e+02 3.891519e+02
33t 1.425161e+02 1.914054e+02 1.893165e+02 1.533493e+02 1.607876e+02
34t 2.735815e+01 3.218079e+01 2.907640e+01 2.900535e+01 2.729167e+01
35t 1.376968e+04 1.643275e+04 1.576469e+04 1.558981e+04 1.514407e+04
36t 1.490425e+05 1.492419e+05 1.887806e+05 1.379037e+05 1.124248e+05
37t 6.533048e+01 5.591653e+01 7.236461e+01 7.103467e+01 6.693679e+01
38t 1.261505e+05 3.702252e+05 3.480404e+05 2.832388e+05 2.748542e+05
39t 5.166993e+00 5.263792e+00 4.658379e+00 4.716200e+00 4.478451e+00
40t 7.468983e+02 3.432307e+02 5.637722e+02 1.079624e+03 1.124081e+03
41t 4.501916e+02 7.432007e+02 4.445064e+02 4.434308e+02 4.421960e+02
42t 3.267345e+02 3.732871e+02 3.088716e+02 3.542660e+02 3.654637e+02
43t 4.359511e+02 4.794468e+02 4.272919e+02 4.278637e+02 5.215830e+02
44t 9.561407e+02 1.248552e+03 9.266301e+02 9.251697e+02 9.279614e+02
45t 9.606705e+02 9.242399e+02 9.256086e+02 9.255773e+02 9.271872e+02
46t 9.544980e+02 9.245283e+02 9.253300e+02 9.236142e+02 9.279589e+02
47t 5.509025e+02 1.233372e+03 1.214861e+03 1.193117e+03 1.210397e+03
48t 1.075059e+03 1.510304e+03 1.334288e+03 1.270163e+03 1.330168e+03
49t 5.757951e+02 1.212150e+03 1.264615e+03 1.205055e+03 5.464014e+02
50t 1.282846e+03 1.406204e+03 1.320613e+03 1.356434e+03 1.358814e+03
             121          122          123          124          125
1t  6.929463e-01 5.782815e-01 3.351461e+03 1.697176e+00 4.250065e+03
2t  3.192548e+06 4.999433e+06 1.791111e+07 5.507587e+06 1.769433e+07
3t  1.077289e+06 1.116257e+06 5.444359e+07 2.503992e+06 3.061488e+07
4t  1.584383e+05 1.669567e+05 1.288523e+05 1.558276e+05 1.179837e+05
5t  5.314829e+01 6.029936e+01 6.193869e+01 5.600741e+01 6.213182e+01
6t  2.106249e+01 6.107221e+01 2.477667e+02 7.804153e+01 2.341605e+02
7t  7.321417e+03 6.023258e+03 6.879380e+03 6.164310e+03 5.406811e+03
8t  4.683630e+00 4.244020e+00 7.169484e+00 6.787253e+00 5.695625e+00
9t  3.984269e+02 3.784174e+02 3.448529e+02 3.711575e+02 3.811987e+02
10t 2.284092e+01 2.073432e+01 3.168236e+01 2.815872e+01 2.793996e+01
11t 3.809645e+02 3.877178e+02 3.927561e+02 4.002898e+02 3.950205e+02
12t 2.249811e+04 2.705009e+04 2.933509e+04 2.564508e+04 2.745440e+04
13t 2.050055e+01 2.049919e+01 2.041816e+01 2.052486e+01 2.039913e+01
14t 2.117774e+01 2.116995e+01 2.117502e+01 2.119387e+01 2.113368e+01
15t 2.885971e+02 1.162190e+02 5.889910e+05 2.255017e+02 7.991448e+05
16t 4.910682e+01 1.037031e+02 1.182783e+02 4.931885e+01 8.996052e+01
17t 5.080454e+02 7.910108e+02 6.524893e+02 5.882370e+02 6.789033e+02
18t 7.516994e-01 7.402680e-01 1.437458e+00 9.653890e-01 1.286431e+00
19t 2.596197e+03 2.254531e+03 1.074706e+03 1.352212e+03 9.840196e+02
20t 7.390321e+02 6.943066e+02 6.452289e+02 7.549851e+02 6.767190e+02
21t 3.658262e+04 3.575016e+04 3.623846e+04 3.609008e+04 3.576488e+04
22t 3.530354e+04 3.417058e+04 3.562306e+04 3.535745e+04 3.539574e+04
23t 7.114481e+01 6.978982e+01 6.769949e+01 7.244007e+01 6.695534e+01
24t 3.704309e+00 3.070551e+00 3.468773e+00 3.293140e+00 3.533881e+00
25t 6.727702e-01 6.026639e-01 6.057893e-01 5.592646e-01 6.239040e-01
26t 2.730710e-01 2.780967e-01 2.588316e-01 2.589069e-01 2.639256e-01
27t 5.594161e+01 3.147444e+01 1.278810e+03 4.018902e+01 1.809804e+02
28t 1.398822e+02 1.287049e+02 3.652812e+05 1.912312e+02 2.118955e+05
29t 4.659595e+02 4.032719e+02 4.767262e+02 4.208564e+02 4.430488e+02
30t 9.465262e+00 1.633764e+01 1.482356e+01 1.189849e+01 1.569806e+01
31t 1.192059e+02 1.289487e+02 1.036811e+02 1.240680e+02 9.790249e+01
32t 3.894854e+02 4.330465e+02 4.861355e+02 3.788992e+02 3.865871e+02
33t 1.506262e+02 1.708059e+02 1.398765e+02 1.617116e+02 1.425754e+02
34t 2.788764e+01 2.872639e+01 2.903758e+01 3.595728e+01 2.969482e+01
35t 1.534438e+04 1.599368e+04 1.417359e+04 1.345156e+04 1.435693e+04
36t 1.491501e+05 1.295761e+05 2.012865e+05 2.113685e+05 1.809473e+05
37t 6.561405e+01 6.659132e+01 6.488441e+01 6.628041e+01 6.504982e+01
38t 2.248318e+05 1.356057e+05 1.427098e+05 1.306981e+05 1.340608e+05
39t 5.104973e+00 5.289145e+00 6.373351e+00 5.458374e+00 5.613400e+00
40t 1.119660e+03 1.531953e+03 9.138429e+02 4.869615e+02 8.844105e+02
41t 4.446652e+02 4.426568e+02 4.514007e+02 4.502936e+02 4.503581e+02
42t 3.336532e+02 3.403512e+02 2.982836e+02 3.142652e+02 3.108106e+02
43t 6.148915e+02 4.305079e+02 3.889505e+02 4.365140e+02 4.113209e+02
44t 9.280455e+02 9.255864e+02 9.598867e+02 9.494741e+02 9.523089e+02
45t 9.272798e+02 9.230491e+02 9.619576e+02 9.538582e+02 9.575127e+02
46t 9.247356e+02 9.280291e+02 9.543060e+02 9.569665e+02 9.600601e+02
47t 1.214641e+03 1.208799e+03 5.561191e+02 5.579119e+02 5.547317e+02
48t 1.324872e+03 1.356859e+03 1.076591e+03 1.074998e+03 1.130391e+03
49t 1.206168e+03 1.207191e+03 9.636991e+02 5.790499e+02 5.669340e+02
50t 1.369347e+03 1.388013e+03 1.254620e+03 1.271164e+03 1.289934e+03
             126          127          128          129          130
1t  1.042373e+00 1.730307e+00 1.529529e+00 9.239051e-01 1.653602e+00
2t  1.232443e+07 6.036559e+06 7.439546e+06 1.775958e+07 5.123112e+06
3t  1.772338e+06 2.065314e+06 2.092686e+06 2.211103e+06 2.244864e+06
4t  1.398733e+05 1.466363e+05 1.403889e+05 1.607201e+05 1.489534e+05
5t  5.245019e+01 5.752735e+01 5.633361e+01 5.059347e+01 5.352668e+01
6t  1.319888e+02 1.333398e+02 1.455961e+02 1.781915e+02 7.411960e+01
7t  5.969038e+03 5.514970e+03 7.212633e+03 4.938534e+03 6.999079e+03
8t  5.673922e+00 6.833100e+00 6.496269e+00 5.897092e+00 6.815666e+00
9t  3.061497e+02 3.725353e+02 3.688721e+02 2.983671e+02 3.956834e+02
10t 2.477054e+01 3.202246e+01 2.901021e+01 2.728780e+01 2.993794e+01
11t 3.158869e+02 3.553249e+02 3.750652e+02 3.198390e+02 3.933760e+02
12t 2.031236e+04 2.509646e+04 2.515720e+04 2.273874e+04 2.414901e+04
13t 2.011456e+01 2.054456e+01 2.061217e+01 2.012494e+01 2.049024e+01
14t 2.109323e+01 2.117589e+01 2.117124e+01 2.106381e+01 2.115821e+01
15t 1.848139e+02 2.007768e+02 2.084190e+02 1.955507e+02 2.333781e+02
16t 4.825885e+01 4.908374e+01 4.922353e+01 1.080415e+02 4.930236e+01
17t 9.467932e+00 5.006132e+02 6.202144e+02 6.402354e+00 6.764310e+02
18t 9.434155e-01 9.724628e-01 9.667770e-01 9.302354e-01 9.917913e-01
19t 7.303066e+02 1.234378e+03 1.455129e+03 7.072045e+02 1.198749e+03
20t 4.089617e+02 6.891466e+02 7.174494e+02 3.742263e+02 7.336355e+02
21t 2.759955e+04 3.584864e+04 3.498818e+04 2.736969e+04 3.660285e+04
22t 2.903928e+04 3.584124e+04 3.567788e+04 2.892790e+04 3.650238e+04
23t 6.077348e+01 6.919759e+01 6.654079e+01 6.164371e+01 7.076942e+01
24t 8.756900e-01 3.560131e+00 3.336900e+00 5.475691e-01 3.147710e+00
25t 7.744517e-01 5.977217e-01 5.853882e-01 7.845676e-01 6.066930e-01
26t 4.241527e-01 2.698667e-01 2.786918e-01 3.229835e-01 2.887228e-01
27t 7.322796e+01 5.203703e+01 4.789612e+01 9.791630e+01 5.235650e+01
28t 2.544423e+02 1.846660e+02 1.891530e+02 2.519026e+02 2.226632e+02
29t 3.619063e+02 4.229102e+02 4.502549e+02 3.817328e+02 4.284833e+02
30t 1.354621e+01 1.227524e+01 1.381539e+01 1.653892e+01 1.224841e+01
31t 1.989571e+02 1.097383e+02 1.061759e+02 2.125421e+02 1.263206e+02
32t 4.275088e+02 2.559281e+02 3.800741e+02 4.696356e+02 4.100619e+02
33t 1.474727e+02 1.568349e+02 1.574741e+02 1.205574e+02 1.409890e+02
34t 2.658079e+01 2.957290e+01 3.124562e+01 2.686942e+01 3.471794e+01
35t 1.340318e+04 1.356354e+04 1.370987e+04 1.314864e+04 1.337231e+04
36t 1.899645e+05 2.047709e+05 1.619900e+05 2.090892e+05 1.805065e+05
37t 5.814518e+01 6.560871e+01 6.882220e+01 6.329287e+01 6.567326e+01
38t 2.849529e+05 1.497443e+05 1.339428e+05 2.429449e+05 1.631765e+05
39t 5.719906e+00 5.455897e+00 4.977569e+00 8.073122e+00 5.172098e+00
40t 2.092949e+02 5.370293e+02 6.480461e+02 1.568247e+02 4.518623e+02
41t 4.475568e+02 4.498500e+02 4.502790e+02 4.474335e+02 4.504494e+02
42t 3.578648e+02 3.233554e+02 3.440657e+02 3.834135e+02 3.287110e+02
43t 4.359179e+02 4.043389e+02 4.381013e+02 4.379254e+02 3.939327e+02
44t 9.337657e+02 9.568948e+02 9.456532e+02 9.393049e+02 9.548160e+02
45t 9.386316e+02 9.552769e+02 9.495864e+02 9.383891e+02 9.628015e+02
46t 9.374121e+02 9.516274e+02 9.485634e+02 9.435592e+02 9.585501e+02
47t 5.403588e+02 5.551665e+02 5.462927e+02 1.034871e+03 5.626589e+02
48t 1.072770e+03 1.068704e+03 1.133534e+03 1.052044e+03 1.033599e+03
49t 5.576722e+02 5.852997e+02 5.667210e+02 5.585449e+02 1.204658e+03
50t 1.243338e+03 1.258227e+03 1.269131e+03 1.243551e+03 1.252565e+03
             131          132          133          134          135
1t  1.445962e+00 1.021869e+01 2.948405e+00 2.625542e+00 1.813541e+00
2t  9.543298e+06 8.595481e+06 1.106336e+07 9.001295e+06 5.547038e+06
3t  2.278309e+06 1.381873e+07 4.917941e+06 3.567045e+06 3.434707e+06
4t  1.399247e+05 1.093552e+05 1.552073e+05 9.972828e+04 3.911295e+04
5t  5.512028e+01 2.669572e+01 4.583914e+01 3.627639e+01 1.785999e+01
6t  1.219601e+02 2.798552e+02 2.463505e+02 1.497946e+01 8.245509e+00
7t  4.899617e+03 6.178377e+03 1.351295e+04 4.637373e+03 1.295300e+04
8t  6.047721e+00 1.626354e+01 9.311227e+00 9.110959e+00 7.567587e+00
9t  3.858876e+02 2.852191e+02 2.904877e+02 3.055867e+02 3.084281e+02
10t 2.682216e+01 5.922546e+01 3.660665e+01 3.395090e+01 3.376860e+01
11t 3.807328e+02 3.133368e+02 2.842582e+02 2.838666e+02 3.109070e+02
12t 2.535331e+04 7.423551e+03 5.476674e+02 8.266096e+03 5.406997e+03
13t 2.057653e+01 2.015859e+01 1.923566e+01 2.044211e+01 2.016565e+01
14t 2.119906e+01 2.120575e+01 2.104796e+01 2.120876e+01 2.108246e+01
15t 2.094090e+02 1.093283e+03 4.370965e+02 2.939958e+02 2.557059e+02
16t 4.928061e+01 4.905288e+01 1.024618e+02 1.033205e+02 1.030162e+02
17t 6.141877e+02 2.805619e-01 2.609999e-01 1.697727e-01 7.407735e-02
18t 9.770216e-01 1.142727e+00 1.043630e+00 1.033197e+00 1.013290e+00
19t 1.497035e+03 3.941505e+02 5.213249e+02 6.275236e+02 8.275028e+02
20t 7.247003e+02 2.351318e+02 3.483148e+02 2.712130e+02 3.476550e+02
21t 3.604113e+04 2.818426e+04 2.709726e+04 3.041193e+04 2.827553e+04
22t 3.608210e+04 3.436474e+04 2.978209e+04 2.955613e+04 2.883993e+04
23t 7.023427e+01 4.845408e+01 4.432927e+01 5.441919e+01 4.683462e+01
24t 3.677028e+00 3.376589e+00 6.588960e-01 7.444380e-01 5.494760e-01
25t 6.209294e-01 6.654022e-01 6.155762e-01 4.890336e-01 7.578960e-01
26t 2.636468e-01 3.782655e-01 3.661557e-01 3.282414e-01 3.556469e-01
27t 4.360072e+01 9.503617e+01 1.214453e+02 1.085437e+02 1.135212e+02
28t 1.698789e+02 8.541680e+02 3.885785e+02 3.502049e+02 2.820246e+02
29t 4.494843e+02 3.054204e+02 3.469022e+02 3.260082e+02 4.183766e+02
30t 1.087285e+01 2.405978e+01 1.728096e+01 2.598486e+01 1.699150e+01
31t 1.147388e+02 2.680948e+02 2.509193e+02 2.208840e+02 2.629089e+02
32t 4.152969e+02 4.296146e+02 4.075861e+02 3.995957e+02 4.123727e+02
33t 1.501207e+02 8.959655e+01 1.332410e+02 1.557197e+02 1.268019e+02
34t 2.983729e+01 5.118851e+01 2.939209e+01 3.749450e+01 3.209427e+01
35t 1.386345e+04 1.267887e+04 1.297782e+04 1.318022e+04 1.354289e+04
36t 1.622078e+05 6.047409e+05 3.174198e+05 4.270871e+05 2.918981e+05
37t 6.580509e+01 6.199977e+01 6.077146e+01 6.025633e+01 5.880477e+01
38t 1.553464e+05 2.231098e+05 3.170224e+05 3.282427e+05 2.939334e+05
39t 5.093645e+00 9.283857e+00 5.783719e+00 7.079296e+00 6.497141e+00
40t 8.137445e+02 1.849090e+01 2.943768e+01 4.273001e+01 3.389433e+01
41t 4.497125e+02 4.754469e+02 4.553258e+02 4.529736e+02 4.521872e+02
42t 3.162448e+02 2.770039e+02 2.907770e+02 2.914529e+02 3.101983e+02
43t 4.384462e+02 4.654294e+02 4.459762e+02 4.382759e+02 4.386574e+02
44t 9.515019e+02 9.819487e+02 9.320051e+02 9.932820e+02 1.006405e+03
45t 9.509312e+02 9.314229e+02 9.416188e+02 1.002264e+03 9.350070e+02
46t 9.582800e+02 9.255162e+02 9.398571e+02 9.848958e+02 9.290783e+02
47t 5.481118e+02 1.024856e+03 5.998996e+02 5.862145e+02 5.665919e+02
48t 1.094126e+03 9.762994e+02 9.772900e+02 1.024528e+03 1.204589e+03
49t 5.685046e+02 1.025361e+03 9.419991e+02 6.114015e+02 9.328080e+02
50t 1.262900e+03 9.005967e+02 1.191998e+03 1.215113e+03 1.217552e+03
             136          137          138          139          140
1t  2.531941e+00 2.299757e+00 1.547515e+03 1.463188e+02 6.321748e+00
2t  5.080751e+06 2.083508e+07 4.983715e+07 6.549688e+07 1.151291e+07
3t  3.899679e+06 4.608179e+06 5.213840e+08 3.416752e+08 9.832456e+06
4t  1.635378e+05 8.759263e+04 1.544377e+05 1.264388e+05 2.276223e+04
5t  5.348977e+01 5.397844e+00 6.142808e+01 1.344676e+01 9.896251e+00
6t  1.043820e+02 3.656518e+02 9.658128e+02 5.844186e+03 6.809590e+01
7t  4.196376e+03 3.009403e+03 4.432207e+04 1.532790e+04 1.334190e+03
8t  8.848977e+00 9.149675e+00 5.300502e+00 1.804261e+01 1.182172e+01
9t  3.677534e+02 2.132038e+02 2.922200e+02 1.064014e+02 2.779741e+02
10t 3.345710e+01 3.848624e+01 2.275645e+01 7.497212e+01 5.131731e+01
11t 4.035748e+02 2.643777e+02 2.807679e+02 1.102131e+02 2.554131e+02
12t 2.396914e+04 2.372533e+02 2.454888e+04 7.361774e+02 3.961666e+02
13t 2.054661e+01 2.279793e+00 1.990419e+01 4.345307e+00 3.122859e+00
14t 2.119122e+01 2.094976e+01 2.096019e+01 2.114020e+01 2.113786e+01
15t 3.055630e+02 5.730570e+02 7.419503e+05 4.823111e+05 8.091199e+02
16t 4.939276e+01 4.534390e+01 1.775458e+02 8.042353e+01 9.919273e+01
17t 5.435802e+02 1.166605e+00 1.798636e+02 3.804620e+00 1.717615e-01
18t 1.028474e+00 1.049484e+00 4.133743e+00 4.655269e+00 1.077901e+00
19t 8.892395e+02 4.082447e+02 1.399050e+03 4.252164e+02 5.417992e+02
20t 7.256054e+02 2.893817e+02 3.349822e+02 2.351299e+02 3.100683e+02
21t 3.634198e+04 2.657490e+04 2.858711e+04 2.821497e+04 2.675772e+04
22t 3.664589e+04 2.958013e+04 2.815337e+04 2.934587e+04 2.992943e+04
23t 7.118421e+01 4.153147e+01 5.271742e+01 3.879824e+01 4.514222e+01
24t 3.386638e+00 7.426917e-01 1.280197e+00 1.325294e+00 6.467287e-01
25t 6.520295e-01 6.142498e-01 8.409699e-01 6.064335e-01 6.262954e-01
26t 2.675375e-01 3.409142e-01 4.090273e-01 3.883180e-01 7.057238e-01
27t 4.833872e+01 9.112401e+01 1.639541e+02 1.869420e+02 1.418137e+02
28t 2.578370e+02 3.767492e+02 1.464379e+06 7.299743e+04 6.107318e+02
29t 3.878061e+02 2.545692e+02 3.464025e+02 2.848814e+02 2.829941e+02
30t 1.527542e+01 1.448614e+01 1.627319e+01 3.411244e+01 2.367351e+01
31t 8.628263e+01 1.913057e+02 2.936533e+02 2.663315e+02 2.832093e+02
32t 4.337502e+02 4.348596e+02 3.732206e+02 5.486122e+02 6.048886e+02
33t 1.196080e+02 1.120421e+02 1.379155e+02 1.313025e+02 1.213841e+02
34t 3.396631e+01 3.159742e+01 3.543641e+01 5.779890e+01 4.744495e+01
35t 1.287902e+04 1.248504e+04 1.400232e+04 1.237668e+04 1.270352e+04
36t 2.459446e+05 2.656105e+05 1.904339e+05 1.207770e+06 5.886953e+05
37t 6.335368e+01 6.254792e+01 6.216543e+01 6.147916e+01 6.058099e+01
38t 1.505519e+05 3.301302e+05 1.996122e+05 3.674583e+05 4.730737e+05
39t 5.595308e+00 6.340467e+00 5.277986e+01 2.265052e+02 8.626582e+00
40t 2.037895e+02 1.139893e+01 4.128558e+02 3.137117e+01 1.038221e+01
41t 4.547052e+02 4.529288e+02 4.463856e+02 4.757107e+02 4.645119e+02
42t 3.093629e+02 2.900494e+02 4.270862e+02 3.134640e+02 2.801585e+02
43t 3.546652e+02 4.457815e+02 4.562785e+02 3.600704e+02 4.591608e+02
44t 9.901231e+02 9.286583e+02 1.128443e+03 9.272672e+02 9.272845e+02
45t 9.787148e+02 9.241009e+02 1.017095e+03 9.237307e+02 9.352189e+02
46t 9.768450e+02 9.239256e+02 1.155252e+03 9.278913e+02 9.286330e+02
47t 5.971947e+02 1.019771e+03 5.358482e+02 1.023956e+03 1.023360e+03
48t 1.000046e+03 9.726312e+02 1.097679e+03 9.151695e+02 9.470610e+02
49t 6.025611e+02 1.020175e+03 9.056983e+02 1.023334e+03 9.946690e+02
50t 1.211197e+03 9.578983e+02 1.317079e+03 8.937088e+02 9.082818e+02
             141          142          143          144          145
1t  3.301573e+00 1.604189e+00 2.664050e+00 1.384651e+01 8.892622e+00
2t  1.125327e+07 4.316956e+06 1.705277e+07 3.959476e+07 2.065978e+07
3t  5.528430e+06 2.434338e+06 4.567974e+06 3.033307e+07 1.261074e+07
4t  1.301288e+05 1.655193e+05 1.193162e+05 1.289425e+05 7.184376e+04
5t  3.590665e+01 3.625651e+01 1.098560e+01 6.992914e+00 4.757742e+00
6t  6.219956e+02 4.305148e+01 3.210057e+02 1.095115e+03 1.028270e+03
7t  4.632210e+03 5.105039e+03 5.247477e+03 3.312594e+03 3.831234e+03
8t  1.022380e+01 6.797432e+00 8.685375e+00 1.101283e+01 1.246166e+01
9t  2.533347e+02 2.634680e+02 2.151701e+02 1.888619e+02 1.343587e+02
10t 4.251079e+01 2.962174e+01 3.714710e+01 4.362000e+01 4.867923e+01
11t 2.684362e+02 2.841068e+02 2.517021e+02 1.544212e+02 1.127157e+02
12t 6.768881e+03 5.322824e+03 2.793068e+02 2.890046e+02 1.135323e+03
13t 2.427931e+00 1.938672e+01 2.089678e+00 2.734717e+00 2.905511e+00
14t 2.116268e+01 2.115601e+01 2.102242e+01 2.112549e+01 2.111482e+01
15t 5.085377e+02 1.949363e+02 4.201216e+02 7.766540e+03 4.812809e+03
16t 4.940053e+01 1.019463e+02 4.843580e+01 6.208052e+01 4.989873e+01
17t 1.204009e-01 5.957811e-02 1.159085e+00 1.570782e+00 3.051909e+00
18t 1.057039e+00 9.220172e-01 1.040290e+00 1.270618e+00 1.154435e+00
19t 4.075383e+02 6.207287e+02 3.983552e+02 4.201209e+02 3.879389e+02
20t 2.673130e+02 3.711854e+02 2.015251e+02 1.580855e+02 2.494352e+02
21t 2.974611e+04 3.366273e+04 2.621408e+04 2.754525e+04 2.732590e+04
22t 3.407171e+04 3.411758e+04 2.903709e+04 2.846412e+04 2.751390e+04
23t 4.569016e+01 5.564691e+01 4.614738e+01 4.373136e+01 4.699685e+01
24t 3.734455e+00 2.800820e+00 6.363873e-01 1.033260e+00 7.921309e-01
25t 5.995255e-01 6.032245e-01 5.617334e-01 5.059904e-01 5.249693e-01
26t 2.691938e-01 2.931490e-01 3.313898e-01 3.168946e-01 3.191000e-01
27t 6.944633e+01 7.570540e+01 7.943144e+01 7.153446e+01 1.056154e+02
28t 2.562456e+02 2.697123e+02 4.093936e+02 1.154850e+03 6.968257e+02
29t 3.158965e+02 3.959358e+02 2.695603e+02 2.851197e+02 2.753017e+02
30t 1.563669e+01 1.222741e+01 1.504183e+01 1.862280e+01 2.045420e+01
31t 1.469050e+02 1.824264e+02 1.557800e+02 1.779361e+02 1.867027e+02
32t 3.341352e+02 5.060096e+02 4.218606e+02 4.252539e+02 4.535664e+02
33t 1.118748e+02 1.039416e+02 1.111419e+02 1.117656e+02 1.229714e+02
34t 3.652812e+01 2.427049e+01 2.922913e+01 3.550467e+01 3.957208e+01
35t 1.242479e+04 1.271295e+04 1.253027e+04 1.242530e+04 1.263695e+04
36t 5.918268e+05 2.619853e+05 3.913967e+05 4.928946e+05 6.051729e+05
37t 6.157126e+01 6.171790e+01 6.034835e+01 6.214992e+01 6.077816e+01
38t 2.481478e+05 1.880525e+05 3.672889e+05 2.020692e+05 3.750211e+05
39t 7.427644e+00 4.639517e+00 6.026442e+00 1.999906e+01 1.141563e+01
40t 2.744168e+01 8.521382e+01 2.278807e+01 2.071273e+01 1.398965e+01
41t 4.599237e+02 4.502553e+02 4.534325e+02 4.594225e+02 4.638205e+02
42t 2.853462e+02 2.984383e+02 2.805402e+02 2.782911e+02 2.634675e+02
43t 3.867868e+02 4.355917e+02 3.479419e+02 3.230798e+02 3.599910e+02
44t 9.377837e+02 9.411917e+02 9.216514e+02 9.309677e+02 9.255448e+02
45t 9.515483e+02 9.330058e+02 9.217886e+02 9.259168e+02 9.229137e+02
46t 9.341939e+02 9.378022e+02 9.220589e+02 9.245316e+02 9.227866e+02
47t 5.899103e+02 5.522796e+02 1.022190e+03 1.021719e+03 1.023376e+03
48t 9.761840e+02 9.716349e+02 9.774354e+02 9.212363e+02 9.750308e+02
49t 6.665680e+02 5.778802e+02 1.022544e+03 1.023842e+03 1.022410e+03
50t 1.191817e+03 1.225928e+03 9.718229e+02 9.174212e+02 9.208223e+02
             146          147          148          149          150
1t  5.324328e+00 2.362265e+00 4.808189e+00 1.596941e+00 1.935163e+00
2t  2.698895e+07 1.409293e+07 4.505732e+07 2.395483e+07 1.811276e+07
3t  6.771727e+06 4.832941e+06 7.174856e+06 2.997851e+06 3.263375e+06
4t  7.511479e+04 8.485095e+04 7.017161e+04 1.034092e+05 1.007763e+05
5t  1.511751e+01 4.700324e+00 2.673416e+00 1.501691e+01 3.663819e+00
6t  8.879575e+02 5.403466e+02 3.549526e+02 4.403613e+02 2.092104e+02
7t  3.500779e+03 3.300796e+03 4.643454e+03 4.684608e+03 3.621539e+03
8t  1.083585e+01 8.224647e+00 1.107297e+01 6.674722e+00 7.094294e+00
9t  2.598824e+02 2.152905e+02 1.730397e+02 2.480873e+02 2.697525e+02
10t 3.882124e+01 3.557147e+01 4.488146e+01 3.151241e+01 3.256930e+01
11t 2.060501e+02 2.259271e+02 9.141428e+01 2.708268e+02 2.413032e+02
12t 3.003753e+03 2.540797e+02 3.134288e+02 2.439630e+02 2.069991e+02
13t 2.604245e+00 2.039442e+00 2.697417e+00 1.736401e+00 1.903730e+00
14t 2.113424e+01 2.117089e+01 2.105011e+01 2.104702e+01 2.107803e+01
15t 1.932262e+04 2.640833e+02 7.029792e+02 2.458812e+02 2.637441e+02
16t 4.965189e+01 4.871975e+01 4.782482e+01 4.827194e+01 4.932996e+01
17t 1.206404e+00 1.655979e+00 1.114857e+00 1.380666e+00 1.511130e+00
18t 1.124291e+00 1.047535e+00 1.072256e+00 1.008183e+00 9.904887e-01
19t 4.048111e+02 3.735944e+02 3.758569e+02 3.885754e+02 4.765173e+02
20t 1.842954e+02 2.641596e+02 1.722073e+02 2.118508e+02 1.996216e+02
21t 2.726654e+04 2.752253e+04 2.785330e+04 2.804078e+04 2.696014e+04
22t 2.876144e+04 2.929532e+04 2.905302e+04 2.817765e+04 2.880508e+04
23t 4.936203e+01 4.117953e+01 3.858943e+01 4.410573e+01 4.635314e+01
24t 9.799923e-01 9.164980e-01 6.847746e-01 4.807080e-01 9.322463e-01
25t 4.720717e-01 5.237571e-01 6.450388e-01 6.404770e-01 5.484224e-01
26t 3.004770e-01 3.147760e-01 3.364204e-01 3.159765e-01 3.619702e-01
27t 9.817647e+01 5.689437e+01 8.564861e+01 8.947153e+01 1.006041e+02
28t 6.507874e+02 2.990592e+02 4.286030e+02 2.723062e+02 2.693536e+02
29t 2.927101e+02 2.971822e+02 3.215765e+02 3.013039e+02 2.981697e+02
30t 1.661860e+01 1.451551e+01 1.836512e+01 1.164480e+01 1.222914e+01
31t 1.466510e+02 2.145688e+02 2.169977e+02 2.044828e+02 2.164429e+02
32t 6.020051e+02 3.360747e+02 6.869280e+02 3.603450e+02 4.022925e+02
33t 1.101322e+02 1.168307e+02 1.090040e+02 1.202415e+02 1.127855e+02
34t 3.329942e+01 3.181230e+01 3.515701e+01 2.699644e+01 2.865152e+01
35t 1.237669e+04 1.256502e+04 1.246599e+04 1.254556e+04 1.259974e+04
36t 4.490053e+05 3.732115e+05 5.315198e+05 2.665812e+05 2.851571e+05
37t 5.892051e+01 6.039550e+01 6.036974e+01 6.101792e+01 6.116781e+01
38t 2.682885e+05 3.195481e+05 5.389549e+05 2.969584e+05 3.314621e+05
39t 8.376346e+00 7.242853e+00 7.566263e+00 7.005886e+00 6.057751e+00
40t 1.648604e+01 1.500868e+01 1.298753e+01 3.219408e+01 2.710290e+01
41t 4.589987e+02 4.523422e+02 4.594888e+02 4.509911e+02 4.512819e+02
42t 3.278493e+02 2.635583e+02 2.931798e+02 2.656225e+02 3.088288e+02
43t 3.609015e+02 3.780797e+02 3.076298e+02 3.727194e+02 4.482985e+02
44t 9.261155e+02 9.287848e+02 9.280126e+02 9.274795e+02 9.255548e+02
45t 9.243905e+02 9.246920e+02 9.207615e+02 9.342788e+02 9.292640e+02
46t 9.224083e+02 9.234254e+02 9.229638e+02 9.282090e+02 9.276945e+02
47t 1.025050e+03 1.024301e+03 1.025870e+03 1.029175e+03 1.022499e+03
48t 9.340987e+02 9.794014e+02 9.620382e+02 9.681063e+02 9.946724e+02
49t 1.026285e+03 1.021154e+03 1.024046e+03 1.017550e+03 1.019962e+03
50t 8.901784e+02 9.508700e+02 8.985936e+02 1.048388e+03 9.652743e+02
             151          152          153          154          155
1t  1.252685e+00 2.454532e+00 3.243350e+00 1.178634e+00 1.267290e+00
2t  4.784628e+06 2.207412e+07 5.585305e+06 1.029430e+07 3.433829e+06
3t  2.541419e+06 3.512213e+06 5.686314e+06 1.898791e+06 1.732077e+06
4t  9.971645e+04 1.288766e+05 7.767157e+04 1.319382e+05 1.294556e+05
5t  6.621274e+00 8.430488e+00 7.297904e+00 5.361962e+01 4.408003e+01
6t  1.684279e+01 2.742890e+02 1.249153e+02 9.117174e+01 1.236029e+01
7t  3.830110e+03 3.211139e+03 3.302514e+03 7.086583e+03 1.968056e+04
8t  6.917874e+00 7.913210e+00 1.039071e+01 6.152737e+00 6.105311e+00
9t  3.047662e+02 2.367803e+02 2.692094e+02 2.712811e+02 3.707194e+02
10t 3.138061e+01 3.545780e+01 4.072855e+01 2.734236e+01 2.640711e+01
11t 2.675779e+02 2.460556e+02 2.593269e+02 2.740659e+02 3.762151e+02
12t 1.655446e+02 2.396479e+02 9.100908e+03 2.672094e+04 1.316528e+04
13t 1.692819e+00 2.093954e+00 2.457563e+00 2.011619e+01 2.061243e+01
14t 2.092161e+01 2.096001e+01 2.109106e+01 2.115638e+01 2.101737e+01
15t 2.335289e+02 3.534130e+02 4.502608e+02 1.721723e+02 1.572311e+02
16t 4.928438e+01 4.866680e+01 4.942252e+01 4.884761e+01 1.027123e+02
17t 2.055460e-01 1.202567e+00 1.904962e-01 5.549535e+01 7.728293e+01
18t 9.468852e-01 1.032667e+00 1.051785e+00 9.354256e-01 8.797565e-01
19t 5.231107e+02 3.737162e+02 3.825094e+02 8.418894e+02 1.215688e+03
20t 2.968368e+02 2.534182e+02 2.031473e+02 3.023382e+02 6.932904e+02
21t 2.830031e+04 2.769683e+04 2.900819e+04 2.669368e+04 3.488683e+04
22t 2.920319e+04 2.775216e+04 2.884874e+04 2.970969e+04 3.549851e+04
23t 4.705386e+01 4.806448e+01 5.164708e+01 6.177900e+01 7.364101e+01
24t 5.603336e-01 7.762245e-01 6.240188e-01 9.628440e-01 2.471442e+00
25t 7.684016e-01 5.786734e-01 4.474191e-01 5.901976e-01 5.885603e-01
26t 7.676987e-01 3.422123e-01 2.727185e-01 3.304151e-01 2.997092e-01
27t 9.844365e+01 5.696348e+01 8.556604e+01 1.095750e+02 5.819526e+01
28t 2.527456e+02 3.152738e+02 4.157168e+02 3.970188e+04 2.075188e+02
29t 3.124847e+02 2.904243e+02 2.802776e+02 3.263805e+02 4.465376e+02
30t 1.312265e+01 1.389164e+01 1.660194e+01 2.196474e+01 1.544745e+01
31t 2.763111e+02 1.485165e+02 1.931972e+02 2.076683e+02 1.597532e+02
32t 5.788835e+02 3.671077e+02 3.901140e+02 3.461973e+02 4.295971e+02
33t 1.223214e+02 1.061814e+02 1.193293e+02 1.234022e+02 1.437141e+02
34t 3.152144e+01 3.019790e+01 3.157323e+01 2.294749e+01 3.384731e+01
35t 1.264466e+04 1.248663e+04 1.248797e+04 1.343678e+04 1.324356e+04
36t 3.934327e+05 3.984620e+05 4.828009e+05 2.000038e+05 1.993240e+05
37t 5.911531e+01 5.872634e+01 6.054011e+01 6.123287e+01 7.231914e+01
38t 4.822061e+05 3.346911e+05 3.908877e+05 2.379096e+05 3.073233e+05
39t 6.889100e+00 6.210837e+00 6.248512e+00 6.489450e+00 4.341951e+00
40t 4.753028e+01 2.000162e+01 1.323156e+01 1.991022e+02 2.195524e+02
41t 4.504870e+02 4.522357e+02 4.581933e+02 4.486769e+02 4.493330e+02
42t 3.085232e+02 2.900983e+02 2.710567e+02 4.125231e+02 3.258320e+02
43t 3.433601e+02 3.965317e+02 3.081930e+02 4.328948e+02 3.536526e+02
44t 9.349104e+02 9.246507e+02 9.256614e+02 9.828712e+02 9.498998e+02
45t 9.436325e+02 9.325364e+02 9.273214e+02 9.495799e+02 9.454589e+02
46t 9.239563e+02 9.213405e+02 9.231199e+02 9.947642e+02 9.487763e+02
47t 1.024159e+03 1.020226e+03 1.029302e+03 1.199407e+03 1.195828e+03
48t 9.952477e+02 9.277561e+02 9.452966e+02 1.069076e+03 1.032537e+03
49t 1.018299e+03 1.020933e+03 1.027325e+03 6.236415e+02 1.203180e+03
50t 1.152086e+03 9.366490e+02 9.626836e+02 1.264851e+03 1.265068e+03
             156          157          158          159          160
1t  2.635246e+03 8.786090e-01 1.608667e+00 2.222152e+00 1.140773e+00
2t  1.328600e+07 1.022570e+07 9.427586e+06 3.199735e+06 1.885899e+07
3t  2.126921e+06 1.561988e+06 2.328232e+06 2.972727e+06 2.261596e+06
4t  1.618032e+05 1.403364e+05 1.348364e+05 3.754580e+04 1.285769e+05
5t  5.348299e+01 5.871232e+01 3.938611e+01 4.487498e+01 5.216224e+01
6t  5.271232e+01 3.236982e+02 4.810439e+02 1.282400e+01 3.278904e+02
7t  8.901157e+03 1.055390e+04 7.505356e+03 3.021967e+03 5.423404e+03
8t  8.119228e+00 5.275586e+00 6.583312e+00 8.338071e+00 5.406393e+00
9t  3.083744e+02 3.506425e+02 2.950023e+02 3.128909e+02 3.040979e+02
10t 2.944212e+01 2.561520e+01 2.785355e+01 3.777838e+01 2.581699e+01
11t 2.568278e+02 3.579952e+02 3.079964e+02 3.228259e+02 3.003557e+02
12t 2.356465e+04 2.512067e+04 1.261014e+04 1.296287e+04 2.199283e+04
13t 1.975114e+01 2.019857e+01 1.953701e+01 2.065058e+01 1.998437e+01
14t 2.098179e+01 2.120239e+01 2.117343e+01 2.098658e+01 2.093026e+01
15t 8.879497e+05 3.331475e+02 2.048442e+02 2.912252e+02 1.189003e+04
16t 9.068044e+01 4.908209e+01 4.906586e+01 1.044591e+02 4.806468e+01
17t 4.237937e+02 1.263286e+00 5.522635e-02 8.312247e+00 1.456101e+01
18t 1.014817e+00 9.005346e-01 9.913973e-01 1.015051e+00 9.649513e-01
19t 2.530895e+03 9.856722e+02 6.292914e+02 8.586343e+02 5.411919e+02
20t 3.480521e+02 6.212231e+02 3.655923e+02 3.676003e+02 4.109692e+02
21t 2.867777e+04 3.482313e+04 3.439191e+04 2.845161e+04 2.745988e+04
22t 2.935758e+04 3.502168e+04 3.371523e+04 2.920976e+04 2.841137e+04
23t 6.309073e+01 6.974386e+01 5.654461e+01 6.283888e+01 5.563532e+01
24t 1.949834e+00 3.297047e+00 3.734455e+00 7.057081e-01 8.829510e-01
25t 5.976703e-01 6.395499e-01 5.668749e-01 6.407900e-01 7.591520e-01
26t 3.231135e-01 3.402458e-01 2.970901e-01 3.585187e-01 3.467913e-01
27t 1.173641e+02 5.948383e+01 6.065059e+01 1.208868e+02 6.446439e+01
28t 8.106143e+05 1.850749e+02 2.532304e+02 3.391298e+02 3.632427e+04
29t 3.702511e+02 3.841777e+02 3.838351e+02 4.226623e+02 3.281799e+02
30t 2.318310e+01 1.535996e+01 1.568202e+01 2.850476e+01 1.090096e+01
31t 2.252525e+02 1.858867e+02 1.792913e+02 2.502932e+02 1.876366e+02
32t 3.536199e+02 4.565300e+02 3.187253e+02 4.002168e+02 3.147649e+02
33t 1.625183e+02 1.314286e+02 1.248913e+02 1.585133e+02 1.441398e+02
34t 2.898208e+01 2.745356e+01 2.673790e+01 4.384469e+01 2.888875e+01
35t 1.439156e+04 1.290053e+04 1.271314e+04 1.318447e+04 1.281473e+04
36t 1.946343e+05 1.419855e+05 1.985890e+05 1.886585e+05 2.089513e+05
37t 5.636380e+01 6.198189e+01 6.367345e+01 5.502602e+01 5.596875e+01
38t 2.076729e+05 1.622661e+05 1.410608e+05 1.917914e+05 2.024171e+05
39t 6.183446e+00 6.579641e+00 5.155980e+00 7.545536e+00 6.762029e+00
40t 3.320853e+02 5.725584e+02 2.225004e+02 4.317219e+01 1.527092e+02
41t 4.486850e+02 4.479406e+02 4.504108e+02 4.517427e+02 4.444051e+02
42t 4.088470e+02 3.271010e+02 3.340756e+02 4.279082e+02 3.635771e+02
43t 4.328368e+02 4.418981e+02 3.927654e+02 4.368140e+02 4.381067e+02
44t 1.023721e+03 9.378501e+02 9.591803e+02 1.033714e+03 9.403927e+02
45t 1.006587e+03 9.331139e+02 9.431148e+02 9.982622e+02 9.349719e+02
46t 9.440042e+02 9.365569e+02 9.606894e+02 9.349181e+02 9.376468e+02
47t 1.194874e+03 5.353644e+02 5.456948e+02 5.643460e+02 1.030321e+03
48t 1.052625e+03 1.172459e+03 1.018616e+03 1.261651e+03 1.063474e+03
49t 9.215595e+02 5.517632e+02 5.715975e+02 1.203421e+03 5.539683e+02
50t 1.385730e+03 1.333155e+03 1.286940e+03 1.249185e+03 1.255893e+03
             161          162          163          164          165
1t  1.495802e+00 1.114189e+00 1.228062e+00 2.603750e+00 1.023831e+00
2t  9.582033e+06 3.605129e+06 2.953647e+06 9.461998e+06 5.213108e+06
3t  2.401512e+06 1.355568e+06 1.857140e+06 3.895093e+06 1.774555e+06
4t  1.358274e+05 1.472617e+05 1.496015e+05 9.965461e+04 1.083988e+05
5t  6.000706e+01 4.666722e+01 2.972790e+01 4.106702e+01 3.519239e+01
6t  3.577227e+02 2.371472e+01 6.078930e+00 1.940659e+01 1.396683e+01
7t  9.587122e+03 9.008125e+03 1.924308e+04 4.283066e+03 3.691021e+03
8t  6.418324e+00 5.924746e+00 6.193617e+00 8.454895e+00 5.657471e+00
9t  3.137595e+02 3.652009e+02 3.997686e+02 3.183370e+02 2.936599e+02
10t 2.942112e+01 2.574409e+01 2.718503e+01 3.419054e+01 2.609852e+01
11t 3.091849e+02 3.773069e+02 4.058086e+02 2.802529e+02 2.848232e+02
12t 2.463836e+04 1.615159e+04 3.336062e+03 1.657273e+04 1.971512e+02
13t 2.031986e+01 2.066089e+01 2.058540e+01 2.037468e+01 2.010280e+01
14t 2.122409e+01 2.117218e+01 2.117751e+01 2.119176e+01 2.102320e+01
15t 7.520592e+03 1.450058e+02 1.783274e+02 3.298270e+02 7.477912e+03
16t 4.932541e+01 4.921163e+01 1.036944e+02 4.871272e+01 4.900085e+01
17t 1.438581e+01 4.098598e-02 5.319603e-02 6.762329e+00 2.921050e-01
18t 9.204090e-01 8.637841e-01 9.265033e-01 1.023885e+00 9.086562e-01
19t 5.846672e+02 1.477813e+03 1.152086e+03 6.494291e+02 5.033345e+02
20t 5.493686e+02 6.246220e+02 7.471043e+02 3.581130e+02 3.809034e+02
21t 3.455592e+04 3.545800e+04 3.441723e+04 2.921543e+04 2.775793e+04
22t 3.519282e+04 3.568552e+04 3.631788e+04 2.865521e+04 2.885615e+04
23t 6.522235e+01 6.144934e+01 8.161343e+01 5.933784e+01 6.187652e+01
24t 2.792105e+00 3.468910e+00 3.470304e+00 8.638737e-01 6.487203e-01
25t 6.277987e-01 6.912043e-01 7.058194e-01 4.657073e-01 9.027459e-01
26t 2.786809e-01 2.710334e-01 3.677343e-01 3.293739e-01 3.631283e-01
27t 5.687269e+01 8.726283e+01 6.493631e+01 1.151677e+02 1.079800e+02
28t 2.136086e+02 2.007589e+02 2.228701e+02 3.313725e+02 2.280000e+02
29t 4.002339e+02 4.410487e+02 4.193870e+02 4.636798e+02 3.588538e+02
30t 1.198685e+01 1.265061e+01 1.183147e+01 1.362964e+01 1.630548e+01
31t 1.648736e+02 1.652561e+02 1.751331e+02 1.913746e+02 2.099356e+02
32t 5.312148e+02 5.813746e+02 3.469523e+02 3.931214e+02 1.288615e+03
33t 1.272340e+02 1.423565e+02 1.471910e+02 1.327639e+02 1.355249e+02
34t 2.383696e+01 2.678132e+01 3.452600e+01 2.793523e+01 3.196407e+01
35t 1.319458e+04 1.373645e+04 1.318367e+04 1.294141e+04 1.363803e+04
36t 1.738935e+05 1.974137e+05 2.731585e+05 3.155862e+05 3.030469e+05
37t 6.509165e+01 6.289859e+01 7.194874e+01 6.135360e+01 5.967823e+01
38t 1.801868e+05 2.005267e+05 2.982841e+05 3.537951e+05 2.919626e+05
39t 6.875420e+00 4.902722e+00 4.621358e+00 5.405122e+00 6.416980e+00
40t 6.223285e+02 3.162917e+02 8.668584e+01 3.196607e+01 5.725745e+01
41t 4.494568e+02 4.482364e+02 5.754898e+02 4.538699e+02 4.482512e+02
42t 3.039253e+02 3.655690e+02 3.612916e+02 2.933689e+02 3.156890e+02
43t 4.374869e+02 4.379476e+02 4.330522e+02 4.376969e+02 4.328225e+02
44t 9.473760e+02 9.368869e+02 9.987776e+02 6.383851e+02 9.435755e+02
45t 9.487180e+02 9.424981e+02 1.026857e+03 9.376974e+02 9.407699e+02
46t 9.533073e+02 9.442126e+02 9.362070e+02 9.346303e+02 9.324853e+02
47t 5.485223e+02 1.200414e+03 5.489444e+02 1.197515e+03 5.372900e+02
48t 1.025470e+03 1.126524e+03 1.140862e+03 1.006323e+03 1.089061e+03
49t 5.688420e+02 5.540141e+02 5.604429e+02 6.017794e+02 1.022111e+03
50t 1.292273e+03 1.269486e+03 1.256920e+03 1.064552e+03 1.207844e+03
             166          167          168          169          170
1t  5.031771e+00 1.851514e+00 1.923987e+00 3.025549e+00 9.348348e-01
2t  7.696990e+06 1.547310e+07 6.459517e+06 5.504343e+06 4.723602e+06
3t  7.521291e+06 3.070836e+06 3.238270e+06 4.809255e+06 1.514861e+06
4t  1.133408e+05 1.104493e+05 1.225857e+05 1.086587e+05 9.631770e+04
5t  1.922043e+01 2.787714e+01 2.645602e+01 6.641086e+00 3.157785e+01
6t  7.151852e+02 4.539051e+02 1.002876e+02 6.959459e+01 1.104741e+01
7t  3.872141e+03 4.068880e+03 4.163694e+03 2.377277e+03 5.942706e+03
8t  1.282076e+01 7.565408e+00 8.209257e+00 9.646109e+00 5.442474e+00
9t  5.066592e+01 2.913603e+02 3.001854e+02 1.758277e+02 2.943337e+02
10t 4.680507e+01 3.156794e+01 3.389668e+01 3.854384e+01 2.658420e+01
11t 5.927094e+01 2.905756e+02 2.826796e+02 1.516643e+02 2.959957e+02
12t 1.684354e+03 3.565825e+02 6.183603e+03 1.422257e+03 1.249554e+04
13t 2.808943e+00 1.875263e+00 2.013482e+00 2.398053e+00 1.987874e+01
14t 2.104455e+01 2.100304e+01 2.114751e+01 2.114214e+01 2.086574e+01
15t 7.678987e+02 3.518276e+02 2.809484e+02 6.334687e+02 1.428391e+02
16t 4.943477e+01 4.837697e+01 1.020422e+02 4.925891e+01 4.776591e+01
17t 1.547623e-01 1.010183e+00 6.880325e-02 1.084068e-01 1.512569e-01
18t 1.086027e+00 1.023496e+00 1.018336e+00 1.052443e+00 8.755002e-01
19t 3.871085e+02 4.689901e+02 5.502493e+02 4.073415e+02 5.824070e+02
20t 2.346018e+02 2.859720e+02 3.422460e+02 2.636875e+02 4.037041e+02
21t 2.969203e+04 2.785419e+04 3.266456e+04 3.130490e+04 2.774529e+04
22t 3.450585e+04 2.871921e+04 3.322982e+04 3.046894e+04 2.923948e+04
23t 4.552176e+01 5.308033e+01 5.303223e+01 5.036086e+01 5.581329e+01
24t 3.734455e+00 4.529243e-01 3.118675e+00 3.253247e+00 6.963085e-01
25t 4.898917e-01 4.934067e-01 6.479937e-01 6.126920e-01 6.732314e-01
26t 3.310167e-01 2.289128e-01 3.143729e-01 2.653967e-01 3.398583e-01
27t 4.035866e+01 9.469080e+01 8.979969e+01 5.672879e+01 1.198832e+02
28t 4.769078e+02 3.339118e+02 2.923601e+02 3.644454e+02 2.134267e+02
29t 3.012125e+02 2.564207e+02 3.448202e+02 3.014695e+02 3.781927e+02
30t 2.007920e+01 1.337298e+01 1.348148e+01 1.613663e+01 9.070948e+00
31t 1.324902e+02 1.690086e+02 1.496305e+02 1.254897e+02 1.705111e+02
32t 4.868943e+02 3.001857e+02 3.796177e+02 2.981567e+02 3.734400e+02
33t 1.156232e+02 1.059332e+02 1.167634e+02 9.875244e+01 1.258199e+02
34t 3.943000e+01 2.920673e+01 3.234437e+01 3.386457e+01 2.303038e+01
35t 1.247363e+04 1.270178e+04 1.281307e+04 1.253446e+04 1.374295e+04
36t 9.662348e+05 1.904923e+05 2.909833e+05 3.994443e+05 2.066707e+05
37t 6.158426e+01 5.926465e+01 6.015791e+01 6.143515e+01 5.597868e+01
38t 2.953970e+05 2.263224e+05 1.751753e+05 1.895883e+05 2.473972e+05
39t 8.169082e+00 6.005596e+00 4.923995e+00 6.472283e+00 5.705128e+00
40t 1.359612e+01 4.756144e+01 4.290274e+01 1.569319e+01 6.109068e+01
41t 4.636207e+02 4.513561e+02 4.525175e+02 4.587098e+02 4.476284e+02
42t 2.791292e+02 2.818340e+02 2.845232e+02 2.629933e+02 3.343489e+02
43t 3.400164e+02 3.319371e+02 4.379378e+02 3.755185e+02 4.313267e+02
44t 9.373074e+02 9.256615e+02 9.308428e+02 9.297022e+02 9.286623e+02
45t 9.327424e+02 9.265884e+02 9.353634e+02 9.561725e+02 9.516775e+02
46t 9.282193e+02 9.240417e+02 9.692092e+02 9.237175e+02 9.372081e+02
47t 6.423538e+02 1.030093e+03 5.813500e+02 6.161000e+02 1.027242e+03
48t 9.485350e+02 9.673870e+02 9.605338e+02 9.590876e+02 1.081432e+03
49t 6.834502e+02 5.871134e+02 5.938200e+02 6.260056e+02 5.512654e+02
50t 1.092179e+03 1.012002e+03 1.189562e+03 1.097483e+03 1.206262e+03
             171          172          173          174          175
1t  6.897807e-01 3.511472e+00 7.795752e-01 2.334142e+00 1.356859e+00
2t  3.814696e+06 9.569612e+06 7.496547e+06 4.830553e+06 5.068425e+06
3t  1.449920e+06 5.480211e+06 1.324845e+06 3.674027e+06 2.271474e+06
4t  9.702436e+04 1.195560e+05 1.270030e+05 1.282536e+05 1.581305e+05
5t  2.563496e+01 1.100123e+01 3.502862e+01 1.924904e+01 4.110051e+01
6t  1.079832e+01 5.060930e+02 1.548699e+01 5.824733e+01 1.406271e+01
7t  3.539390e+03 3.681166e+03 4.644465e+03 2.049318e+03 1.532735e+04
8t  5.360281e+00 1.038616e+01 5.104057e+00 8.328436e+00 6.303286e+00
9t  3.140894e+02 7.261652e+01 3.098531e+02 2.511716e+02 3.573476e+02
10t 2.395107e+01 3.510079e+01 2.294241e+01 3.592850e+01 2.907585e+01
11t 2.932831e+02 6.471731e+01 3.019112e+02 2.817677e+02 3.314773e+02
12t 1.156961e+04 2.177375e+03 1.379862e+04 1.229504e+03 1.154538e+04
13t 2.010443e+01 2.470953e+00 2.004651e+01 2.099663e+00 2.051532e+01
14t 2.103105e+01 2.106011e+01 2.091378e+01 2.118556e+01 2.110695e+01
15t 1.406587e+02 5.042193e+02 1.410929e+02 3.239529e+02 1.843171e+02
16t 4.898065e+01 4.913511e+01 1.008829e+02 4.931836e+01 4.920113e+01
17t 2.234726e-01 1.333485e-01 7.899090e-01 7.987997e-02 1.016031e+01
18t 8.854449e-01 1.063290e+00 8.787716e-01 1.036173e+00 9.635214e-01
19t 5.231740e+02 3.953923e+02 6.018051e+02 4.757691e+02 1.126827e+03
20t 4.483683e+02 1.848130e+02 3.272922e+02 3.020747e+02 7.937115e+02
21t 2.904497e+04 2.908341e+04 2.804589e+04 3.227627e+04 3.597602e+04
22t 2.862707e+04 3.131721e+04 2.892688e+04 3.300578e+04 3.649268e+04
23t 5.345829e+01 4.768790e+01 5.739380e+01 3.004663e+01 7.811489e+01
24t 8.576231e-01 3.734455e+00 7.022953e-01 2.465896e+00 3.214815e+00
25t 6.373333e-01 4.564799e-01 6.655038e-01 5.953696e-01 6.554991e-01
26t 3.579328e-01 2.796484e-01 3.533885e-01 2.526937e-01 2.976371e-01
27t 1.118070e+02 4.821110e+01 1.003959e+02 5.749068e+01 6.184686e+01
28t 2.658788e+02 3.893580e+02 2.277867e+02 3.060221e+02 2.218541e+02
29t 3.644606e+02 3.065640e+02 3.926921e+02 3.270755e+02 3.938610e+02
30t 1.141002e+01 1.847854e+01 8.628081e+00 1.132816e+01 1.284609e+01
31t 2.654087e+02 1.457888e+02 2.119009e+02 1.720348e+02 1.495234e+02
32t 4.584174e+02 3.125133e+02 7.063595e+02 3.409186e+02 4.408775e+02
33t 1.487096e+02 1.029108e+02 1.172087e+02 9.984927e+01 1.373705e+02
34t 2.350221e+01 3.840392e+01 2.560666e+01 2.883706e+01 3.552018e+01
35t 1.346415e+04 1.263480e+04 1.308791e+04 1.248187e+04 1.305147e+04
36t 2.238161e+05 4.911055e+05 2.068305e+05 3.548601e+05 2.818048e+05
37t 5.881054e+01 5.986066e+01 5.572154e+01 6.041981e+01 6.680576e+01
38t 3.568729e+05 1.924279e+05 2.710701e+05 2.381538e+05 2.929068e+05
39t 5.756458e+00 6.097007e+00 6.483012e+00 5.609547e+00 5.594859e+00
40t 8.091614e+01 2.246606e+01 9.040542e+01 2.656960e+01 1.652505e+02
41t 4.474791e+02 4.606354e+02 4.467534e+02 4.539460e+02 4.499642e+02
42t 3.601902e+02 2.703876e+02 3.233237e+02 2.817701e+02 3.113720e+02
43t 4.311950e+02 3.548913e+02 4.308879e+02 3.326625e+02 3.735218e+02
44t 9.382868e+02 9.326344e+02 9.393295e+02 9.324830e+02 9.545961e+02
45t 9.338289e+02 9.349267e+02 9.988370e+02 9.310143e+02 9.504164e+02
46t 9.333980e+02 9.322091e+02 9.374181e+02 9.295884e+02 9.538501e+02
47t 5.319301e+02 6.264336e+02 5.317382e+02 5.943000e+02 9.095727e+02
48t 1.025290e+03 9.517623e+02 1.040683e+03 9.641631e+02 1.055719e+03
49t 1.020273e+03 6.339548e+02 1.020079e+03 5.966418e+02 1.202565e+03
50t 1.251402e+03 1.101551e+03 1.176053e+03 1.126327e+03 1.243610e+03
             176          177          178          179          180
1t  1.236913e+00 1.134014e+00 4.261886e+02 5.208489e+01 1.079346e+00
2t  5.132592e+06 1.668589e+07 2.194940e+07 7.041432e+07 7.292578e+06
3t  1.816175e+06 1.496597e+06 8.683396e+08 1.183246e+08 1.514358e+06
4t  1.561469e+05 1.162273e+05 1.158977e+05 1.258504e+05 6.263151e+04
5t  5.356602e+01 3.819229e+01 4.596577e+01 5.864483e+01 2.882992e+01
6t  7.194935e+01 8.682780e+00 3.540790e+03 7.325655e+02 5.947347e+00
7t  5.740815e+03 1.407456e+04 5.986243e+03 8.682634e+03 1.221776e+04
8t  6.409240e+00 5.632718e+00 1.870886e+01 8.471179e+00 5.081589e+00
9t  3.547425e+02 3.240484e+02 3.055615e+02 3.047470e+02 3.022163e+02
10t 2.763459e+01 2.636823e+01 5.533035e+01 3.588640e+01 2.739921e+01
11t 3.517632e+02 3.255490e+02 3.149625e+02 2.915270e+02 2.934572e+02
12t 1.516168e+04 1.419178e+04 7.622406e+02 2.729044e+04 1.206241e+04
13t 2.050695e+01 2.018449e+01 3.397617e+00 2.038120e+01 1.990592e+01
14t 2.118530e+01 2.092734e+01 2.109041e+01 2.113451e+01 2.087969e+01
15t 1.735538e+02 2.461249e+02 4.703458e+05 4.782936e+05 2.290282e+03
16t 4.921568e+01 9.930194e+01 3.174286e+02 1.461368e+02 4.710588e+01
17t 4.448063e-02 7.749673e+01 7.609350e+01 1.367141e+01 3.168006e+02
18t 9.348157e-01 9.333461e-01 5.197152e+00 2.055308e+00 9.291221e-01
19t 1.056379e+03 7.056770e+02 5.372583e+02 5.800399e+02 2.216541e+03
20t 4.848808e+02 4.467289e+02 2.269539e+02 3.375476e+02 3.529994e+02
21t 3.296374e+04 2.948947e+04 2.689593e+04 2.826646e+04 2.921429e+04
22t 3.546192e+04 2.929356e+04 3.015764e+04 3.097069e+04 3.036816e+04
23t 5.802480e+01 6.210933e+01 4.809350e+01 5.213220e+01 6.138500e+01
24t 3.032563e+00 9.540901e-01 3.051976e+00 8.298257e-01 1.011433e+00
25t 6.623262e-01 7.453037e-01 8.213955e-01 5.641871e-01 5.118155e-01
26t 3.390941e-01 3.349003e-01 3.100028e-01 3.101967e-01 3.846574e-01
27t 8.976386e+01 1.623217e+02 1.389197e+02 1.587238e+02 1.216993e+02
28t 2.023744e+02 6.868694e+02 7.702289e+06 8.488643e+05 2.650875e+02
29t 3.833238e+02 3.801131e+02 3.239277e+02 4.237767e+02 4.034456e+02
30t 1.280910e+01 1.570219e+01 5.917973e+01 1.409318e+01 2.103234e+01
31t 1.625038e+02 3.639113e+02 2.974313e+02 2.458273e+02 2.466952e+02
32t 4.593446e+02 5.892089e+02 5.947985e+02 4.813421e+02 5.986372e+02
33t 1.365295e+02 1.705194e+02 1.373646e+02 1.380814e+02 1.706857e+02
34t 3.117170e+01 3.573140e+01 6.633496e+01 3.562432e+01 3.086808e+01
35t 1.318047e+04 1.377778e+04 1.290297e+04 1.252786e+04 1.354571e+04
36t 2.584097e+05 2.719380e+05 6.640774e+05 2.807697e+05 3.119220e+05
37t 6.175770e+01 5.487116e+01 6.508133e+01 6.448649e+01 5.446420e+01
38t 2.189004e+05 3.418893e+05 3.243228e+05 3.092649e+05 2.423715e+05
39t 6.920576e+00 6.395473e+00 6.440740e+02 2.725018e+01 5.367239e+00
40t 3.068703e+02 8.016486e+01 2.096048e+01 9.090052e+01 9.853185e+01
41t 4.488805e+02 4.474932e+02 4.688342e+02 4.541768e+02 4.469935e+02
42t 3.659935e+02 3.442090e+02 3.651253e+02 3.062796e+02 3.770342e+02
43t 4.342326e+02 5.329364e+02 4.730002e+02 3.687202e+02 6.395337e+02
44t 9.514152e+02 9.400047e+02 9.523796e+02 9.577681e+02 9.745827e+02
45t 9.474165e+02 9.303083e+02 9.449891e+02 9.391798e+02 1.052995e+03
46t 9.495427e+02 9.295207e+02 9.410118e+02 9.393996e+02 9.333930e+02
47t 9.107308e+02 1.046135e+03 1.029600e+03 9.324972e+02 8.912373e+02
48t 1.126033e+03 1.025896e+03 9.965072e+02 9.800145e+02 1.330596e+03
49t 5.576576e+02 5.644419e+02 1.039401e+03 6.003166e+02 1.206266e+03
50t 1.273111e+03 1.234605e+03 1.008396e+03 1.110850e+03 1.308400e+03
             181          182          183          184          185
1t  1.538331e+00 2.469338e+00 6.769559e-01 2.350399e+00 1.105974e+00
2t  3.133349e+06 1.534672e+07 4.897008e+06 4.749098e+06 2.880744e+06
3t  1.828014e+06 3.399815e+06 9.611995e+05 3.319337e+06 1.608574e+06
4t  5.998240e+04 1.175795e+05 2.002056e+05 1.404051e+04 1.251248e+05
5t  1.503851e+01 2.061816e+01 5.731470e+01 1.194404e+00 2.406402e+01
6t  7.168113e+00 1.661293e+02 4.368123e+01 1.286892e+01 5.334287e+00
7t  1.191941e+04 3.611949e+03 2.174376e+04 1.579096e+04 2.204714e+04
8t  7.476181e+00 8.205880e+00 4.309663e+00 8.497191e+00 6.417531e+00
9t  2.938863e+02 2.898255e+02 4.307266e+02 3.487202e+02 4.434232e+02
10t 2.974417e+01 3.514970e+01 1.894650e+01 3.587457e+01 2.453273e+01
11t 3.118026e+02 2.983715e+02 3.197651e+02 2.978635e+02 3.320867e+02
12t 6.543872e+02 1.526269e+04 2.822267e+04 2.151000e+02 2.395979e+03
13t 2.015966e+01 2.114389e+00 1.995922e+01 2.056464e+01 2.048229e+01
14t 2.109269e+01 2.110659e+01 2.096377e+01 2.117520e+01 2.114140e+01
15t 2.016935e+02 3.020158e+03 1.105630e+02 8.321665e+03 1.584182e+02
16t 4.931345e+01 4.808957e+01 4.923925e+01 1.006602e+02 4.906505e+01
17t 4.120242e-02 1.447947e+00 9.078899e+02 9.703800e-02 4.127858e-02
18t 9.813210e-01 1.036175e+00 6.844793e-01 1.012724e+00 8.654921e-01
19t 7.852482e+02 4.291577e+02 2.995615e+03 5.251399e+02 1.393558e+03
20t 2.747450e+02 3.821811e+02 5.546592e+02 4.962279e+02 5.202237e+02
21t 2.820602e+04 2.942530e+04 3.776800e+04 2.854832e+04 3.645730e+04
22t 2.772406e+04 2.795808e+04 3.879499e+04 3.035864e+04 3.617574e+04
23t 4.767525e+01 4.862379e+01 8.213668e+01 5.489803e+01 8.579081e+01
24t 1.016129e+00 9.455396e-01 3.734455e+00 4.988713e-01 3.479517e+00
25t 8.191742e-01 5.827736e-01 6.024176e-01 7.190341e-01 7.032221e-01
26t 3.935041e-01 3.211755e-01 2.750635e-01 8.596273e-01 3.121693e-01
27t 1.234556e+02 1.284975e+02 3.856476e+01 1.422125e+02 8.237949e+01
28t 5.593884e+02 3.215972e+02 1.124226e+02 3.226780e+02 2.156905e+02
29t 3.842708e+02 3.418884e+02 4.410992e+02 3.262645e+02 4.761581e+02
30t 1.807307e+01 1.507513e+01 1.105557e+01 1.636236e+01 1.294717e+01
31t 2.764507e+02 2.101809e+02 9.503221e+01 2.162876e+02 2.025155e+02
32t 4.611799e+02 4.533352e+02 3.419357e+02 1.802695e+03 3.786233e+02
33t 1.261131e+02 1.087905e+02 1.767073e+02 1.467343e+02 1.717473e+02
34t 3.354465e+01 2.995988e+01 2.733737e+01 4.626055e+01 3.388087e+01
35t 1.290652e+04 1.247634e+04 2.046520e+04 1.344425e+04 1.369248e+04
36t 3.138729e+05 2.755677e+05 1.269026e+05 4.219363e+05 2.199233e+05
37t 5.526358e+01 5.969422e+01 6.221158e+01 6.135694e+01 6.760023e+01
38t 3.476683e+05 3.687652e+05 1.572562e+05 6.719176e+05 3.895827e+05
39t 6.208257e+00 8.697390e+00 4.340815e+00 7.183391e+00 5.080039e+00
40t 3.136104e+01 4.186183e+01 1.940946e+03 1.571515e+01 1.012727e+02
41t 4.509076e+02 4.522787e+02 1.070528e+03 4.520103e+02 1.065241e+03
42t 3.331468e+02 2.991633e+02 4.349529e+02 3.322545e+02 3.633575e+02
43t 5.080719e+02 3.814583e+02 4.346901e+02 4.476540e+02 4.303666e+02
44t 9.311440e+02 9.362084e+02 9.226029e+02 9.340091e+02 9.438414e+02
45t 9.968759e+02 9.261929e+02 9.236214e+02 9.250259e+02 9.452039e+02
46t 9.498680e+02 9.253475e+02 9.241030e+02 9.243919e+02 9.379991e+02
47t 1.030600e+03 1.024185e+03 1.242779e+03 1.022377e+03 1.287485e+03
48t 9.829001e+02 9.790767e+02 1.478397e+03 9.795142e+02 1.092978e+03
49t 5.785014e+02 1.030900e+03 1.241402e+03 1.027726e+03 9.146301e+02
50t 1.207379e+03 1.000319e+03 1.419847e+03 9.049050e+02 1.273530e+03
             186          187          188          189          190
1t  1.670531e+00 1.517721e+00 1.353843e+00 9.556294e-01 9.581803e-01
2t  7.210943e+06 5.096504e+06 5.680609e+06 4.980849e+06 5.690447e+06
3t  2.705483e+06 2.552213e+06 2.537947e+06 1.610452e+06 1.321034e+06
4t  5.509795e+04 7.978060e+04 5.329926e+04 1.272523e+05 1.220086e+05
5t  2.349497e+01 9.702886e+00 8.459874e+00 2.247097e+01 2.574034e+01
6t  1.087155e+01 6.920806e+00 5.426643e+00 5.311453e+00 5.445911e+00
7t  1.283097e+04 3.428470e+03 5.514636e+03 1.087872e+04 8.129068e+03
8t  7.729257e+00 6.415170e+00 6.254158e+00 5.522146e+00 6.010426e+00
9t  2.971466e+02 3.299472e+02 3.039653e+02 3.117597e+02 3.043427e+02
10t 3.138103e+01 3.075447e+01 2.984730e+01 2.606973e+01 3.053756e+01
11t 3.553434e+02 3.239342e+02 2.793387e+02 3.190593e+02 2.884678e+02
12t 8.317200e+02 5.258248e+02 1.582368e+03 1.045938e+04 1.278276e+04
13t 2.017133e+01 2.028871e+01 1.975582e+01 1.986241e+01 1.981488e+01
14t 2.114592e+01 2.121010e+01 2.110931e+01 2.097115e+01 2.096553e+01
15t 2.979541e+02 2.102174e+02 2.665226e+02 1.341251e+02 1.643368e+02
16t 4.921526e+01 4.924961e+01 4.773787e+01 1.005216e+02 4.829381e+01
17t 7.009961e-02 6.496061e-02 9.787855e-02 4.163338e+02 4.685468e+02
18t 9.569621e-01 9.496000e-01 9.725754e-01 9.011862e-01 9.273159e-01
19t 5.793000e+02 5.425165e+02 7.212732e+02 1.959860e+03 1.810635e+03
20t 3.839298e+02 3.405662e+02 3.553444e+02 3.698489e+02 3.222153e+02
21t 2.910980e+04 2.911917e+04 2.954741e+04 2.899323e+04 2.874434e+04
22t 2.862542e+04 3.152529e+04 2.858553e+04 2.794941e+04 2.866582e+04
23t 4.291955e+01 5.302507e+01 5.262587e+01 5.583539e+01 5.635655e+01
24t 6.285420e-01 9.894778e-01 1.562918e+00 7.168181e-01 1.189138e+00
25t 6.201433e-01 6.728429e-01 8.578173e-01 5.847890e-01 4.788694e-01
26t 3.868250e-01 3.670258e-01 3.827578e-01 4.387998e-01 4.251738e-01
27t 1.165512e+02 1.129330e+02 1.530006e+02 1.198766e+02 9.905868e+01
28t 3.155420e+02 3.095965e+02 2.817338e+02 2.711876e+02 3.053819e+02
29t 3.896224e+02 3.943690e+02 4.069481e+02 4.093652e+02 3.959945e+02
30t 1.712486e+01 1.588966e+01 1.792630e+01 1.087811e+01 1.255582e+01
31t 2.816761e+02 2.314744e+02 2.599796e+02 2.704722e+02 2.537710e+02
32t 4.214016e+02 3.314739e+02 4.582431e+02 1.151603e+03 3.707045e+02
33t 1.354478e+02 1.211559e+02 1.584663e+02 1.373661e+02 1.196286e+02
34t 3.692877e+01 4.072112e+01 3.892480e+01 4.329108e+01 3.853030e+01
35t 1.297690e+04 1.310386e+04 1.303726e+04 1.473453e+04 1.387629e+04
36t 3.981256e+05 2.394274e+05 3.417804e+05 1.986559e+05 2.349366e+05
37t 6.224614e+01 6.418195e+01 5.960936e+01 5.492712e+01 5.407079e+01
38t 4.710443e+05 3.450501e+05 3.918668e+05 4.060663e+05 2.624485e+05
39t 6.621219e+00 5.620288e+00 6.204984e+00 5.620870e+00 5.144680e+00
40t 3.549911e+01 2.641166e+01 4.212080e+01 1.071594e+02 1.788443e+02
41t 4.509968e+02 4.499130e+02 4.501348e+02 4.474121e+02 4.480437e+02
42t 3.461595e+02 4.159930e+02 3.804371e+02 3.928793e+02 3.824584e+02
43t 4.345075e+02 4.331969e+02 3.505546e+02 4.837650e+02 4.313501e+02
44t 9.961879e+02 9.587408e+02 9.754945e+02 9.370326e+02 9.988256e+02
45t 9.442353e+02 9.428325e+02 9.387270e+02 1.134216e+03 1.018835e+03
46t 9.339812e+02 9.260994e+02 9.283858e+02 1.188412e+03 1.012162e+03
47t 1.199391e+03 9.133761e+02 5.553396e+02 5.386686e+02 8.984912e+02
48t 1.062773e+03 1.050458e+03 1.276012e+03 1.189698e+03 1.292168e+03
49t 5.917915e+02 1.022282e+03 9.229966e+02 5.569890e+02 5.544538e+02
50t 1.168406e+03 9.976098e+02 1.245089e+03 1.291042e+03 1.370489e+03
             191          192          193          194          195
1t  1.559501e+00 8.256570e+01 8.972805e+02 2.102339e+02 2.950224e+00
2t  1.864309e+07 1.968521e+07 6.295330e+07 3.087369e+07 9.252280e+06
3t  2.982483e+06 1.481124e+06 1.303528e+09 8.523624e+08 5.131656e+06
4t  1.374580e+05 1.379330e+05 1.304827e+05 1.330237e+05 1.652497e+05
5t  3.501195e+01 5.350146e+01 2.347368e+01 5.911909e+01 4.364088e+01
6t  6.864890e+02 1.669441e+02 4.113519e+03 8.882890e+02 1.870575e+02
7t  5.694168e+03 1.050781e+04 1.216186e+04 8.151482e+03 1.043445e+04
8t  6.638190e+00 5.241483e+00 2.085745e+01 5.550784e+00 1.076329e+01
9t  2.365776e+02 2.574201e+02 1.919954e+02 3.058723e+02 3.213620e+02
10t 3.019678e+01 2.204027e+01 8.770152e+01 2.729251e+01 4.062315e+01
11t 2.525221e+02 2.683257e+02 1.797546e+02 3.127651e+02 3.131949e+02
12t 3.533651e+02 1.781107e+04 1.120934e+04 1.423900e+04 2.306532e+04
13t 1.749062e+00 1.986076e+01 6.284047e+00 1.996399e+01 2.042656e+01
14t 2.116729e+01 2.116084e+01 2.117659e+01 2.107692e+01 2.115520e+01
15t 3.080966e+02 7.349688e+03 6.374848e+06 1.996995e+05 3.054490e+03
16t 9.978305e+01 1.025745e+02 1.735289e+02 1.047330e+02 9.219860e+01
17t 1.176601e+00 2.043096e+02 9.652068e+00 9.619766e+00 4.200772e+00
18t 1.032308e+00 1.313343e+00 1.574153e+01 4.080429e+00 1.046231e+00
19t 4.555201e+02 1.839053e+03 5.646868e+02 7.187574e+02 5.805310e+02
20t 2.677905e+02 3.519126e+02 2.767995e+02 4.001345e+02 3.392290e+02
21t 2.759368e+04 2.941625e+04 2.886509e+04 2.909412e+04 2.881565e+04
22t 2.849212e+04 3.049576e+04 2.988732e+04 2.843482e+04 2.894201e+04
23t 5.220667e+01 5.873360e+01 4.267252e+01 5.723131e+01 5.625551e+01
24t 8.680783e-01 2.563707e+00 1.118256e+00 1.259261e+00 1.717022e+00
25t 6.456731e-01 5.487935e-01 3.867880e-01 6.177469e-01 6.298483e-01
26t 3.007306e-01 3.722667e-01 3.566702e-01 3.827363e-01 3.600729e-01
27t 6.152770e+01 1.127267e+02 7.739614e+02 9.402096e+01 1.413305e+02
28t 2.805025e+02 9.698899e+05 1.038277e+06 7.406381e+05 3.611979e+02
29t 3.137365e+02 3.398678e+02 2.868374e+02 4.185407e+02 4.834044e+02
30t 1.301188e+01 2.281583e+01 3.540302e+01 1.470330e+01 1.049744e+02
31t 1.645854e+02 2.847510e+02 3.562869e+02 1.901223e+02 3.023183e+02
32t 3.548464e+02 3.512666e+02 5.400929e+02 6.905698e+02 6.371955e+02
33t 1.070158e+02 1.277172e+02 1.319153e+02 1.428237e+02 1.582386e+02
34t 2.916675e+01 2.391099e+01 5.597380e+01 2.637314e+01 3.794604e+01
35t 1.259052e+04 1.420824e+04 1.287442e+04 1.306783e+04 1.320334e+04
36t 2.167392e+05 2.012592e+05 8.691090e+05 2.298070e+05 4.782740e+05
37t 6.120838e+01 6.289223e+01 5.979483e+01 6.408688e+01 6.183225e+01
38t 2.170928e+05 1.977051e+05 4.016761e+05 1.755434e+05 3.942245e+05
39t 1.300444e+01 5.956281e+00 1.066233e+03 1.855663e+01 6.829611e+00
40t 4.553689e+01 3.312849e+02 6.170762e+01 2.418938e+02 5.306969e+01
41t 4.259112e+02 4.473982e+02 4.724466e+02 4.477890e+02 4.527817e+02
42t 3.215236e+02 3.569514e+02 3.132038e+02 3.766098e+02 3.826407e+02
43t 3.878083e+02 4.333519e+02 3.395752e+02 4.492191e+02 5.323766e+02
44t 9.277260e+02 9.372319e+02 9.284855e+02 9.358195e+02 9.348463e+02
45t 9.366084e+02 1.110776e+03 9.318276e+02 9.365198e+02 9.404233e+02
46t 9.248103e+02 1.140311e+03 9.269956e+02 9.358760e+02 9.412575e+02
47t 1.024754e+03 1.196854e+03 1.025629e+03 5.366432e+02 9.328891e+02
48t 9.659468e+02 1.377275e+03 9.311601e+02 1.055782e+03 1.090083e+03
49t 1.021126e+03 5.532659e+02 1.023413e+03 5.708838e+02 9.420804e+02
50t 1.256194e+03 1.376209e+03 9.024714e+02 1.303763e+03 1.293461e+03
             196          197          198          199          200
1t  2.762202e+00 1.318129e+01 1.190955e+00 4.478537e+00 2.972561e+00
2t  1.586343e+07 5.919262e+07 8.666920e+06 1.105960e+07 1.019995e+07
3t  6.103259e+06 2.389813e+07 1.773709e+06 8.066246e+06 4.886926e+06
4t  1.121047e+05 3.331466e+04 1.051218e+05 2.311116e+04 1.356845e+04
5t  7.813345e+00 2.977959e+00 2.789408e+01 1.441114e+01 1.067499e+00
6t  6.463835e+02 5.615273e+02 2.638537e+02 3.739768e+01 2.616594e+01
7t  2.449044e+03 1.082534e+04 3.879766e+03 2.641779e+03 2.617791e+03
8t  9.296813e+00 2.048410e+01 5.918186e+00 1.198232e+01 1.008504e+01
9t  1.637545e+02 6.631099e+01 2.672064e+02 2.540945e+02 2.373640e+02
10t 3.808090e+01 7.223849e+01 2.666064e+01 4.607070e+01 4.065898e+01
11t 1.946383e+02 6.712393e+01 2.758260e+02 2.492912e+02 2.560195e+02
12t 2.599217e+02 3.810180e+03 1.226567e+04 2.796223e+02 2.587950e+02
13t 2.261499e+00 3.771021e+00 1.386277e+00 2.652220e+00 2.248376e+00
14t 2.117671e+01 2.116199e+01 2.104340e+01 2.112225e+01 2.115459e+01
15t 8.878263e+02 7.082644e+03 3.051569e+02 1.070347e+03 1.770706e+03
16t 5.126522e+01 5.260653e+01 4.800557e+01 1.031946e+02 1.042739e+02
17t 1.137293e+00 1.387769e+00 2.141985e-01 1.362976e-01 1.256140e-01
18t 1.050457e+00 1.410557e+00 9.365172e-01 1.079005e+00 1.046800e+00
19t 3.978161e+02 3.961687e+02 4.462309e+02 4.440561e+02 3.752407e+02
20t 1.555512e+02 2.109856e+02 2.281466e+02 2.126537e+02 2.937467e+02
21t 2.701233e+04 2.729809e+04 2.769143e+04 2.868265e+04 2.860056e+04
22t 2.878665e+04 2.934203e+04 2.805976e+04 2.844556e+04 3.097345e+04
23t 4.211904e+01 4.766371e+01 4.810616e+01 4.707141e+01 4.477514e+01
24t 8.262934e-01 7.118935e-01 6.813000e-01 6.874011e-01 6.440045e-01
25t 6.199248e-01 6.302411e-01 5.775720e-01 7.818314e-01 5.359116e-01
26t 3.252047e-01 3.548931e-01 2.855178e-01 3.902034e-01 3.473849e-01
27t 6.016117e+01 1.415192e+02 9.510992e+01 1.542074e+02 1.375877e+02
28t 3.855235e+02 1.306038e+03 2.402636e+02 4.657054e+02 3.780364e+02
29t 2.837814e+02 2.920240e+02 3.315259e+02 2.992541e+02 2.250892e+02
30t 1.475771e+01 2.954026e+01 1.033895e+01 3.000344e+01 1.633057e+01
31t 1.422426e+02 2.312393e+02 1.428663e+02 2.964331e+02 2.495745e+02
32t 3.953133e+02 1.105167e+03 3.614151e+02 4.872367e+02 5.183522e+02
33t 1.141275e+02 1.200249e+02 9.386147e+01 1.285843e+02 1.214121e+02
34t 3.412876e+01 5.429410e+01 2.354658e+01 5.060575e+01 3.848518e+01
35t 1.239266e+04 1.231265e+04 1.236665e+04 1.224547e+04 1.264855e+04
36t 3.299936e+05 8.192250e+05 2.505338e+05 5.400723e+05 4.400828e+05
37t 6.168936e+01 5.962210e+01 6.018416e+01 6.069151e+01 5.972156e+01
38t 2.895288e+05 3.725485e+05 2.669470e+05 5.082672e+05 5.178571e+05
39t 7.608588e+00 1.767072e+01 5.879954e+00 8.151886e+00 6.445747e+00
40t 2.364872e+01 1.239488e+01 4.527926e+01 8.782786e+00 1.580734e+01
41t 4.531350e+02 4.776758e+02 4.481488e+02 4.623248e+02 4.563423e+02
42t 2.776497e+02 3.054056e+02 3.316604e+02 3.156960e+02 2.792307e+02
43t 3.363262e+02 3.428331e+02 4.399236e+02 4.543177e+02 3.130286e+02
44t 9.213714e+02 9.258614e+02 9.415534e+02 9.911378e+02 9.225699e+02
45t 9.317913e+02 9.237783e+02 9.236433e+02 9.294846e+02 9.252224e+02
46t 9.216709e+02 9.261019e+02 9.363604e+02 9.306014e+02 9.205288e+02
47t 1.027067e+03 1.021581e+03 1.020664e+03 1.028567e+03 1.041713e+03
48t 9.470347e+02 9.136908e+02 9.657800e+02 1.029603e+03 9.369310e+02
49t 1.020689e+03 1.023958e+03 1.023593e+03 1.044549e+03 1.031317e+03
50t 9.033318e+02 9.004878e+02 1.203398e+03 9.240389e+02 9.064500e+02
             201          202          203          204          205
1t  2.505620e+00 3.157741e+00 2.179801e+00 1.513183e+00 1.028981e+00
2t  3.849432e+06 1.061425e+07 2.137875e+07 2.863135e+07 1.136839e+07
3t  3.785474e+06 4.449351e+06 4.038974e+06 2.326501e+06 2.006054e+06
4t  7.756975e+04 6.934366e+04 9.242158e+04 1.307455e+05 1.332688e+05
5t  3.164608e+01 6.527013e-01 1.036821e+01 1.434324e+01 4.328674e+01
6t  2.015799e+01 6.006084e+01 7.050118e+02 5.355096e+02 2.767082e+02
7t  3.382368e+03 3.866382e+03 3.487550e+03 3.267256e+03 3.904901e+03
8t  9.083771e+00 9.433571e+00 7.761074e+00 6.739981e+00 5.491232e+00
9t  3.045688e+02 2.449689e+02 1.857060e+02 2.678667e+02 2.900925e+02
10t 3.643318e+01 3.577166e+01 3.103897e+01 3.198855e+01 2.659985e+01
11t 2.972040e+02 2.030267e+02 2.400415e+02 2.687352e+02 2.856096e+02
12t 9.321546e+03 2.147377e+02 2.842950e+02 3.105887e+02 9.339881e+03
13t 1.981703e+01 2.018732e+00 1.807679e+00 1.726528e+00 1.530204e+00
14t 2.092103e+01 2.110345e+01 2.112159e+01 2.103892e+01 2.121852e+01
15t 7.817678e+03 3.052720e+02 4.729190e+02 2.139015e+02 3.343618e+02
16t 4.603652e+01 4.929779e+01 4.803052e+01 5.531094e+01 1.000543e+02
17t 8.073903e-02 2.026979e-01 9.661683e-01 1.076396e+00 2.011200e+00
18t 1.037887e+00 1.026902e+00 1.021529e+00 9.662165e-01 9.014547e-01
19t 3.638749e+02 4.151710e+02 4.261041e+02 4.875302e+02 5.332557e+02
20t 2.527655e+02 1.539727e+02 2.274802e+02 2.705970e+02 2.838006e+02
21t 2.854696e+04 2.798104e+04 2.718327e+04 2.724072e+04 2.782232e+04
22t 3.011495e+04 2.885000e+04 2.886146e+04 2.815239e+04 2.899298e+04
23t 4.452227e+01 4.076701e+01 4.225346e+01 4.988316e+01 5.210603e+01
24t 6.860721e-01 5.148478e-01 8.470746e-01 1.004217e+00 6.511356e-01
25t 6.378147e-01 7.094211e-01 5.307809e-01 4.593175e-01 4.944413e-01
26t 3.886281e-01 3.007481e-01 3.223077e-01 3.355282e-01 2.683266e-01
27t 1.216759e+02 1.128513e+02 8.303208e+01 7.801540e+01 8.799446e+01
28t 4.954948e+02 3.263677e+02 2.923460e+02 2.379873e+02 2.822490e+02
29t 2.445865e+02 2.888163e+02 2.671752e+02 2.910577e+02 3.405180e+02
30t 1.564063e+01 1.479806e+01 1.326896e+01 1.253359e+01 1.045894e+01
31t 1.785578e+02 2.308111e+02 1.634138e+02 1.478257e+02 1.861588e+02
32t 3.756991e+02 4.265292e+02 3.011932e+02 3.483780e+02 3.122787e+02
33t 8.850445e+01 1.125608e+02 1.129619e+02 1.111903e+02 1.271880e+02
34t 3.180770e+01 2.978291e+01 2.913753e+01 2.572360e+01 2.628818e+01
35t 1.257588e+04 1.260241e+04 1.254791e+04 1.265304e+04 1.288889e+04
36t 3.748747e+05 4.725347e+05 2.805627e+05 2.267571e+05 2.035129e+05
37t 5.985830e+01 5.974441e+01 5.953276e+01 6.033375e+01 5.839780e+01
38t 3.681935e+05 6.080456e+05 3.125614e+05 2.633028e+05 2.365049e+05
39t 5.277162e+00 7.309718e+00 6.487379e+00 6.786365e+00 5.472352e+00
40t 1.639403e+01 1.342007e+01 2.749081e+01 3.823799e+01 5.868333e+01
41t 4.533834e+02 4.561552e+02 4.509740e+02 4.497950e+02 4.481765e+02
42t 2.731008e+02 2.819322e+02 2.970128e+02 2.811147e+02 3.050151e+02
43t 3.301815e+02 3.070968e+02 3.692722e+02 3.506253e+02 4.023081e+02
44t 9.242639e+02 9.223837e+02 9.271252e+02 9.244021e+02 9.350824e+02
45t 9.361402e+02 9.314821e+02 9.342544e+02 9.351965e+02 9.467259e+02
46t 9.327411e+02 9.263153e+02 9.239131e+02 9.212140e+02 9.327609e+02
47t 1.026591e+03 1.022474e+03 1.017857e+03 1.021537e+03 5.384322e+02
48t 9.957525e+02 9.857365e+02 9.242937e+02 9.843075e+02 1.005297e+03
49t 1.025649e+03 1.025882e+03 1.020970e+03 1.023989e+03 5.595137e+02
50t 1.011442e+03 8.888012e+02 9.177478e+02 1.236399e+03 1.152641e+03
             206          207          208          209          210
1t  9.492910e-01 1.480388e+00 1.324602e+00 1.598029e+00 1.176312e+00
2t  1.186534e+07 1.250948e+07 1.101492e+07 2.516546e+07 9.491375e+06
3t  1.656699e+06 2.489201e+06 2.132444e+06 2.559085e+06 1.887703e+06
4t  1.142537e+05 1.260190e+05 1.141936e+05 1.115093e+05 1.080851e+05
5t  4.523151e+01 1.893907e+01 3.143145e+01 1.330256e+01 3.916085e+01
6t  3.212181e+02 4.013560e+02 4.142073e+02 3.678174e+02 1.847941e+02
7t  5.287625e+03 3.465355e+03 3.554599e+03 2.750530e+03 3.384643e+03
8t  5.275375e+00 6.356125e+00 5.979049e+00 6.708054e+00 5.584585e+00
9t  2.835773e+02 2.640290e+02 2.787721e+02 2.518757e+02 2.987819e+02
10t 2.643509e+01 2.963463e+01 2.676143e+01 3.120246e+01 2.797730e+01
11t 2.951946e+02 2.627582e+02 2.783131e+02 2.415312e+02 2.728128e+02
12t 1.582514e+04 2.476891e+02 3.856799e+02 3.307002e+02 6.707967e+03
13t 1.338417e+00 1.621563e+00 1.993626e+01 1.607342e+00 1.963499e+01
14t 2.106232e+01 2.095439e+01 2.116465e+01 2.099733e+01 2.117573e+01
15t 1.715080e+02 4.687150e+02 1.836338e+02 3.109957e+02 3.684611e+02
16t 5.216157e+01 4.750526e+01 4.798108e+01 4.835926e+01 4.790997e+01
17t 1.071460e+00 7.625585e-01 9.689375e-01 2.178641e-01 1.052006e+00
18t 9.082539e-01 9.423327e-01 9.530766e-01 9.944950e-01 9.295803e-01
19t 5.948726e+02 4.369848e+02 4.887438e+02 4.409543e+02 5.728973e+02
20t 3.233377e+02 2.018801e+02 3.485192e+02 2.825082e+02 3.881965e+02
21t 2.786612e+04 2.715551e+04 2.764151e+04 2.765042e+04 2.775886e+04
22t 2.778503e+04 2.829477e+04 2.859421e+04 2.889987e+04 2.862101e+04
23t 5.726962e+01 4.764700e+01 5.302487e+01 4.788057e+01 5.330779e+01
24t 7.874045e-01 7.707532e-01 7.439132e-01 5.671042e-01 7.850579e-01
25t 5.825135e-01 6.032011e-01 6.077784e-01 5.154252e-01 7.268127e-01
26t 3.088390e-01 2.622304e-01 3.083329e-01 2.626626e-01 3.465879e-01
27t 8.923971e+01 8.013755e+01 7.187575e+01 7.719749e+01 6.946986e+01
28t 3.822612e+03 2.139173e+02 2.113019e+02 2.487705e+02 2.452859e+02
29t 3.424460e+02 2.801501e+02 3.101205e+02 3.407505e+02 3.557333e+02
30t 1.067885e+01 1.160789e+01 1.314176e+01 1.211985e+01 8.586819e+00
31t 1.389024e+02 1.447810e+02 1.590603e+02 1.554476e+02 1.637393e+02
32t 4.399517e+02 3.832753e+02 3.436165e+02 3.621432e+02 3.310686e+02
33t 1.256096e+02 1.125692e+02 1.145037e+02 1.083253e+02 1.242371e+02
34t 2.761563e+01 2.827283e+01 2.441054e+01 3.106664e+01 2.680605e+01
35t 1.313877e+04 1.269108e+04 1.243415e+04 1.277509e+04 1.313302e+04
36t 1.773586e+05 2.096759e+05 2.169074e+05 1.938414e+05 2.155723e+05
37t 5.445661e+01 5.940970e+01 6.149751e+01 6.088746e+01 6.191230e+01
38t 2.141367e+05 2.913706e+05 2.607004e+05 3.052129e+05 2.574886e+05
39t 4.795589e+00 5.781297e+00 5.781028e+00 5.817351e+00 5.799111e+00
40t 6.527205e+01 5.003965e+01 6.697522e+01 3.288799e+01 6.506193e+01
41t 4.475220e+02 4.497831e+02 4.495662e+02 4.499093e+02 4.485129e+02
42t 3.921626e+02 3.143697e+02 3.482282e+02 3.088503e+02 3.310129e+02
43t 4.423828e+02 3.708548e+02 4.109284e+02 4.433988e+02 4.387542e+02
44t 9.359110e+02 9.294602e+02 9.406454e+02 9.346545e+02 9.309413e+02
45t 9.386257e+02 9.344969e+02 9.398207e+02 9.360115e+02 9.340436e+02
46t 9.334017e+02 9.312732e+02 9.295630e+02 9.283225e+02 9.297939e+02
47t 1.035588e+03 5.532477e+02 1.024728e+03 1.023723e+03 1.027847e+03
48t 1.056616e+03 9.721352e+02 9.927463e+02 9.892003e+02 9.855559e+02
49t 5.594984e+02 1.025457e+03 1.024167e+03 1.024058e+03 5.621933e+02
50t 1.246140e+03 1.213150e+03 1.186504e+03 1.211562e+03 1.112695e+03
             211          212          213          214          215
1t  1.274482e+00 1.768807e+00 1.030316e+00 1.999124e+00 4.469599e+00
2t  7.734843e+06 1.055014e+07 1.475127e+07 2.552359e+07 9.808287e+06
3t  1.660613e+06 2.909941e+06 1.710784e+06 3.143393e+06 6.810484e+06
4t  1.073873e+05 1.272258e+05 1.308395e+05 1.185364e+05 9.521914e+04
5t  2.135119e+01 8.189216e+00 5.209855e+01 2.337471e+01 3.847081e+01
6t  2.066897e+02 3.937460e+02 3.567706e+02 5.237003e+02 1.281333e+02
7t  1.923205e+03 3.336314e+03 4.418172e+03 3.298707e+03 5.133302e+03
8t  5.986107e+00 6.880115e+00 5.465997e+00 7.633312e+00 1.213515e+01
9t  2.797113e+02 2.148575e+02 2.744766e+02 3.233913e+02 3.306631e+02
10t 2.751008e+01 3.212695e+01 2.551170e+01 3.420286e+01 4.416584e+01
11t 2.905502e+02 2.303809e+02 2.800357e+02 2.926278e+02 3.130533e+02
12t 2.653898e+02 3.449161e+02 1.552743e+04 1.339637e+04 8.045986e+03
13t 1.581866e+00 1.711665e+00 1.525527e+00 1.957154e+00 4.737111e+00
14t 2.110887e+01 2.114968e+01 2.108542e+01 2.092676e+01 2.119730e+01
15t 1.699991e+02 3.499814e+03 1.485398e+02 2.757499e+02 2.697779e+03
16t 4.796112e+01 4.837024e+01 4.758483e+01 4.965056e+01 1.004341e+02
17t 1.566585e-01 7.953921e-01 4.825807e+00 1.476878e+00 1.351671e-01
18t 9.576951e-01 9.659162e-01 9.329718e-01 1.022383e+00 1.078529e+00
19t 5.140009e+02 4.223673e+02 6.297624e+02 3.878159e+02 4.025005e+02
20t 2.679481e+02 2.544519e+02 3.493805e+02 3.358778e+02 3.509337e+02
21t 2.749596e+04 2.725162e+04 2.755137e+04 2.827278e+04 2.752144e+04
22t 2.894479e+04 2.825795e+04 2.868308e+04 2.964464e+04 2.918189e+04
23t 5.305579e+01 4.270513e+01 5.572739e+01 4.745285e+01 4.003448e+01
24t 9.040918e-01 7.050779e-01 7.697676e-01 5.480242e-01 9.275348e-01
25t 7.006441e-01 5.203544e-01 7.580943e-01 4.988104e-01 6.484269e-01
26t 2.865021e-01 3.272277e-01 2.801528e-01 3.188772e-01 4.453337e-01
27t 7.887267e+01 8.132986e+01 7.251776e+01 8.501404e+01 1.103219e+02
28t 2.446803e+02 2.510375e+02 3.194582e+02 2.787591e+02 5.172708e+02
29t 3.317608e+02 2.617625e+02 3.837635e+02 3.226470e+02 3.135549e+02
30t 1.053963e+01 1.321739e+01 1.118736e+01 1.532678e+01 2.102783e+01
31t 1.772232e+02 1.242760e+02 1.796971e+02 1.903489e+02 3.017762e+02
32t 4.584082e+02 3.176771e+02 3.153753e+02 3.321322e+02 4.726359e+02
33t 1.124307e+02 1.051848e+02 1.188595e+02 9.643327e+01 1.210369e+02
34t 2.717848e+01 2.851150e+01 2.384762e+01 2.926737e+01 4.321328e+01
35t 1.277178e+04 1.253578e+04 1.267875e+04 1.278255e+04 1.272921e+04
36t 1.693351e+05 2.505827e+05 1.645270e+05 2.717212e+05 3.761116e+05
37t 6.164258e+01 5.629727e+01 5.833585e+01 5.860793e+01 6.177749e+01
38t 2.243904e+05 2.703482e+05 2.054170e+05 2.826763e+05 4.720927e+05
39t 5.963892e+00 5.654024e+00 5.467521e+00 6.115608e+00 7.170599e+00
40t 4.486475e+01 4.647835e+01 6.598972e+01 3.258339e+01 2.013477e+01
41t 4.490426e+02 4.496919e+02 4.475667e+02 4.526481e+02 4.624331e+02
42t 3.796829e+02 2.886444e+02 3.573697e+02 2.740097e+02 2.977978e+02
43t 3.475962e+02 3.597914e+02 4.598175e+02 2.924224e+02 4.508966e+02
44t 9.384198e+02 9.292482e+02 9.351793e+02 9.275544e+02 9.282550e+02
45t 9.540497e+02 9.301928e+02 9.284126e+02 9.267273e+02 9.344715e+02
46t 9.365446e+02 9.210552e+02 9.316814e+02 9.327417e+02 9.302268e+02
47t 1.023828e+03 1.022177e+03 1.031655e+03 1.031092e+03 6.372916e+02
48t 9.822746e+02 9.291326e+02 1.013968e+03 9.788051e+02 9.857390e+02
49t 1.025589e+03 1.019885e+03 5.551869e+02 1.035671e+03 1.022377e+03
50t 1.212707e+03 1.151570e+03 1.285883e+03 1.028121e+03 9.673614e+02
             216          217          218          219          220
1t  1.834634e+00 2.074265e+00 1.340043e+00 1.986241e+00 1.044772e+00
2t  4.618914e+06 6.683934e+06 3.292925e+06 2.729004e+07 5.151950e+06
3t  3.025955e+06 2.660039e+06 2.457659e+06 5.893573e+06 1.658308e+06
4t  8.391899e+04 1.939874e+05 9.909200e+04 1.146978e+05 1.258985e+05
5t  8.149000e+00 5.927968e+01 3.393336e+01 4.499792e+01 4.415768e+01
6t  8.743684e+00 2.799244e+01 6.799436e+00 6.804851e+02 7.641823e+01
7t  3.602809e+03 6.192082e+04 1.611450e+04 5.287047e+03 6.364386e+03
8t  7.363161e+00 7.556951e+00 6.920356e+00 6.956535e+00 5.657185e+00
9t  3.220068e+02 4.761529e+02 4.539320e+02 3.186433e+02 2.996150e+02
10t 3.111088e+01 3.547455e+01 3.054044e+01 3.228258e+01 2.631793e+01
11t 3.045400e+02 4.195871e+02 3.978574e+02 2.872295e+02 2.985442e+02
12t 5.255253e+03 2.070918e+04 8.771742e+03 2.093125e+04 1.528367e+04
13t 2.015243e+01 2.082236e+01 2.065506e+01 1.992845e+01 1.996954e+01
14t 2.107538e+01 2.116581e+01 2.114343e+01 2.099871e+01 2.117552e+01
15t 4.239798e+02 3.088387e+02 2.030458e+02 9.933105e+02 1.484868e+02
16t 4.876423e+01 1.027940e+02 4.902240e+01 1.056810e+02 4.907889e+01
17t 7.073968e-02 7.484252e+02 2.935312e+01 2.617261e+00 4.658978e-02
18t 1.004820e+00 1.014365e+00 9.601026e-01 1.076925e+00 8.774236e-01
19t 6.017898e+02 1.759554e+03 8.473883e+02 4.463966e+02 8.661767e+02
20t 4.594090e+02 9.085554e+02 9.680194e+02 3.686191e+02 5.523423e+02
21t 3.033180e+04 3.851744e+04 3.703737e+04 2.775438e+04 3.429279e+04
22t 3.000259e+04 3.746422e+04 3.700684e+04 2.717038e+04 3.464184e+04
23t 5.461027e+01 8.431967e+01 8.749681e+01 5.056495e+01 6.376908e+01
24t 5.949504e-01 4.693346e+00 4.064258e+00 6.974426e-01 3.491233e+00
25t 5.711997e-01 5.848122e-01 6.578651e-01 6.983306e-01 6.052554e-01
26t 3.176126e-01 2.744050e-01 2.546638e-01 3.790680e-01 3.098987e-01
27t 1.075148e+02 9.026039e+01 7.705815e+01 6.381756e+01 1.058160e+02
28t 5.923375e+02 2.339121e+02 2.301468e+02 1.172023e+04 1.980974e+02
29t 3.922742e+02 5.136538e+02 5.041311e+02 3.126127e+02 3.820405e+02
30t 1.246101e+01 6.543191e+02 1.162935e+01 1.373233e+01 1.268057e+01
31t 2.770245e+02 1.685056e+02 1.540857e+02 1.284194e+02 2.070515e+02
32t 4.214649e+02 5.274477e+02 4.084889e+02 3.226965e+02 4.343543e+02
33t 1.372523e+02 1.660512e+02 1.645200e+02 1.100622e+02 1.314308e+02
34t 3.138256e+01 1.438479e+03 3.763164e+01 2.779575e+01 2.679070e+01
35t 1.312729e+04 1.360248e+04 1.333814e+04 1.265077e+04 1.325628e+04
36t 2.531768e+05 2.021819e+05 2.155151e+05 1.728097e+05 1.771152e+05
37t 6.093162e+01 7.024782e+01 7.140939e+01 5.594546e+01 6.445818e+01
38t 5.414062e+05 3.435440e+05 3.117354e+05 2.428270e+05 1.871664e+05
39t 5.834597e+00 4.727425e+00 4.199033e+00 6.062775e+00 5.348646e+00
40t 3.155139e+01 7.680300e+02 6.826815e+01 5.046543e+01 3.263269e+02
41t 4.521162e+02 5.534645e+02 5.834320e+02 4.501810e+02 4.485559e+02
42t 3.215207e+02 3.575699e+02 2.995513e+02 2.798042e+02 3.338507e+02
43t 3.258503e+02 5.300443e+02 4.350649e+02 4.455534e+02 4.166212e+02
44t 9.290009e+02 1.012472e+03 9.582423e+02 9.357200e+02 9.453301e+02
45t 9.302675e+02 1.008092e+03 9.700835e+02 9.377745e+02 9.833559e+02
46t 9.294546e+02 9.438123e+02 9.936112e+02 9.265099e+02 9.431834e+02
47t 1.026185e+03 1.203928e+03 5.473497e+02 9.220153e+02 1.202786e+03
48t 1.009523e+03 1.289793e+03 1.009343e+03 9.749708e+02 1.027738e+03
49t 1.025170e+03 1.189059e+03 1.201060e+03 1.026489e+03 5.513573e+02
50t 9.693761e+02 1.355659e+03 1.194001e+03 1.211050e+03 1.273250e+03
             221          222          223          224          225
1t  2.596509e+00 1.618317e+00 1.259498e+00 1.003710e+00 1.356047e+00
2t  4.540868e+06 1.614374e+07 3.804824e+06 3.887080e+06 5.173995e+06
3t  4.203226e+06 2.864372e+06 2.027114e+06 1.755682e+06 1.933638e+06
4t  5.282467e+04 1.078902e+05 7.656744e+04 1.428728e+05 1.382515e+05
5t  8.945731e+00 3.379279e+01 3.312945e+01 3.942098e+01 3.446647e+01
6t  1.175104e+01 1.254375e+02 6.674720e+00 5.169487e+01 8.968607e+01
7t  2.789974e+03 3.847515e+03 4.309442e+03 1.111362e+04 3.222377e+03
8t  8.831941e+00 6.716111e+00 6.326239e+00 6.158811e+00 6.543255e+00
9t  3.536187e+02 2.493105e+02 3.160132e+02 2.889390e+02 2.750375e+02
10t 3.859632e+01 3.142549e+01 3.075427e+01 2.787389e+01 2.897642e+01
11t 2.870781e+02 3.102498e+02 3.003046e+02 3.231395e+02 2.853381e+02
12t 2.005209e+03 1.870730e+03 7.113473e+02 4.952469e+03 8.300950e+03
13t 2.058129e+01 1.701813e+00 1.932094e+01 2.011004e+01 1.916815e+01
14t 2.120386e+01 2.104513e+01 2.111766e+01 2.115010e+01 2.120766e+01
15t 3.477465e+02 3.607072e+02 2.999852e+02 6.274857e+02 1.866059e+02
16t 9.387774e+01 4.852611e+01 4.781731e+01 1.030720e+02 4.920532e+01
17t 1.050916e-01 1.182444e+00 3.570062e-02 4.105417e-02 5.108923e-02
18t 1.014861e+00 1.002120e+00 9.438748e-01 8.906807e-01 9.618199e-01
19t 5.807231e+02 5.143456e+02 5.968631e+02 9.888797e+02 6.874169e+02
20t 3.723477e+02 2.422731e+02 4.329759e+02 5.561274e+02 5.029465e+02
21t 2.905371e+04 2.787254e+04 2.881959e+04 3.371550e+04 3.364263e+04
22t 3.082108e+04 2.947667e+04 2.766093e+04 3.586902e+04 3.229754e+04
23t 5.982074e+01 4.445118e+01 4.463475e+01 5.667830e+01 5.993105e+01
24t 8.049994e-01 8.042705e-01 9.361609e-01 2.701495e+00 3.734455e+00
25t 5.709912e-01 7.393741e-01 5.456285e-01 6.403855e-01 5.335952e-01
26t 7.489490e-01 3.371639e-01 3.427112e-01 3.171710e-01 2.283167e-01
27t 1.132842e+02 9.391639e+01 1.248932e+02 1.003321e+02 8.697896e+01
28t 3.732027e+02 3.465279e+02 2.885154e+02 2.341289e+02 2.418152e+02
29t 3.914420e+02 3.686302e+02 3.561465e+02 3.641878e+02 3.799800e+02
30t 1.977136e+01 1.174288e+01 1.759223e+01 1.504283e+01 1.038379e+01
31t 2.522345e+02 1.769931e+02 2.272363e+02 2.002944e+02 1.873063e+02
32t 4.544766e+02 4.243600e+02 4.007232e+02 4.249882e+02 3.805280e+02
33t 1.423125e+02 1.158629e+02 1.306375e+02 1.346452e+02 1.114292e+02
34t 3.566588e+01 2.641711e+01 3.150802e+01 2.804846e+01 2.775201e+01
35t 1.304540e+04 1.257498e+04 1.417126e+04 1.311133e+04 1.277033e+04
36t 3.069850e+05 2.546563e+05 3.084497e+05 2.217745e+05 2.255619e+05
37t 5.944519e+01 5.946954e+01 6.111712e+01 6.133424e+01 5.889319e+01
38t 5.578922e+05 2.400407e+05 3.193857e+05 2.276283e+05 1.657991e+05
39t 5.903785e+00 6.681900e+00 5.678292e+00 5.228490e+00 4.517808e+00
40t 2.440873e+01 2.857773e+01 4.785059e+01 1.606545e+02 1.164080e+02
41t 4.553732e+02 4.505332e+02 4.490749e+02 4.479507e+02 4.499002e+02
42t 3.156150e+02 2.839839e+02 3.916279e+02 3.056593e+02 2.881843e+02
43t 3.996916e+02 3.516203e+02 4.326231e+02 5.131193e+02 3.736747e+02
44t 9.382724e+02 9.397730e+02 9.394247e+02 9.467641e+02 9.345404e+02
45t 9.348574e+02 9.274814e+02 9.475814e+02 9.491202e+02 9.721409e+02
46t 9.474163e+02 9.284784e+02 9.388964e+02 9.924538e+02 9.296609e+02
47t 5.935708e+02 1.025955e+03 5.503627e+02 5.492235e+02 5.493470e+02
48t 9.849581e+02 9.984058e+02 1.113752e+03 1.015397e+03 1.008237e+03
49t 6.091348e+02 1.026808e+03 5.715462e+02 5.567426e+02 5.702153e+02
50t 1.190320e+03 1.010401e+03 1.256823e+03 1.291035e+03 1.254456e+03
             226          227          228          229          230
1t  1.418435e+00 1.104150e+00 1.309191e+00 9.834131e-01 1.203560e+00
2t  6.600127e+06 5.438149e+06 1.027592e+07 4.768888e+06 6.009514e+06
3t  2.074320e+06 1.418912e+06 1.946162e+06 1.429678e+06 2.044749e+06
4t  9.028295e+04 1.650115e+05 1.047876e+05 1.696180e+05 1.177819e+05
5t  3.377434e+01 4.805384e+01 3.453282e+01 5.036730e+01 3.938883e+01
6t  3.265080e+01 6.841558e+01 5.345954e+01 6.592650e+01 3.570580e+01
7t  3.208013e+03 9.084313e+03 4.587935e+03 9.338469e+03 5.985639e+03
8t  6.448361e+00 5.242228e+00 5.969455e+00 5.436708e+00 6.223692e+00
9t  2.709162e+02 3.125546e+02 2.795237e+02 3.367747e+02 2.769320e+02
10t 2.956029e+01 2.443301e+01 2.682077e+01 2.463852e+01 2.812762e+01
11t 2.616023e+02 3.270633e+02 2.954844e+02 3.314365e+02 2.763184e+02
12t 3.316724e+02 1.989911e+04 1.324819e+04 1.177378e+04 1.285041e+04
13t 1.613795e+00 2.021828e+01 2.015126e+01 2.014259e+01 1.980166e+01
14t 2.099588e+01 2.119536e+01 2.098368e+01 2.116526e+01 2.106141e+01
15t 4.471349e+03 1.355396e+02 9.071484e+02 1.488990e+02 1.824080e+02
16t 4.804307e+01 4.921562e+01 4.764811e+01 4.910571e+01 4.783027e+01
17t 5.839927e-02 3.215179e-02 2.844098e-01 4.057469e-02 5.286772e-02
18t 9.697867e-01 8.828244e-01 9.327534e-01 8.968506e-01 9.396880e-01
19t 3.949579e+02 9.018437e+02 5.384068e+02 9.574425e+02 5.112649e+02
20t 3.204003e+02 3.858579e+02 3.473912e+02 5.701458e+02 3.177121e+02
21t 2.841074e+04 3.278552e+04 2.801855e+04 3.294328e+04 2.781848e+04
22t 2.928551e+04 3.580086e+04 2.923817e+04 3.511274e+04 2.817752e+04
23t 4.573914e+01 6.349553e+01 5.620899e+01 5.782002e+01 5.736677e+01
24t 5.059914e-01 3.037663e+00 1.000100e+00 3.030083e+00 6.107500e-01
25t 7.093926e-01 7.750496e-01 7.403615e-01 6.792857e-01 6.889035e-01
26t 3.578005e-01 3.337592e-01 3.558756e-01 3.681515e-01 3.519569e-01
27t 9.895270e+01 7.974173e+01 8.641011e+01 7.131620e+01 1.219905e+02
28t 2.679622e+02 1.816861e+02 2.352622e+02 1.936500e+02 2.588993e+02
29t 2.320130e+02 3.717703e+02 3.721168e+02 3.896792e+02 3.244243e+02
30t 1.138293e+01 1.365973e+01 9.798945e+00 1.354983e+01 1.075766e+01
31t 2.069723e+02 2.142876e+02 1.636243e+02 2.060319e+02 2.084534e+02
32t 3.749324e+02 6.089606e+02 5.784678e+02 5.085923e+02 4.812414e+02
33t 1.032327e+02 1.230271e+02 1.097291e+02 1.300910e+02 1.021334e+02
34t 2.401983e+01 2.722834e+01 2.487022e+01 2.534706e+01 2.892446e+01
35t 1.270295e+04 1.312440e+04 1.288677e+04 1.356863e+04 1.302424e+04
36t 1.954826e+05 1.806033e+05 1.799264e+05 1.678905e+05 2.478054e+05
37t 5.595596e+01 6.424210e+01 5.835561e+01 6.387515e+01 5.836314e+01
38t 3.349795e+05 1.807709e+05 2.961078e+05 2.098732e+05 2.938363e+05
39t 5.302089e+00 5.647723e+00 5.653225e+00 5.948850e+00 5.638592e+00
40t 3.051894e+01 3.500335e+02 5.161573e+01 2.401658e+02 6.676051e+01
41t 4.504051e+02 4.472477e+02 4.486370e+02 4.480886e+02 4.492134e+02
42t 3.032968e+02 3.265439e+02 3.346007e+02 2.993574e+02 3.038971e+02
43t 3.335717e+02 5.191230e+02 4.358599e+02 4.327885e+02 4.356130e+02
44t 9.315374e+02 9.417553e+02 9.383055e+02 9.416818e+02 9.297492e+02
45t 9.297747e+02 9.315155e+02 9.326416e+02 9.360053e+02 9.290615e+02
46t 9.356714e+02 1.001246e+03 9.300944e+02 9.929472e+02 9.307124e+02
47t 1.024416e+03 5.378352e+02 1.036275e+03 9.048780e+02 1.033780e+03
48t 9.869378e+02 1.093391e+03 9.752278e+02 1.100128e+03 9.920341e+02
49t 1.022580e+03 5.531779e+02 1.024096e+03 5.568577e+02 1.020839e+03
50t 1.164900e+03 1.293075e+03 1.223149e+03 1.296684e+03 1.214594e+03
             231          232          233          234          235
1t  1.106812e+00 1.180167e+00 1.248010e+00 1.027113e+00 1.095410e+00
2t  6.230309e+06 9.953827e+06 7.974443e+06 9.089570e+06 4.129939e+06
3t  1.732217e+06 2.020279e+06 2.439207e+06 1.763349e+06 1.784851e+06
4t  9.985587e+04 9.399917e+04 1.069651e+05 1.085679e+05 1.498067e+05
5t  3.947542e+01 3.219515e+01 2.377812e+01 4.327339e+01 5.328749e+01
6t  4.500319e+01 9.549883e+01 3.754896e+01 5.779339e+01 2.921753e+01
7t  5.129657e+03 5.016180e+03 4.777973e+03 6.509403e+03 6.610760e+03
8t  5.827253e+00 5.924011e+00 6.555223e+00 5.136994e+00 6.007396e+00
9t  3.000488e+02 2.856699e+02 2.822814e+02 2.829715e+02 3.584012e+02
10t 2.800749e+01 2.603534e+01 2.881307e+01 2.854422e+01 2.700478e+01
11t 3.057946e+02 2.845278e+02 2.668055e+02 3.052549e+02 3.712935e+02
12t 1.586154e+04 1.254406e+04 1.124506e+04 1.883065e+04 2.206224e+04
13t 1.990180e+01 1.339204e+00 1.972257e+01 1.322265e+00 2.062917e+01
14t 2.092125e+01 2.100888e+01 2.104467e+01 2.096953e+01 2.119234e+01
15t 1.640389e+02 2.023156e+02 2.347552e+03 1.699132e+02 1.653935e+02
16t 4.836052e+01 4.881306e+01 4.713525e+01 4.808905e+01 4.925157e+01
17t 1.243340e+00 1.044104e+00 8.612930e-02 8.516871e-01 2.370131e+02
18t 9.185029e-01 9.419624e-01 9.620476e-01 8.703841e-01 9.047064e-01
19t 5.217923e+02 5.532261e+02 5.106209e+02 5.687332e+02 1.639272e+03
20t 3.192964e+02 3.284078e+02 3.345153e+02 3.303110e+02 6.582088e+02
21t 2.791760e+04 2.815456e+04 2.777554e+04 2.826641e+04 3.499278e+04
22t 2.950813e+04 2.871892e+04 2.799989e+04 2.914176e+04 3.524028e+04
23t 5.789050e+01 5.899735e+01 5.331395e+01 5.916972e+01 6.854829e+01
24t 6.709368e-01 5.077676e-01 3.878726e-01 5.419133e-01 3.485355e+00
25t 7.986440e-01 6.975818e-01 6.536304e-01 7.251266e-01 5.635050e-01
26t 3.187964e-01 2.955163e-01 3.577923e-01 2.959695e-01 3.014014e-01
27t 1.057791e+02 9.072358e+01 9.493430e+01 6.402247e+01 5.806636e+01
28t 2.378641e+02 2.177461e+02 2.741834e+02 2.351726e+02 1.720331e+02
29t 2.414949e+02 3.437543e+02 2.436545e+02 3.442480e+02 4.495923e+02
30t 1.077855e+01 1.282307e+01 1.120405e+01 1.261498e+01 1.141265e+01
31t 1.980417e+02 1.736188e+02 2.078961e+02 2.077125e+02 1.569103e+02
32t 2.696473e+02 3.106677e+02 3.859416e+02 2.921528e+02 7.586219e+02
33t 1.283311e+02 1.195250e+02 1.142488e+02 1.069768e+02 1.447748e+02
34t 2.590139e+01 2.491983e+01 2.514215e+01 2.404892e+01 3.126967e+01
35t 1.284549e+04 1.277066e+04 1.280025e+04 1.276950e+04 1.353640e+04
36t 2.023296e+05 2.374390e+05 2.083219e+05 1.994360e+05 1.735735e+05
37t 5.760501e+01 5.404819e+01 5.650299e+01 5.830558e+01 6.263342e+01
38t 2.962325e+05 2.837197e+05 2.912083e+05 3.464702e+05 1.364711e+05
39t 5.851932e+00 5.292045e+00 5.335439e+00 5.455221e+00 5.277525e+00
40t 6.218399e+01 5.176216e+01 4.474623e+01 6.548612e+01 4.704463e+02
41t 4.475941e+02 4.482659e+02 4.499151e+02 4.483996e+02 4.495959e+02
42t 2.574645e+02 3.614232e+02 2.735425e+02 2.612552e+02 3.434890e+02
43t 4.348025e+02 3.598740e+02 3.716347e+02 4.357924e+02 4.346363e+02
44t 9.952340e+02 9.322594e+02 9.333670e+02 9.303156e+02 9.482463e+02
45t 9.337226e+02 9.305623e+02 9.351055e+02 9.445502e+02 9.402807e+02
46t 9.367946e+02 9.317263e+02 9.320939e+02 9.322721e+02 1.017864e+03
47t 5.370597e+02 5.405030e+02 1.028396e+03 1.029901e+03 1.192091e+03
48t 1.040113e+03 1.022916e+03 9.927888e+02 9.983288e+02 1.134985e+03
49t 5.584755e+02 5.602477e+02 1.018517e+03 1.021397e+03 5.596849e+02
50t 1.218635e+03 1.174860e+03 1.213309e+03 1.162950e+03 1.273749e+03
             236          237          238          239          240
1t  3.665402e+04 1.626255e+00 2.300981e+00 7.721456e-01 2.773475e+00
2t  1.395843e+08 4.393161e+06 5.406421e+06 2.496760e+06 2.147302e+07
3t  4.983476e+09 2.279564e+06 3.869175e+06 1.347033e+06 3.227093e+06
4t  1.264825e+05 2.508199e+04 3.147207e+04 2.489700e+05 1.582958e+05
5t  5.272996e+01 3.189631e+01 7.592776e+00 5.525142e+01 5.636775e+01
6t  4.794905e+02 9.417978e+00 1.247454e+01 3.510930e+00 2.888921e+02
7t  8.599344e+03 2.552397e+03 5.888654e+03 7.118616e+04 8.966851e+03
8t  7.489676e+00 7.145236e+00 8.965583e+00 2.469380e+06 6.319896e+00
9t  3.353039e+02 3.331181e+02 3.052254e+02 4.238151e+02 3.178837e+02
10t 3.454394e+01 3.552272e+01 3.630205e+01 2.399317e+01 2.867142e+01
11t 3.256906e+02 3.564953e+02 2.983492e+02 3.722906e+02 3.166363e+02
12t 2.635756e+04 6.327716e+03 1.211780e+03 2.022366e+04 2.464983e+04
13t 2.032866e+01 2.048373e+01 2.018458e+01 2.046607e+01 2.011769e+01
14t 2.105353e+01 2.103913e+01 2.112209e+01 2.112052e+01 2.115750e+01
15t 8.793450e+08 1.332963e+03 9.710548e+02 1.247055e+02 4.143460e+04
16t 4.454989e+02 4.774766e+01 4.718398e+01 4.922196e+01 9.473139e+01
17t 9.155046e+02 1.538331e-01 7.976092e-02 9.284616e+02 5.768234e+01
18t 1.721452e+02 9.739539e-01 1.038477e+00 7.679839e-01 9.824220e-01
19t 7.677741e+02 8.279691e+02 5.124046e+02 3.343842e+03 6.987466e+02
20t 4.868792e+02 3.648698e+02 3.632052e+02 9.529220e+02 4.140515e+02
21t 2.920394e+04 3.095362e+04 2.910719e+04 3.768578e+04 2.815281e+04
22t 3.007798e+04 2.861073e+04 2.865109e+04 3.077848e+04 2.972011e+04
23t 5.899695e+01 5.652990e+01 4.085744e+01 8.322763e+01 5.927574e+01
24t 7.368969e-01 1.546193e+00 1.017643e+00 2.006164e+00 8.105573e-01
25t 2.279691e+00 4.394231e-01 5.960981e-01 6.479382e-01 9.107776e-01
26t 4.600940e+01 3.280215e-01 3.544934e-01 3.217245e-01 3.706566e-01
27t 5.478028e+03 1.009956e+02 1.264348e+02 1.075168e+02 9.759178e+01
28t 1.081080e+08 3.186583e+02 3.563523e+02 2.176568e+02 3.082306e+02
29t 3.809033e+02 4.039556e+02 3.437000e+02 5.684324e+02 4.180491e+02
30t 1.265079e+01 2.066044e+01 1.729719e+01 1.250998e+01 1.127309e+01
31t 1.013560e+03 2.432671e+02 2.382252e+02 1.631633e+02 2.627114e+02
32t 4.756195e+02 3.860086e+02 4.302462e+02 5.801478e+02 8.547603e+02
33t 1.344248e+02 1.398200e+02 1.027731e+02 1.762777e+02 1.394677e+02
34t 4.143830e+01 3.107617e+01 3.383703e+01 1.579349e+03 2.735990e+01
35t 1.426072e+04 1.357428e+04 1.256196e+04 1.461510e+04 1.325180e+04
36t 3.827491e+05 2.229653e+05 3.238561e+05 2.114879e+05 2.410704e+05
37t 5.867760e+01 5.598635e+01 5.763539e+01 7.072352e+01 6.266363e+01
38t 4.151373e+05 2.500177e+05 3.077246e+05 2.871191e+05 1.678234e+05
39t 1.154876e+04 5.822904e+00 7.338194e+00 5.354074e+00 6.342261e+00
40t 1.899031e+02 3.150256e+01 2.659106e+01 6.141920e+02 1.770080e+02
41t 4.502929e+02 4.507933e+02 4.546726e+02 4.472075e+02 4.475966e+02
42t 2.997255e+02 3.729720e+02 3.038444e+02 3.795531e+02 3.648111e+02
43t 4.384409e+02 4.394911e+02 4.435973e+02 4.308767e+02 4.362747e+02
44t 9.404346e+02 9.371928e+02 9.354680e+02 1.028917e+03 9.418490e+02
45t 9.297121e+02 1.003771e+03 9.426476e+02 9.348795e+02 9.404375e+02
46t 9.304882e+02 9.438492e+02 9.203925e+02 1.173463e+03 9.329500e+02
47t 9.207111e+02 1.199317e+03 1.031950e+03 1.230006e+03 5.409849e+02
48t 1.115038e+03 1.181057e+03 1.103806e+03 1.326620e+03 1.070743e+03
49t 5.775964e+02 5.865220e+02 9.398866e+02 1.209792e+03 5.618941e+02
50t 1.207892e+03 1.344764e+03 9.437322e+02 1.435787e+03 1.239733e+03
             241          242          243          244          245
1t  9.619167e-01 5.961564e+00 1.351872e+00 8.242633e-01 1.293468e+00
2t  4.460919e+06 3.324949e+07 6.099069e+06 3.745953e+06 1.192999e+07
3t  1.498275e+06 1.016786e+07 1.864379e+06 1.199451e+06 2.047848e+06
4t  1.542416e+05 8.841748e+04 1.622857e+05 1.482112e+05 1.274467e+05
5t  5.608207e+01 5.740714e+00 5.814520e+01 4.952121e+01 3.385803e+01
6t  2.788047e+01 6.954020e+02 9.778473e+01 1.255602e+01 1.498272e+02
7t  1.286878e+04 2.069707e+03 6.429963e+03 1.429361e+04 4.982172e+03
8t  4.834474e+00 1.067819e+01 5.855825e+00 5.318075e+00 6.010658e+00
9t  3.929455e+02 1.168388e+02 3.883031e+02 3.514998e+02 3.286909e+02
10t 2.379915e+01 4.052056e+01 2.771016e+01 2.416452e+01 2.882191e+01
11t 3.845371e+02 8.996103e+01 3.867414e+02 3.638921e+02 3.051419e+02
12t 2.250209e+04 1.530243e+03 2.654352e+04 1.563429e+04 2.253005e+04
13t 2.061716e+01 2.656852e+00 2.062401e+01 2.046547e+01 2.016325e+01
14t 2.109954e+01 2.110780e+01 2.119839e+01 2.118749e+01 2.103981e+01
15t 1.340781e+02 1.097595e+03 1.755889e+02 2.630019e+02 1.911811e+02
16t 4.922404e+01 4.848171e+01 4.923833e+01 4.924322e+01 9.949389e+01
17t 7.401894e+02 1.097236e+00 6.412178e+02 3.006961e+02 1.155872e+01
18t 8.067634e-01 1.112733e+00 9.508483e-01 8.279032e-01 9.413772e-01
19t 2.212671e+03 3.966126e+02 1.639728e+03 1.691778e+03 5.642833e+02
20t 7.895646e+02 2.072290e+02 7.987599e+02 7.364382e+02 4.468016e+02
21t 3.499309e+04 2.708229e+04 3.492711e+04 3.568737e+04 2.817460e+04
22t 3.593190e+04 2.814077e+04 3.530836e+04 3.579249e+04 2.744269e+04
23t 7.618388e+01 3.119915e+01 6.945801e+01 6.973770e+01 6.067492e+01
24t 3.185371e+00 9.141592e-01 3.285002e+00 3.186964e+00 6.503994e-01
25t 6.129897e-01 4.191447e-01 5.812161e-01 5.726446e-01 7.171151e-01
26t 2.805469e-01 3.049880e-01 2.762761e-01 3.369020e-01 3.384736e-01
27t 4.710490e+01 9.276516e+01 4.803074e+01 4.483495e+01 1.144800e+02
28t 1.579900e+02 5.320154e+02 1.776294e+02 1.630752e+02 3.639268e+03
29t 4.790287e+02 2.734288e+02 4.376306e+02 4.346428e+02 3.514539e+02
30t 1.187324e+02 1.835907e+01 1.531975e+01 8.530862e+00 1.335786e+01
31t 1.169490e+02 1.740484e+02 1.038800e+02 1.908647e+02 2.212994e+02
32t 3.723165e+02 4.259529e+02 4.520947e+02 4.024978e+02 7.064849e+02
33t 1.605333e+02 1.134145e+02 1.425666e+02 1.463330e+02 1.319147e+02
34t 3.566716e+01 3.453672e+01 3.835424e+01 2.829263e+01 2.744917e+01
35t 1.435658e+04 1.250112e+04 1.381253e+04 1.371370e+04 1.293879e+04
36t 1.513859e+05 3.815766e+05 1.349849e+05 1.614235e+05 2.311956e+05
37t 6.886979e+01 5.921656e+01 6.630786e+01 6.629554e+01 5.913177e+01
38t 2.371233e+05 3.829978e+05 1.419218e+05 2.086559e+05 2.772630e+05
39t 5.399889e+00 9.948974e+00 5.159996e+00 5.243462e+00 5.770615e+00
40t 1.005631e+03 1.623730e+01 8.348799e+02 5.905121e+02 1.338072e+02
41t 4.477207e+02 4.570336e+02 4.482061e+02 4.468445e+02 4.483820e+02
42t 3.533078e+02 2.823626e+02 3.566406e+02 3.498793e+02 3.409380e+02
43t 4.431353e+02 3.232242e+02 4.299067e+02 4.215920e+02 4.238937e+02
44t 9.370776e+02 9.236119e+02 9.471606e+02 9.339987e+02 9.473870e+02
45t 9.353860e+02 9.234897e+02 9.452590e+02 9.336364e+02 9.438869e+02
46t 9.345695e+02 9.225270e+02 9.454742e+02 9.322389e+02 9.471007e+02
47t 1.200717e+03 1.025306e+03 5.492054e+02 1.213641e+03 5.356841e+02
48t 1.316656e+03 9.286958e+02 1.210910e+03 1.212645e+03 1.002026e+03
49t 1.214379e+03 1.022915e+03 5.649382e+02 5.502710e+02 1.021020e+03
50t 1.345043e+03 9.043135e+02 1.282612e+03 1.312166e+03 1.215724e+03
             246          247          248          249          250
1t  2.040891e+00 1.200319e+00 8.527957e-01 8.743523e-01 1.651786e+00
2t  1.985968e+07 7.678826e+06 5.262671e+06 5.062000e+06 6.130740e+06
3t  5.459689e+06 2.014417e+06 1.405236e+06 1.295259e+06 2.340591e+06
4t  1.223979e+05 1.346188e+05 1.021512e+05 1.304140e+05 1.549199e+05
5t  5.645313e+01 3.595905e+01 2.610977e+01 3.964085e+01 3.580308e+01
6t  2.811971e+02 4.132450e+01 1.100691e+01 1.036572e+01 2.778442e+01
7t  3.914862e+03 6.175645e+03 4.768847e+03 4.504074e+03 5.575982e+03
8t  6.407716e+00 6.008005e+00 5.219941e+00 5.091015e+00 7.207065e+00
9t  3.063127e+02 3.152156e+02 3.047315e+02 3.141095e+02 3.544625e+02
10t 3.165221e+01 2.688004e+01 2.364029e+01 2.385291e+01 3.056677e+01
11t 2.956924e+02 3.177347e+02 3.186589e+02 3.222003e+02 2.543587e+02
12t 2.137955e+04 2.155821e+04 1.664641e+04 1.232693e+04 1.474351e+04
13t 2.013614e+01 2.026878e+01 2.005866e+01 2.000162e+01 2.049722e+01
14t 2.108890e+01 2.117304e+01 2.088059e+01 2.097753e+01 2.116762e+01
15t 9.464054e+03 3.281256e+02 1.193752e+03 1.249541e+02 2.344547e+02
16t 1.388094e+02 4.793727e+01 4.826213e+01 4.714606e+01 4.923754e+01
17t 1.048248e+01 1.211372e+01 7.189726e-01 1.857876e+00 6.571525e-02
18t 9.957356e-01 9.154181e-01 8.412389e-01 8.552990e-01 9.908442e-01
19t 5.922806e+02 7.480804e+02 6.287326e+02 7.001190e+02 7.277218e+02
20t 3.548481e+02 4.955787e+02 3.769682e+02 4.285865e+02 5.123196e+02
21t 2.778802e+04 3.661293e+04 2.819441e+04 2.831921e+04 3.437984e+04
22t 2.814881e+04 2.978316e+04 2.868501e+04 2.958701e+04 3.436974e+04
23t 5.940294e+01 6.435465e+01 5.416714e+01 5.708387e+01 6.443249e+01
24t 9.090447e-01 3.934087e+00 8.393818e-01 8.938751e-01 2.863095e+00
25t 7.578629e-01 1.018249e+00 7.313497e-01 8.461147e-01 5.267101e-01
26t 3.963751e-01 3.900843e-01 2.879691e-01 3.445447e-01 3.150831e-01
27t 7.758134e+01 1.320451e+02 8.030582e+01 1.080896e+02 8.756754e+01
28t 3.168641e+04 2.033741e+02 1.921527e+02 2.117762e+02 2.408057e+02
29t 3.747889e+02 3.682663e+02 3.351334e+02 3.909121e+02 3.498387e+02
30t 1.281010e+01 1.329716e+01 1.714607e+01 1.082236e+01 1.569891e+01
31t 1.598609e+02 2.951703e+02 2.019269e+02 2.312971e+02 2.153564e+02
32t 4.220063e+02 4.493927e+02 3.958205e+02 6.487755e+02 5.375109e+02
33t 1.358898e+02 1.453343e+02 1.141409e+02 1.151918e+02 1.216759e+02
34t 2.898531e+01 3.450666e+01 2.807562e+01 2.924298e+01 2.984097e+01
35t 1.293487e+04 1.348181e+04 1.342302e+04 1.310076e+04 1.288186e+04
36t 2.047857e+05 2.945413e+05 1.599494e+05 3.044006e+05 2.318182e+05
37t 5.840427e+01 6.936753e+01 6.234622e+01 5.921645e+01 5.862008e+01
38t 2.426333e+05 2.495847e+05 3.702679e+05 2.402196e+05 1.818805e+05
39t 7.493895e+00 6.603216e+00 6.777560e+00 5.873839e+00 5.420231e+00
40t 1.145910e+02 1.957931e+02 8.389167e+01 1.146212e+02 9.558877e+01
41t 4.501839e+02 4.483437e+02 4.473603e+02 4.474358e+02 4.510712e+02
42t 3.474032e+02 3.846656e+02 3.532350e+02 3.043925e+02 3.122758e+02
43t 4.359843e+02 4.340604e+02 4.327706e+02 4.308540e+02 4.370812e+02
44t 9.250754e+02 9.426734e+02 9.341862e+02 9.348380e+02 9.356224e+02
45t 9.350590e+02 9.410638e+02 9.923681e+02 9.313126e+02 9.357316e+02
46t 9.429467e+02 9.396571e+02 9.344208e+02 9.287698e+02 9.303703e+02
47t 5.486176e+02 5.386092e+02 5.338452e+02 5.343486e+02 5.596648e+02
48t 1.037336e+03 1.127314e+03 1.114262e+03 1.030565e+03 9.854778e+02
49t 1.027956e+03 5.568863e+02 5.540454e+02 1.023214e+03 5.699780e+02
50t 1.235812e+03 1.241723e+03 1.226329e+03 1.142174e+03 1.207346e+03
             251          252          253          254          255
1t  9.633302e-01 8.454568e-01 9.895571e-01 1.016382e+00 1.050537e+00
2t  5.194475e+06 4.038510e+06 6.460743e+06 5.942838e+06 3.639212e+06
3t  1.459530e+06 1.397307e+06 1.409454e+06 1.396913e+06 1.364773e+06
4t  1.566647e+05 5.984403e+04 1.312176e+05 1.192211e+05 6.362372e+04
5t  4.840647e+01 1.978874e+01 3.990486e+01 3.848597e+01 3.170900e+00
6t  3.029607e+01 3.411693e+00 4.662304e+01 1.006051e+01 4.141684e+00
7t  4.095262e+03 5.301846e+03 3.760032e+03 4.162581e+03 4.014975e+03
8t  5.168687e+00 5.388434e+00 5.407284e+00 5.207888e+00 5.226683e+00
9t  3.334560e+02 3.509414e+02 2.848016e+02 2.950142e+02 3.400304e+02
10t 2.469304e+01 2.418227e+01 2.492589e+01 2.552094e+01 2.592880e+01
11t 3.145624e+02 3.259249e+02 2.845670e+02 2.946547e+02 2.850027e+02
12t 2.176380e+04 1.054663e+04 1.334577e+04 1.093262e+04 3.524849e+03
13t 2.002573e+01 2.015589e+01 1.964491e+01 1.981080e+01 2.009032e+01
14t 2.093628e+01 2.087192e+01 2.101582e+01 2.108898e+01 2.115210e+01
15t 1.444965e+02 1.502343e+02 1.498397e+02 1.474738e+02 4.451602e+02
16t 4.730142e+01 4.918212e+01 4.737854e+01 4.461884e+01 4.925660e+01
17t 1.096653e+01 5.653721e-02 1.749227e-01 2.111358e-01 2.177619e-01
18t 8.540276e-01 7.996652e-01 8.999287e-01 8.236043e-01 8.572947e-01
19t 7.351087e+02 7.065035e+02 6.289833e+02 5.968925e+02 6.349037e+02
20t 5.212270e+02 4.286399e+02 3.841213e+02 4.665532e+02 4.424661e+02
21t 2.874629e+04 2.948088e+04 2.667148e+04 2.874245e+04 2.897374e+04
22t 2.826861e+04 2.962922e+04 2.838819e+04 2.945242e+04 2.996622e+04
23t 5.612290e+01 7.265742e+01 5.411544e+01 5.646805e+01 6.346887e+01
24t 7.415692e-01 1.269345e+00 9.585542e-01 1.015878e+00 4.605921e-01
25t 9.083236e-01 8.757800e-01 8.554277e-01 6.359597e-01 9.030993e-01
26t 7.504876e-01 3.469808e-01 3.180751e-01 3.336969e-01 3.376275e-01
27t 1.347847e+02 1.220745e+02 1.049838e+02 1.003775e+02 1.237468e+02
28t 2.688099e+02 2.411307e+02 2.593215e+02 2.766786e+02 2.567427e+02
29t 3.565930e+02 4.046506e+02 3.433829e+02 3.396885e+02 3.930527e+02
30t 1.296017e+01 1.456587e+01 1.532640e+01 9.971405e+00 1.021636e+01
31t 2.227418e+02 3.043043e+02 1.840135e+02 2.267437e+02 2.731225e+02
32t 7.460245e+02 8.784983e+02 6.546291e+02 3.262197e+03 4.483390e+02
33t 1.248763e+02 1.525514e+02 1.145669e+02 1.234679e+02 1.542172e+02
34t 2.684041e+01 4.476332e+01 2.545047e+01 2.703723e+01 3.364791e+01
35t 1.365281e+04 1.353421e+04 1.316866e+04 1.349690e+04 1.346522e+04
36t 1.836521e+05 2.710663e+05 1.682137e+05 2.113262e+05 2.270134e+05
37t 6.171380e+01 6.115454e+01 5.984631e+01 5.603806e+01 5.863006e+01
38t 2.397926e+05 4.265742e+05 2.895429e+05 4.925269e+05 5.835053e+05
39t 5.748218e+00 5.994669e+00 5.662848e+00 6.283072e+00 5.201387e+00
40t 1.653998e+02 7.956364e+01 1.179067e+02 5.575129e+01 3.939229e+01
41t 4.475698e+02 7.149904e+02 4.476659e+02 4.473788e+02 6.789298e+02
42t 3.424742e+02 4.250044e+02 3.179638e+02 3.355589e+02 3.147041e+02
43t 5.166220e+02 4.311782e+02 4.084074e+02 4.688371e+02 4.310648e+02
44t 9.340508e+02 9.355078e+02 9.352933e+02 9.394061e+02 9.287343e+02
45t 1.007784e+03 9.866704e+02 9.327182e+02 9.367848e+02 9.888643e+02
46t 9.344260e+02 9.369920e+02 9.303762e+02 9.355174e+02 9.363533e+02
47t 5.329813e+02 5.339458e+02 8.917488e+02 5.400317e+02 5.378603e+02
48t 1.096992e+03 1.101701e+03 1.050582e+03 1.075294e+03 1.076505e+03
49t 5.500490e+02 1.200770e+03 1.021498e+03 5.600283e+02 5.538918e+02
50t 1.246262e+03 1.287875e+03 1.078350e+03 1.015542e+03 1.240963e+03
             256          257          258          259          260
1t  8.628337e-01 9.227754e-01 1.026974e+00 7.705255e-01 1.611218e+00
2t  4.700859e+06 4.360754e+06 5.867178e+06 3.881135e+06 1.679241e+07
3t  1.336451e+06 1.398703e+06 1.878683e+06 1.343632e+06 2.563643e+06
4t  8.768857e+04 8.409634e+04 1.252118e+05 1.121966e+05 3.618550e+05
5t  2.658072e+01 1.730892e+01 2.908053e+01 3.762156e+01 7.127889e+01
6t  6.656246e+00 4.309065e+00 5.140856e+01 4.840279e+00 1.482637e+03
7t  5.130343e+03 4.363322e+03 3.847800e+03 6.572297e+03 5.374866e+04
8t  5.422334e+00 5.603254e+00 5.945300e+00 4.878563e+00 1.470559e+02
9t  3.202663e+02 2.996369e+02 2.800997e+02 3.230942e+02 3.645144e+02
10t 2.395068e+01 2.553769e+01 2.578565e+01 2.388525e+01 2.982641e+01
11t 3.063043e+02 2.954981e+02 2.865121e+02 3.070272e+02 3.470189e+02
12t 9.694227e+03 1.018729e+04 1.483150e+04 1.261259e+04 2.934386e+04
13t 2.015187e+01 2.023391e+01 1.979722e+01 2.017619e+01 2.072316e+01
14t 2.086374e+01 2.108841e+01 2.093211e+01 2.113602e+01 2.115480e+01
15t 1.267007e+02 1.337841e+02 1.968438e+02 3.419635e+02 2.477010e+02
16t 9.806547e+01 4.707831e+01 4.792332e+01 9.896723e+01 1.171073e+02
17t 3.322716e-01 1.454176e-01 5.640544e-02 2.173727e-01 5.584540e+02
18t 8.654331e-01 8.730994e-01 9.188408e-01 8.443775e-01 9.587734e-01
19t 5.097765e+02 6.092833e+02 5.247195e+02 6.443524e+02 2.123232e+03
20t 4.346300e+02 4.435322e+02 2.686194e+02 4.325422e+02 5.852163e+02
21t 2.852915e+04 2.864591e+04 2.816701e+04 2.851197e+04 3.007828e+04
22t 2.921157e+04 3.007696e+04 2.888799e+04 2.854345e+04 3.509709e+04
23t 5.597627e+01 5.636064e+01 5.233257e+01 6.087779e+01 6.965659e+01
24t 4.987494e-01 7.795457e-01 6.902391e-01 8.778438e-01 1.219016e+00
25t 6.810921e-01 6.836650e-01 4.643563e-01 6.850555e-01 5.834290e-01
26t 3.998079e-01 2.972325e-01 2.887909e-01 3.367923e-01 2.883996e-01
27t 1.282501e+02 8.255290e+01 9.095723e+01 1.136169e+02 8.229614e+01
28t 2.002539e+02 3.764193e+02 2.273560e+02 2.267515e+02 2.554812e+02
29t 4.242976e+02 3.056244e+02 3.162334e+02 3.482460e+02 5.330398e+02
30t 1.232498e+01 8.828870e+00 9.726826e+00 1.029104e+01 8.554675e+02
31t 2.656502e+02 2.500250e+02 1.910426e+02 2.648698e+02 1.809940e+02
32t 4.499430e+02 3.880367e+02 5.000468e+02 4.571708e+02 5.337057e+02
33t 1.537931e+02 1.159162e+02 1.044773e+02 1.263834e+02 1.874525e+02
34t 2.695140e+01 3.055777e+01 2.799002e+01 3.315185e+01 5.569770e+01
35t 1.376849e+04 1.377015e+04 1.258241e+04 1.305064e+04 1.441760e+04
36t 1.885395e+05 2.149214e+05 2.604654e+05 1.656751e+05 2.721184e+05
37t 5.806231e+01 5.928687e+01 5.931580e+01 6.138697e+01 6.672117e+01
38t 4.705512e+05 5.669949e+05 2.987323e+05 4.839603e+05 5.093287e+05
39t 5.944326e+00 6.116487e+00 4.818766e+00 6.770695e+00 5.225598e+00
40t 6.708185e+01 5.926677e+01 6.909314e+01 6.634652e+01 1.777752e+03
41t 4.474067e+02 6.108528e+02 4.492125e+02 4.471273e+02 7.580202e+02
42t 3.444256e+02 3.481929e+02 3.086313e+02 3.643438e+02 4.344432e+02
43t 3.675140e+02 4.197847e+02 4.349503e+02 3.830691e+02 4.457289e+02
44t 9.440039e+02 9.317134e+02 9.296957e+02 9.349167e+02 9.429153e+02
45t 9.370375e+02 9.374035e+02 9.325883e+02 9.307923e+02 9.881570e+02
46t 9.367602e+02 9.369213e+02 9.287600e+02 9.316001e+02 1.008601e+03
47t 5.371012e+02 5.325688e+02 1.021063e+03 1.201971e+03 1.214372e+03
48t 9.831953e+02 1.061499e+03 1.002832e+03 1.040033e+03 1.164772e+03
49t 9.047593e+02 1.198367e+03 1.023063e+03 1.200732e+03 1.198727e+03
50t 1.266585e+03 1.167823e+03 1.120584e+03 1.292639e+03 1.300486e+03
             261          262          263          264          265
1t  1.020479e+00 9.899623e-01 1.030197e+02 6.942740e+01 9.265268e-01
2t  4.332801e+06 3.734209e+06 3.092667e+07 3.690312e+07 1.968296e+07
3t  1.490436e+06 1.504030e+06 2.479016e+09 6.055734e+08 1.707773e+06
4t  2.670929e+05 8.459170e+04 1.426151e+05 1.322937e+05 1.237779e+05
5t  4.695776e+01 2.300415e+01 5.951923e+01 5.797199e+01 4.569370e+01
6t  1.005843e+01 4.770376e+00 6.544844e+02 9.892004e+02 5.228331e+02
7t  5.894939e+04 2.538554e+04 6.354317e+03 5.915899e+03 4.771539e+03
8t  1.296076e+02 5.592809e+00 6.957844e+00 6.041345e+00 5.474181e+00
9t  3.671431e+02 4.940575e+02 3.098649e+02 3.082967e+02 3.049430e+02
10t 2.543432e+01 2.697391e+01 2.909349e+01 2.591320e+01 2.498557e+01
11t 3.445434e+02 4.210999e+02 3.057979e+02 3.073063e+02 2.872287e+02
12t 1.681040e+04 7.731874e+03 2.391386e+04 2.214888e+04 1.769288e+04
13t 2.071820e+01 2.042596e+01 2.014768e+01 2.005088e+01 1.970256e+01
14t 2.113491e+01 2.101828e+01 2.113997e+01 2.112532e+01 2.101726e+01
15t 1.421712e+02 1.431458e+02 7.093239e+06 6.897129e+06 2.373709e+03
16t 1.021037e+02 4.925097e+01 1.696936e+02 1.474094e+02 4.742933e+01
17t 5.710955e+02 6.306478e+01 6.633184e+01 1.033678e+01 2.761309e+00
18t 8.723016e-01 9.110832e-01 1.570910e+01 3.475905e+01 1.016320e+00
19t 2.187662e+03 1.534169e+03 7.569449e+02 6.838325e+02 5.747288e+02
20t 6.396547e+02 6.624213e+02 3.910586e+02 3.289937e+02 3.383434e+02
21t 2.862506e+04 3.701169e+04 3.014281e+04 2.834082e+04 2.701384e+04
22t 3.738400e+04 3.779662e+04 2.965310e+04 2.777291e+04 2.748855e+04
23t 8.358362e+01 8.752761e+01 5.910440e+01 6.273957e+01 5.655630e+01
24t 3.355838e+00 3.024951e+00 2.040582e+00 1.163363e+00 1.154080e+00
25t 6.105527e-01 5.587476e-01 9.085232e-01 6.692272e-01 5.309017e-01
26t 3.025795e-01 3.095138e-01 3.432276e-01 3.900756e-01 2.457219e-01
27t 9.011174e+01 8.915283e+01 1.526216e+02 1.040441e+02 8.563551e+01
28t 1.968754e+02 1.901089e+02 2.882486e+05 3.546984e+06 1.768653e+04
29t 5.438037e+02 5.664042e+02 4.218021e+02 4.099422e+02 3.302151e+02
30t 6.714428e+02 1.065392e+01 1.392356e+01 1.481750e+01 1.074546e+01
31t 1.689326e+02 1.777282e+02 1.945269e+02 1.646366e+02 1.673267e+02
32t 5.322440e+02 5.746996e+02 6.126925e+02 3.802134e+02 3.607973e+02
33t 1.831836e+02 1.963435e+02 1.412810e+02 1.392209e+02 1.246467e+02
34t 3.507070e+01 5.123117e+01 3.139809e+01 2.745245e+01 2.336730e+01
35t 1.394054e+04 1.375572e+04 1.331386e+04 1.371498e+04 1.263155e+04
36t 2.014614e+05 2.203682e+05 2.727930e+05 1.684001e+05 1.815407e+05
37t 7.359860e+01 7.103895e+01 6.321437e+01 6.171732e+01 5.982016e+01
38t 3.640878e+05 4.106142e+05 1.703765e+05 2.061702e+05 2.104586e+05
39t 4.126681e+00 4.297314e+00 3.779501e+02 3.356745e+02 5.217926e+00
40t 6.045991e+02 9.812074e+01 2.252138e+02 2.542093e+02 1.017721e+02
41t 5.757064e+02 6.436622e+02 4.497302e+02 4.488972e+02 4.483058e+02
42t 3.769342e+02 3.651464e+02 3.988655e+02 4.277809e+02 3.851468e+02
43t 4.987735e+02 4.311017e+02 3.929014e+02 4.570503e+02 4.555579e+02
44t 9.371678e+02 9.419176e+02 9.501359e+02 9.409902e+02 9.371427e+02
45t 1.022397e+03 9.781993e+02 9.481778e+02 9.408737e+02 9.396776e+02
46t 9.840834e+02 1.005632e+03 9.500278e+02 9.360987e+02 9.361608e+02
47t 1.206185e+03 8.935011e+02 5.534447e+02 5.354649e+02 1.024932e+03
48t 1.286322e+03 1.305135e+03 1.049253e+03 1.044236e+03 1.025871e+03
49t 1.203837e+03 1.211835e+03 5.697355e+02 1.031312e+03 5.661873e+02
50t 1.308877e+03 1.295321e+03 1.254252e+03 1.279897e+03 1.232067e+03
             266          267          268          269          270
1t  1.096300e+00 1.406997e+00 1.138959e+00 1.087664e+00 1.473125e+00
2t  2.121468e+07 3.198339e+07 4.366973e+06 1.013929e+07 3.043511e+07
3t  2.188407e+06 2.368700e+06 1.878492e+06 2.064487e+06 8.145808e+07
4t  1.175178e+05 1.934713e+05 1.364820e+05 1.359026e+05 1.380740e+05
5t  4.833947e+01 3.557823e+01 4.590041e+01 5.180953e+01 4.629064e+01
6t  9.737238e+01 3.604513e+02 8.402045e+00 5.045680e+02 6.005922e+02
7t  5.697373e+03 8.104301e+03 1.621918e+04 5.785234e+03 6.916493e+03
8t  6.223302e+00 6.252955e+00 6.209056e+00 5.530744e+00 5.834627e+00
9t  3.038484e+02 3.453451e+02 3.341461e+02 2.979999e+02 2.907646e+02
10t 2.931824e+01 2.942963e+01 2.793472e+01 2.745640e+01 2.870097e+01
11t 3.102882e+02 3.106572e+02 3.303984e+02 2.800485e+02 2.831923e+02
12t 1.878038e+04 6.589941e+02 9.605705e+03 1.538547e+04 1.527757e+04
13t 2.025159e+01 2.017703e+01 2.045771e+01 1.580845e+00 1.947519e+01
14t 2.114677e+01 2.116192e+01 2.113536e+01 2.108645e+01 2.096576e+01
15t 3.188338e+03 2.670964e+02 1.655995e+02 1.594494e+02 2.403571e+02
16t 9.965507e+01 1.911448e+02 1.043361e+02 4.786169e+01 6.247332e+01
17t 1.630861e+01 6.162928e+01 3.685918e-01 1.114076e+00 1.869149e+00
18t 9.191841e-01 1.009404e+00 9.546070e-01 9.092414e-01 1.565554e+00
19t 6.530853e+02 7.578821e+02 1.362546e+03 5.642478e+02 6.103275e+02
20t 4.420940e+02 3.552732e+02 5.243492e+02 3.076791e+02 3.345781e+02
21t 2.849760e+04 2.839566e+04 3.497185e+04 2.778144e+04 2.806904e+04
22t 2.800951e+04 2.812751e+04 3.615262e+04 2.817881e+04 2.800258e+04
23t 6.195573e+01 6.132954e+01 7.934647e+01 5.665886e+01 4.898608e+01
24t 1.023891e+00 1.430275e+00 2.603212e+00 6.469694e-01 9.261108e-01
25t 7.625233e-01 7.493004e-01 7.011398e-01 6.884975e-01 6.130910e-01
26t 2.840893e-01 2.923355e-01 2.889502e-01 3.558966e-01 2.729093e-01
27t 1.073017e+02 1.321522e+02 6.436983e+01 9.713709e+01 7.408684e+01
28t 2.612651e+02 2.497648e+05 1.961797e+02 1.080417e+03 2.529714e+02
29t 3.912860e+02 4.172821e+02 4.441478e+02 3.180606e+02 3.550479e+02
30t 1.381214e+01 1.302284e+01 1.655969e+01 1.100758e+01 1.370434e+01
31t 2.238312e+02 2.192620e+02 1.544931e+02 1.367838e+02 1.659650e+02
32t 1.499890e+03 1.026141e+03 3.092868e+02 3.127563e+02 3.703096e+02
33t 1.204746e+02 1.323878e+02 1.381704e+02 1.264070e+02 1.227693e+02
34t 2.539805e+01 3.160831e+01 3.000728e+01 2.671720e+01 2.884733e+01
35t 1.345998e+04 1.321058e+04 1.333769e+04 1.296703e+04 1.304783e+04
36t 2.261693e+05 2.418125e+05 2.051819e+05 1.886017e+05 2.127773e+05
37t 5.975345e+01 6.124337e+01 7.201845e+01 5.881721e+01 5.803528e+01
38t 2.775084e+05 4.861199e+05 3.398638e+05 2.733822e+05 2.469008e+05
39t 6.642486e+00 6.906022e+00 5.014864e+00 5.461243e+00 4.900202e+00
40t 9.591130e+01 1.303781e+02 1.711371e+02 6.463839e+01 8.569108e+01
41t 4.487087e+02 4.486644e+02 4.958355e+02 4.473972e+02 4.482120e+02
42t 3.104604e+02 3.362142e+02 3.497290e+02 3.674625e+02 3.332851e+02
43t 4.366916e+02 4.378360e+02 4.325418e+02 4.531185e+02 4.560579e+02
44t 9.453733e+02 9.457993e+02 9.477400e+02 9.364756e+02 9.383620e+02
45t 9.395607e+02 9.383810e+02 9.465846e+02 9.395338e+02 9.382495e+02
46t 9.414939e+02 9.332340e+02 9.470686e+02 9.321525e+02 9.308021e+02
47t 5.496406e+02 1.203941e+03 1.203472e+03 5.374198e+02 5.368847e+02
48t 9.921906e+02 1.113148e+03 1.171325e+03 1.055789e+03 1.008925e+03
49t 1.024924e+03 5.657980e+02 1.205215e+03 5.628529e+02 1.025151e+03
50t 1.222815e+03 1.282983e+03 1.265840e+03 1.223276e+03 1.228457e+03
             271          272          273          274          275
1t  1.395036e+00 1.170176e+00 1.195130e+00 1.174871e+00 8.916948e-01
2t  5.579540e+06 1.046599e+07 1.848982e+07 1.841635e+07 2.317636e+07
3t  1.926804e+06 1.795208e+06 2.345286e+06 7.994478e+07 1.714359e+06
4t  1.095034e+05 1.288320e+05 1.327296e+05 1.310201e+05 1.315122e+05
5t  4.375183e+01 4.187412e+01 2.297532e+01 4.839307e+01 4.359499e+01
6t  1.046398e+01 3.593271e+02 4.364605e+02 4.163971e+02 4.266281e+02
7t  9.545312e+03 4.002673e+03 4.527653e+03 6.203564e+03 5.913778e+03
8t  6.135393e+00 5.686423e+00 6.345909e+00 5.438341e+00 4.698509e+00
9t  3.189619e+02 2.703682e+02 2.699738e+02 3.065298e+02 2.979420e+02
10t 2.866815e+01 2.469709e+01 2.871590e+01 2.572780e+01 2.498424e+01
11t 3.058665e+02 2.750969e+02 2.897335e+02 2.670559e+02 2.771628e+02
12t 1.052831e+04 5.544930e+02 3.418910e+02 1.398961e+04 6.581415e+03
13t 2.011590e+01 1.362059e+00 1.528392e+00 1.981784e+01 1.952505e+01
14t 2.116140e+01 2.107186e+01 2.115819e+01 2.107698e+01 2.100843e+01
15t 1.437678e+03 1.725602e+02 2.369017e+02 1.755408e+02 1.960948e+03
16t 1.022341e+02 4.740950e+01 4.818969e+01 4.810476e+01 8.510540e+01
17t 4.708794e-02 2.092136e-01 5.310386e-01 2.138323e+00 1.735785e+00
18t 9.699464e-01 9.252192e-01 9.750135e-01 1.121751e+00 9.230142e-01
19t 7.825273e+02 5.472837e+02 4.827916e+02 6.029024e+02 6.264985e+02
20t 3.235154e+02 2.439064e+02 3.039430e+02 3.064603e+02 3.392532e+02
21t 2.858055e+04 2.707577e+04 2.743517e+04 2.821372e+04 2.821815e+04
22t 2.986200e+04 2.881565e+04 2.848641e+04 2.911549e+04 2.879741e+04
23t 4.425966e+01 4.900133e+01 5.301748e+01 5.606388e+01 5.372460e+01
24t 1.393162e+00 1.171247e+00 8.414813e-01 8.440104e-01 7.571266e-01
25t 6.114213e-01 6.185287e-01 5.661383e-01 7.555503e-01 7.645175e-01
26t 4.051403e-01 2.946485e-01 3.113650e-01 3.082613e-01 2.736370e-01
27t 1.033288e+02 7.537972e+01 8.220072e+01 8.418928e+01 8.045281e+01
28t 2.484820e+02 1.931844e+02 2.147222e+02 9.891874e+04 2.179814e+02
29t 3.592012e+02 3.317939e+02 2.940727e+02 3.448669e+02 3.758284e+02
30t 1.115446e+01 1.106238e+01 1.109444e+01 1.506233e+01 1.201166e+01
31t 2.194280e+02 1.509327e+02 1.560221e+02 1.431007e+02 1.667122e+02
32t 3.669668e+02 2.871062e+02 2.737624e+02 5.237111e+02 3.422642e+02
33t 1.163829e+02 1.089162e+02 1.161325e+02 1.318302e+02 1.225680e+02
34t 3.136718e+01 2.726100e+01 2.716424e+01 2.308596e+01 2.197485e+01
35t 1.317118e+04 1.258801e+04 1.259616e+04 1.291335e+04 1.287504e+04
36t 2.268246e+05 1.777554e+05 1.951357e+05 2.052869e+05 1.770896e+05
37t 6.212634e+01 6.212896e+01 5.953490e+01 6.044913e+01 5.901692e+01
38t 3.495620e+05 2.386835e+05 3.027588e+05 2.263905e+05 1.988090e+05
39t 5.650020e+00 5.843817e+00 5.922142e+00 5.268358e+00 5.540726e+00
40t 6.381642e+01 4.195222e+01 3.898536e+01 7.915892e+01 1.195548e+02
41t 4.497364e+02 4.482305e+02 4.492012e+02 4.474180e+02 4.470513e+02
42t 3.725546e+02 3.086252e+02 2.986298e+02 3.360712e+02 3.701788e+02
43t 4.334316e+02 4.293322e+02 4.310271e+02 4.491575e+02 4.403674e+02
44t 1.007503e+03 9.400656e+02 9.258088e+02 9.388796e+02 9.369918e+02
45t 1.003716e+03 9.382527e+02 9.327499e+02 9.344546e+02 9.387826e+02
46t 9.451444e+02 9.225292e+02 9.206257e+02 9.349083e+02 9.323293e+02
47t 1.026326e+03 1.029701e+03 1.023690e+03 1.030488e+03 5.321960e+02
48t 1.073798e+03 9.860865e+02 9.884219e+02 1.037503e+03 1.005442e+03
49t 5.718639e+02 1.022565e+03 1.021330e+03 5.503624e+02 5.548808e+02
50t 1.279193e+03 1.223381e+03 1.215393e+03 1.234769e+03 1.262288e+03
             276          277          278          279          280
1t  1.065043e+00 1.287156e+00 9.415704e-01 1.151774e+00 1.718008e+03
2t  1.221652e+07 1.333034e+07 2.618953e+07 8.539782e+06 5.803614e+07
3t  1.658862e+06 2.343171e+06 1.551195e+06 1.332395e+06 4.561512e+09
4t  1.098551e+05 1.412586e+05 1.324069e+05 1.300969e+05 1.448984e+05
5t  4.383742e+01 3.001220e+01 5.504532e+01 4.843230e+01 5.736886e+01
6t  2.471722e+02 4.769136e+02 3.235731e+02 2.620081e+02 1.622179e+03
7t  2.623390e+03 4.658417e+03 4.303632e+03 2.753282e+03 9.720508e+03
8t  5.488605e+00 6.317216e+00 5.257793e+00 5.493311e+00 6.104961e+00
9t  2.728035e+02 2.594122e+02 2.766295e+02 2.779550e+02 3.114810e+02
10t 2.717836e+01 2.969765e+01 2.631969e+01 2.825983e+01 2.848357e+01
11t 2.728093e+02 2.282129e+02 2.817773e+02 2.882040e+02 3.197726e+02
12t 1.172631e+04 1.970233e+02 2.123556e+04 1.360819e+04 1.918560e+04
13t 1.924897e+01 1.476356e+00 1.730339e+01 1.325182e+00 1.993200e+01
14t 2.111544e+01 2.105659e+01 2.098039e+01 2.100574e+01 2.104387e+01
15t 1.676577e+02 2.053049e+02 1.356443e+02 2.202166e+02 1.731242e+08
16t 4.939227e+01 4.835872e+01 5.324784e+01 4.962135e+01 2.252801e+02
17t 1.084631e+00 6.763807e-01 3.785651e+00 1.159728e+00 2.309152e+01
18t 9.099126e-01 9.735481e-01 8.854500e-01 9.256014e-01 4.258677e+01
19t 6.214018e+02 4.943458e+02 6.120897e+02 5.953161e+02 9.435905e+02
20t 2.947997e+02 2.899571e+02 3.762490e+02 2.558126e+02 4.638756e+02
21t 2.853635e+04 2.744679e+04 2.770255e+04 2.757561e+04 2.860937e+04
22t 2.739944e+04 2.795398e+04 2.830173e+04 2.844166e+04 2.896384e+04
23t 5.208894e+01 5.071944e+01 5.809260e+01 5.538302e+01 6.362501e+01
24t 8.508469e-01 5.660368e-01 5.812947e-01 1.068872e+00 9.654458e-01
25t 6.257933e-01 7.856218e-01 7.532991e-01 5.995355e-01 8.441976e-01
26t 2.929739e-01 2.902461e-01 3.442543e-01 2.900485e-01 5.827667e-01
27t 7.405331e+01 6.588139e+01 7.841822e+01 8.437391e+01 6.702011e+02
28t 6.999574e+03 2.106390e+02 2.262663e+02 2.021486e+02 7.565808e+07
29t 3.612581e+02 3.273637e+02 3.684303e+02 2.727500e+02 3.697942e+02
30t 1.435290e+01 1.244409e+01 1.066593e+01 1.025784e+01 1.836120e+01
31t 1.698123e+02 1.557239e+02 1.726092e+02 1.550770e+02 3.334678e+02
32t 4.589828e+02 3.487233e+02 3.356673e+02 3.943201e+02 3.434278e+02
33t 1.181289e+02 9.900065e+01 1.148387e+02 1.132549e+02 1.536316e+02
34t 2.575759e+01 2.574887e+01 2.183479e+01 2.280745e+01 2.793798e+01
35t 1.285712e+04 1.260896e+04 1.315437e+04 1.268983e+04 1.343899e+04
36t 2.078544e+05 1.662151e+05 1.765422e+05 1.560193e+05 1.970272e+05
37t 5.548804e+01 6.118964e+01 5.987796e+01 5.937252e+01 6.626252e+01
38t 2.293772e+05 2.970687e+05 2.245152e+05 2.106905e+05 2.266081e+05
39t 5.839815e+00 5.535604e+00 5.423095e+00 5.054950e+00 9.313014e+02
40t 1.102787e+02 6.948072e+01 1.283766e+02 6.169877e+01 2.887052e+02
41t 4.477670e+02 4.490584e+02 4.466721e+02 4.483734e+02 4.469299e+02
42t 3.449882e+02 3.523089e+02 4.000630e+02 3.442160e+02 4.173212e+02
43t 4.433250e+02 4.138272e+02 4.071622e+02 4.527244e+02 4.848178e+02
44t 9.361897e+02 9.342951e+02 9.361843e+02 9.363733e+02 9.418514e+02
45t 9.399574e+02 9.387028e+02 9.319539e+02 9.360328e+02 9.401293e+02
46t 9.411635e+02 9.341242e+02 9.340319e+02 9.324466e+02 9.351882e+02
47t 5.380861e+02 1.022748e+03 5.302378e+02 1.026073e+03 5.427707e+02
48t 9.790813e+02 9.693282e+02 1.034582e+03 9.861746e+02 1.122905e+03
49t 5.563250e+02 1.021123e+03 1.026981e+03 1.022159e+03 5.605576e+02
50t 1.281702e+03 1.160825e+03 1.295122e+03 1.253147e+03 1.340308e+03
             281          282          283          284          285
1t  2.184627e+00 1.149197e+00 3.951319e+00 3.843719e+03 1.348177e+01
2t  4.110437e+06 1.491415e+07 1.411426e+07 6.473609e+07 2.827880e+07
3t  3.181176e+06 1.590052e+06 6.681535e+06 1.001341e+09 4.667503e+07
4t  2.726814e+05 1.345455e+05 1.203612e+05 1.334703e+05 1.255698e+05
5t  3.987938e+01 5.507698e+01 5.708510e+01 4.853513e+01 1.928017e+01
6t  2.217833e+01 5.387625e+01 7.217441e+02 9.608346e+02 1.528476e+03
7t  1.549062e+04 8.679061e+03 6.851345e+03 9.578224e+03 5.898373e+03
8t  8.447735e+00 5.195555e+00 1.133172e+01 6.350076e+00 7.098368e+00
9t  3.568644e+02 2.809750e+02 3.189966e+02 2.787639e+02 2.789199e+02
10t 3.230069e+01 2.499223e+01 4.318624e+01 2.930494e+01 3.210327e+01
11t 3.360536e+02 2.969379e+02 2.880837e+02 2.801665e+02 2.979041e+02
12t 1.175397e+04 1.806712e+04 2.093354e+04 2.399429e+04 5.363829e+03
13t 2.061245e+01 1.973930e+01 1.941944e+01 2.014708e+01 2.085937e+00
14t 2.117056e+01 2.121554e+01 2.118907e+01 2.114686e+01 2.108466e+01
15t 2.545377e+02 1.599824e+02 1.070928e+03 1.882850e+07 1.775965e+04
16t 4.934107e+01 1.005960e+02 4.944166e+01 2.168579e+02 1.149365e+02
17t 7.951881e-02 6.254171e+01 2.068394e-01 1.269272e+02 1.437602e+00
18t 1.032254e+00 9.280571e-01 1.066944e+00 2.964348e+01 2.086761e+00
19t 8.738369e+02 1.270317e+03 5.525992e+02 5.961570e+02 5.454167e+02
20t 4.973487e+02 3.788952e+02 3.968509e+02 3.622518e+02 2.422130e+02
21t 2.915041e+04 2.950380e+04 3.399573e+04 2.818632e+04 2.743198e+04
22t 3.269107e+04 2.973773e+04 3.486219e+04 2.936365e+04 2.923037e+04
23t 7.328960e+01 5.282804e+01 5.129384e+01 5.779531e+01 5.208379e+01
24t 1.820836e+00 3.734455e+00 3.734455e+00 1.215557e+00 1.093633e+00
25t 4.690270e-01 6.580397e-01 6.233829e-01 9.251538e-01 5.314496e-01
26t 3.281031e-01 3.560081e-01 2.583443e-01 3.742496e-01 2.618573e-01
27t 7.631636e+01 1.222637e+02 6.424648e+01 5.288204e+02 6.363636e+01
28t 2.664092e+02 2.565424e+02 3.728727e+02 9.969349e+06 1.644219e+04
29t 4.765257e+02 3.693356e+02 3.869069e+02 4.103843e+02 3.439180e+02
30t 1.483487e+01 1.262705e+01 2.134289e+01 1.826648e+01 1.156086e+01
31t 1.698455e+02 2.752366e+02 1.442216e+02 3.137559e+02 1.780293e+02
32t 4.491068e+02 3.459916e+02 3.155056e+02 4.067067e+02 3.468666e+02
33t 1.542150e+02 1.152596e+02 1.236955e+02 1.376884e+02 1.104238e+02
34t 4.730612e+01 3.256130e+01 3.557532e+01 3.110155e+01 2.928260e+01
35t 1.292237e+04 1.354004e+04 1.266812e+04 1.412902e+04 1.254980e+04
36t 2.537013e+05 2.554608e+05 3.270338e+05 3.014099e+05 2.056102e+05
37t 6.720227e+01 6.730463e+01 6.167693e+01 5.873157e+01 5.887394e+01
38t 2.131884e+05 1.859205e+05 1.564264e+05 2.608935e+05 2.441938e+05
39t 5.164004e+00 5.402629e+00 7.103481e+00 4.969545e+02 1.243818e+01
40t 5.319416e+01 2.358215e+02 9.673781e+01 1.054657e+02 5.563805e+01
41t 5.354095e+02 4.472774e+02 4.602899e+02 4.486986e+02 4.497675e+02
42t 3.372985e+02 3.593058e+02 2.926438e+02 3.421590e+02 3.077832e+02
43t 3.214416e+02 4.020978e+02 3.990931e+02 4.418294e+02 4.102192e+02
44t 9.752869e+02 9.898446e+02 9.341448e+02 9.555512e+02 9.292676e+02
45t 9.658101e+02 1.000599e+03 9.403484e+02 1.000014e+03 9.313728e+02
46t 9.706658e+02 9.513807e+02 9.368975e+02 9.390006e+02 9.296974e+02
47t 1.206936e+03 5.364859e+02 6.567844e+02 5.536941e+02 1.025644e+03
48t 9.965574e+02 1.125130e+03 9.804653e+02 1.021171e+03 9.741596e+02
49t 1.207105e+03 1.203820e+03 6.467907e+02 5.644815e+02 1.027474e+03
50t 1.196643e+03 1.253275e+03 1.229476e+03 1.236309e+03 1.216349e+03
             286          287          288          289          290
1t  3.386528e+00 8.321177e+00 9.383475e+00 2.474871e+00 2.466289e+00
2t  8.175669e+06 6.117149e+06 1.451314e+07 5.990423e+06 7.357694e+06
3t  4.564707e+06 1.321473e+07 3.870396e+07 3.750750e+06 3.722204e+06
4t  9.153209e+04 5.569856e+04 1.116196e+05 9.084093e+04 1.460655e+05
5t  4.180390e+01 3.184904e+01 1.019461e+01 3.191250e+01 3.299767e+01
6t  8.760194e+01 6.740683e+01 1.045556e+03 2.355322e+01 3.759593e+02
7t  6.810536e+03 1.387926e+04 3.348220e+03 1.825638e+04 4.844430e+03
8t  9.855483e+00 2.050201e+01 7.866086e+00 9.408468e+00 8.646185e+00
9t  2.847957e+02 5.730505e+02 2.690996e+02 2.849490e+02 2.944537e+02
10t 3.979984e+01 5.899418e+01 3.550008e+01 3.779783e+01 3.334514e+01
11t 2.677876e+02 4.669582e+02 2.376249e+02 2.679078e+02 2.689726e+02
12t 1.027644e+04 8.586402e+03 3.793581e+02 1.464610e+03 6.219403e+03
13t 2.024023e+01 2.083638e+01 2.262258e+00 2.034493e+01 2.107659e+00
14t 2.114834e+01 2.113428e+01 2.108941e+01 2.118545e+01 2.115868e+01
15t 3.861915e+02 1.463382e+03 1.005468e+04 3.591030e+02 6.468368e+02
16t 4.877917e+01 4.969574e+01 5.647358e+01 4.932933e+01 4.934703e+01
17t 1.226733e-01 3.560273e-01 1.507546e+00 8.702274e-02 8.994450e-02
18t 1.047934e+00 1.149636e+00 1.328253e+00 1.044355e+00 1.023441e+00
19t 4.993689e+02 5.062426e+02 4.071533e+02 5.250956e+02 5.475833e+02
20t 2.603511e+02 7.158212e+02 2.467560e+02 2.938482e+02 3.467811e+02
21t 2.844669e+04 3.829741e+04 2.815024e+04 2.821867e+04 3.382355e+04
22t 2.947107e+04 3.799622e+04 2.839778e+04 2.831647e+04 3.209441e+04
23t 5.105427e+01 8.721380e+01 4.053894e+01 3.668232e+01 5.051307e+01
24t 3.428298e+00 4.568498e+00 1.183580e+00 1.490568e+00 3.734455e+00
25t 5.301748e-01 6.161464e-01 5.443644e-01 7.770816e-01 5.326025e-01
26t 2.874643e-01 2.746934e-01 2.858632e-01 3.103147e-01 2.560281e-01
27t 1.259377e+02 9.063759e+01 8.710007e+01 7.961916e+01 6.151197e+01
28t 4.229416e+02 7.288465e+02 5.105902e+02 3.977244e+02 3.235318e+02
29t 3.278887e+02 3.628953e+02 3.248673e+02 3.346773e+02 3.369971e+02
30t 1.763396e+01 7.965128e+02 1.514936e+01 1.499460e+01 1.575487e+01
31t 2.866276e+02 1.783586e+02 1.756930e+02 3.048323e+02 1.267369e+02
32t 4.080498e+02 5.514547e+02 3.841351e+02 4.205374e+02 3.262455e+02
33t 1.093705e+02 1.316782e+02 1.178106e+02 1.107553e+02 1.032359e+02
34t 3.528904e+01 4.910950e+01 3.111508e+01 3.736704e+01 3.102364e+01
35t 1.279333e+04 1.268777e+04 1.258519e+04 1.217827e+04 1.277225e+04
36t 3.449795e+05 5.019972e+05 3.189903e+05 3.446598e+05 2.517667e+05
37t 6.063109e+01 7.652716e+01 6.105407e+01 6.134686e+01 6.327857e+01
38t 3.061541e+05 3.177111e+05 3.160067e+05 3.341033e+05 1.639770e+05
39t 6.923060e+00 1.270453e+01 7.221495e+00 6.468852e+00 5.624458e+00
40t 3.726366e+01 1.693996e+01 3.153992e+01 2.382216e+01 6.263315e+01
41t 4.564369e+02 5.791755e+02 4.526398e+02 4.530767e+02 4.357686e+02
42t 3.122430e+02 3.036697e+02 3.261930e+02 2.693277e+02 2.887330e+02
43t 4.465933e+02 4.509115e+02 3.387532e+02 4.396972e+02 4.462000e+02
44t 9.742401e+02 9.409375e+02 9.291846e+02 9.518097e+02 9.355901e+02
45t 9.837849e+02 9.445571e+02 9.336587e+02 9.949621e+02 9.298771e+02
46t 9.306790e+02 9.398289e+02 9.219820e+02 9.293729e+02 9.312005e+02
47t 6.104374e+02 7.509871e+02 1.024210e+03 1.025520e+03 5.804747e+02
48t 1.029768e+03 9.886615e+02 9.233919e+02 9.812583e+02 9.779256e+02
49t 1.023428e+03 8.166270e+02 1.022408e+03 1.022078e+03 5.988068e+02
50t 1.193091e+03 1.070382e+03 1.016538e+03 1.169159e+03 1.247159e+03
             291          292          293          294          295
1t  2.591022e+01 3.323412e+00 2.797943e+00 3.911052e+00 1.844327e+00
2t  3.005441e+07 2.830710e+07 3.044251e+07 2.195351e+07 1.028525e+07
3t  2.555680e+07 6.171309e+06 5.327676e+06 7.934955e+06 3.600823e+06
4t  1.197517e+05 8.093808e+04 1.182948e+05 1.270065e+05 1.039586e+05
5t  3.604006e+01 6.729950e+00 7.119117e+00 1.129039e+01 1.851610e+01
6t  1.087039e+03 8.306283e+02 7.508386e+02 4.519430e+02 5.880799e+02
7t  5.301638e+03 3.180303e+03 2.991336e+03 3.089098e+03 3.338225e+03
8t  7.721486e+00 8.557417e+00 8.848104e+00 8.148850e+00 7.446984e+00
9t  2.751922e+02 2.742913e+02 1.594520e+02 2.940977e+02 2.674085e+02
10t 3.130468e+01 3.786504e+01 3.541130e+01 3.648091e+01 3.395523e+01
11t 2.850637e+02 2.546750e+02 2.014043e+02 2.801149e+02 2.786951e+02
12t 1.440770e+04 2.648246e+02 3.320643e+02 3.343583e+02 3.922170e+02
13t 2.359252e+00 2.325121e+00 2.217856e+00 2.100054e+00 1.831623e+00
14t 2.103905e+01 2.115006e+01 2.110506e+01 2.108076e+01 2.110295e+01
15t 2.186733e+04 6.776639e+02 5.393692e+02 1.272527e+03 2.756461e+02
16t 5.608900e+01 5.060620e+01 4.831155e+01 4.811740e+01 4.886750e+01
17t 2.645900e+00 1.357208e+00 1.061089e+00 1.401800e+00 9.228092e-01
18t 1.860209e+00 1.074968e+00 1.056133e+00 1.732427e+00 1.014914e+00
19t 5.058762e+02 4.145774e+02 4.066121e+02 4.143509e+02 4.234191e+02
20t 3.345883e+02 2.062667e+02 1.681023e+02 2.281583e+02 2.773864e+02
21t 2.711622e+04 2.686875e+04 2.754320e+04 2.797697e+04 2.735550e+04
22t 2.746467e+04 2.985198e+04 2.886198e+04 2.804470e+04 2.891530e+04
23t 5.010188e+01 4.226892e+01 4.265093e+01 4.947995e+01 4.411633e+01
24t 8.557391e-01 8.385543e-01 7.580723e-01 7.341790e-01 7.667210e-01
25t 5.865145e-01 5.180906e-01 4.932750e-01 5.279206e-01 4.930560e-01
26t 3.348160e-01 2.635456e-01 3.026515e-01 2.792884e-01 2.703849e-01
27t 8.605217e+01 9.032438e+01 6.844355e+01 6.713893e+01 8.172736e+01
28t 6.677139e+05 3.534909e+02 3.693453e+02 4.517031e+05 2.711151e+02
29t 3.012564e+02 2.963600e+02 2.962065e+02 3.306184e+02 2.781963e+02
30t 1.394490e+01 1.475582e+01 1.341352e+01 1.479090e+01 1.264468e+01
31t 1.428005e+02 1.616260e+02 1.475456e+02 1.805945e+02 1.698238e+02
32t 3.544055e+02 3.795843e+02 2.928583e+02 4.001662e+02 3.164688e+02
33t 1.216359e+02 1.070484e+02 1.057957e+02 1.067609e+02 1.089986e+02
34t 2.923718e+01 3.160411e+01 3.327950e+01 2.948376e+01 3.368386e+01
35t 1.248676e+04 1.237340e+04 1.229905e+04 1.256913e+04 1.251843e+04
36t 2.026507e+05 3.539842e+05 2.838381e+05 3.677636e+05 3.563952e+05
37t 6.102361e+01 6.022145e+01 6.008850e+01 6.227720e+01 5.589568e+01
38t 2.822688e+05 3.093846e+05 2.922299e+05 3.059152e+05 3.056198e+05
39t 9.755250e+00 7.041437e+00 6.374991e+00 6.838686e+00 5.616322e+00
40t 4.166650e+01 1.848021e+01 1.925951e+01 2.844764e+01 3.031786e+01
41t 4.504500e+02 4.556591e+02 4.531677e+02 4.537455e+02 4.515918e+02
42t 3.006981e+02 2.893915e+02 2.700481e+02 3.049846e+02 3.062421e+02
43t 3.778225e+02 3.276008e+02 2.915211e+02 3.753643e+02 3.713279e+02
44t 9.325533e+02 9.221588e+02 9.245379e+02 9.259178e+02 9.230256e+02
45t 9.301819e+02 9.211399e+02 9.226173e+02 9.277810e+02 9.355283e+02
46t 9.288817e+02 9.237354e+02 9.260712e+02 9.237284e+02 9.296538e+02
47t 1.030641e+03 1.021676e+03 1.023974e+03 1.023429e+03 1.027110e+03
48t 9.782843e+02 9.299932e+02 9.253147e+02 9.641086e+02 9.780629e+02
49t 1.027467e+03 1.021203e+03 1.020733e+03 1.020619e+03 1.019853e+03
50t 1.244987e+03 9.848232e+02 1.073638e+03 1.176422e+03 1.060488e+03
             296          297          298          299          300
1t  1.567752e+00 2.475135e+00 2.831660e+00 2.672858e+00 2.008776e+00
2t  9.364501e+06 1.570507e+07 3.766688e+07 2.695191e+07 2.529787e+07
3t  2.442987e+06 4.532309e+06 4.083796e+06 4.605787e+06 2.652167e+06
4t  1.350341e+05 1.136742e+05 1.057045e+05 1.301137e+05 1.215736e+05
5t  3.124803e+01 1.079237e+01 8.812529e+00 5.708711e+00 9.197053e+00
6t  2.494195e+02 3.999014e+02 4.456929e+02 4.128766e+02 5.270063e+02
7t  5.462618e+03 3.664251e+03 1.842602e+03 3.111015e+03 2.591444e+03
8t  6.949103e+00 8.190328e+00 7.810770e+00 8.407470e+00 7.222823e+00
9t  2.539004e+02 2.973534e+02 2.642136e+02 2.017877e+02 2.329975e+02
10t 2.997051e+01 3.594742e+01 3.448717e+01 3.271831e+01 3.212606e+01
11t 2.801418e+02 2.159305e+02 2.812734e+02 2.294458e+02 1.904838e+02
12t 7.307855e+03 3.749651e+02 2.208810e+02 2.349459e+02 1.953343e+02
13t 1.433563e+00 1.971506e+00 2.033466e+00 2.063109e+00 1.866170e+00
14t 2.114217e+01 2.113592e+01 2.116094e+01 2.108145e+01 2.114082e+01
15t 2.878495e+02 4.122645e+02 6.368201e+02 3.938306e+02 9.337716e+02
16t 4.930814e+01 1.017795e+02 5.946249e+01 4.819600e+01 4.879651e+01
17t 6.032084e-02 1.898108e+00 2.181695e+00 1.418342e+00 1.693086e-01
18t 9.611002e-01 1.037753e+00 1.038802e+00 1.049429e+00 1.017667e+00
19t 5.567510e+02 4.006904e+02 4.201201e+02 3.585978e+02 4.296230e+02
20t 4.187336e+02 2.712568e+02 1.920497e+02 2.696702e+02 2.138921e+02
21t 3.341006e+04 2.747514e+04 2.750368e+04 2.750968e+04 2.779441e+04
22t 3.236758e+04 2.795192e+04 2.914191e+04 2.810347e+04 2.830496e+04
23t 5.178841e+01 4.692489e+01 4.934603e+01 4.092507e+01 4.864138e+01
24t 2.925261e+00 7.084862e-01 6.791725e-01 1.111553e+00 9.988346e-01
25t 5.847929e-01 5.479057e-01 4.983490e-01 5.550421e-01 5.182326e-01
26t 2.599949e-01 2.853694e-01 3.446377e-01 3.901342e-01 3.223872e-01
27t 6.109180e+01 8.814521e+01 9.144171e+01 8.945433e+01 6.428380e+01
28t 2.308720e+02 2.812187e+02 3.112551e+02 3.705281e+02 3.091600e+02
29t 3.383850e+02 3.041701e+02 3.343919e+02 2.628399e+02 2.863585e+02
30t 1.224349e+01 1.546845e+01 1.444459e+01 1.432716e+01 1.272032e+01
31t 1.298325e+02 1.752213e+02 1.755833e+02 1.650567e+02 1.622270e+02
32t 2.835791e+02 6.095104e+02 3.928650e+02 3.694549e+02 3.322793e+02
33t 1.199133e+02 1.016130e+02 1.118425e+02 1.102278e+02 9.939717e+01
34t 2.819222e+01 2.989393e+01 3.020609e+01 2.997374e+01 2.789929e+01
35t 1.259951e+04 1.265512e+04 1.251315e+04 1.254955e+04 1.246764e+04
36t 2.208317e+05 2.690058e+05 3.199027e+05 2.942710e+05 2.624025e+05
37t 6.197010e+01 6.118626e+01 6.106354e+01 5.968343e+01 6.106500e+01
38t 1.821310e+05 2.628360e+05 3.086547e+05 3.291582e+05 3.401813e+05
39t 5.160922e+00 5.879482e+00 7.480073e+00 6.732684e+00 5.386423e+00
40t 8.259256e+01 2.376449e+01 2.491949e+01 2.151447e+01 3.087447e+01
41t 4.497309e+02 4.525093e+02 4.522532e+02 4.539609e+02 4.508295e+02
42t 3.555191e+02 2.830316e+02 3.173516e+02 2.982838e+02 2.915369e+02
43t 4.446903e+02 3.909189e+02 3.426383e+02 3.509783e+02 2.941979e+02
44t 9.304372e+02 9.212423e+02 9.229793e+02 9.248258e+02 9.347130e+02
45t 9.257364e+02 9.302035e+02 9.335780e+02 9.227588e+02 9.298618e+02
46t 9.348806e+02 9.234356e+02 9.233157e+02 9.203986e+02 9.233679e+02
47t 5.553327e+02 1.019649e+03 1.023369e+03 1.036979e+03 1.027312e+03
48t 9.866112e+02 9.351280e+02 9.754639e+02 9.820334e+02 9.776712e+02
49t 5.687193e+02 1.022727e+03 1.025183e+03 1.021952e+03 1.023024e+03
50t 1.284307e+03 9.103471e+02 1.051808e+03 9.343207e+02 1.207968e+03
             301          302          303          304          305
1t  1.796812e+00 2.256343e+00 1.442574e+00 8.491462e-01 7.017090e+02
2t  3.160592e+07 1.826625e+07 3.123859e+07 7.454369e+06 1.455268e+07
3t  2.648275e+06 3.805058e+06 2.285734e+06 1.385698e+06 2.611894e+06
4t  1.118287e+05 1.102998e+05 1.140751e+05 1.711305e+05 1.744053e+05
5t  1.254277e+01 5.802418e+00 4.153000e+01 5.764655e+01 6.412892e+01
6t  4.320477e+02 5.800642e+02 8.399960e+02 3.826685e+01 3.182170e+02
7t  2.876080e+03 2.891894e+03 3.567271e+03 4.763352e+03 1.109135e+04
8t  6.366350e+00 7.678527e+00 5.684949e+00 4.981346e+00 6.343025e+00
9t  2.629730e+02 2.633164e+02 2.858296e+02 3.838222e+02 3.241360e+02
10t 3.049070e+01 3.506479e+01 2.901896e+01 2.228439e+01 2.950330e+01
11t 2.709961e+02 2.348102e+02 2.617283e+02 3.687018e+02 3.265647e+02
12t 3.323351e+02 2.585192e+02 1.256856e+04 2.480656e+04 3.179446e+04
13t 1.757897e+00 2.034865e+00 1.653096e+00 2.047674e+01 2.010949e+01
14t 2.107981e+01 2.109741e+01 2.105191e+01 2.118677e+01 2.117726e+01
15t 1.124512e+03 3.535976e+02 8.823286e+02 1.325744e+02 2.423318e+03
16t 4.931741e+01 4.752847e+01 5.144655e+01 1.040764e+02 5.608256e+01
17t 3.299995e-01 1.077002e+00 1.193432e+00 8.587074e+02 8.176006e+02
18t 9.999489e-01 1.031935e+00 9.620178e-01 8.466432e-01 9.868447e-01
19t 4.999907e+02 3.733417e+02 5.615798e+02 2.158756e+03 1.631622e+03
20t 2.301118e+02 2.013949e+02 2.754107e+02 7.138683e+02 4.727167e+02
21t 2.841004e+04 2.828088e+04 2.719383e+04 3.571853e+04 2.980256e+04
22t 2.870959e+04 2.902016e+04 2.794470e+04 3.547027e+04 3.505633e+04
23t 4.963710e+01 4.811055e+01 5.166522e+01 6.215043e+01 7.992021e+01
24t 9.047287e-01 9.743992e-01 8.489897e-01 2.944609e+00 1.309210e+00
25t 4.491363e-01 4.845468e-01 6.840281e-01 5.719613e-01 6.208976e-01
26t 3.573158e-01 3.022249e-01 3.162890e-01 2.971305e-01 2.844508e-01
27t 8.108565e+01 5.428869e+01 5.062309e+01 3.728429e+01 3.705582e+01
28t 2.879760e+02 2.995836e+02 2.336061e+02 1.636908e+02 3.726022e+04
29t 2.901546e+02 2.547568e+02 3.254062e+02 4.361119e+02 4.519633e+02
30t 1.247681e+01 1.245260e+01 1.082215e+01 9.963224e+00 1.478820e+01
31t 1.548829e+02 1.687721e+02 1.459574e+02 9.688196e+01 8.052460e+01
32t 4.742689e+02 5.463652e+02 3.002283e+02 4.078934e+02 3.622367e+02
33t 1.108812e+02 1.101635e+02 1.172190e+02 1.751017e+02 1.588786e+02
34t 2.915043e+01 3.145937e+01 2.682464e+01 2.898834e+01 3.351582e+01
35t 1.250728e+04 1.233927e+04 1.255089e+04 1.453762e+04 1.504588e+04
36t 2.443514e+05 3.443946e+05 1.905018e+05 1.403929e+05 1.712831e+05
37t 6.140544e+01 5.961126e+01 5.869325e+01 6.723310e+01 6.331316e+01
38t 2.134989e+05 2.474128e+05 2.019695e+05 1.878501e+05 1.502162e+05
39t 5.785032e+00 7.369787e+00 4.682947e+00 4.966226e+00 5.713375e+00
40t 3.350205e+01 2.437284e+01 6.261565e+01 1.331875e+03 1.530721e+03
41t 4.502075e+02 4.517202e+02 4.483138e+02 4.469652e+02 4.478967e+02
42t 3.079418e+02 2.880296e+02 3.495243e+02 3.940491e+02 3.484809e+02
43t 3.897803e+02 3.989710e+02 3.951656e+02 4.317409e+02 4.385505e+02
44t 9.370675e+02 9.260304e+02 9.328588e+02 9.316167e+02 9.314517e+02
45t 9.295409e+02 9.315560e+02 9.393239e+02 9.335447e+02 9.360866e+02
46t 9.297208e+02 9.219848e+02 9.358096e+02 9.315078e+02 9.349544e+02
47t 9.109417e+02 1.020964e+03 1.029228e+03 5.316736e+02 1.223329e+03
48t 9.824872e+02 9.319152e+02 9.837436e+02 1.141280e+03 1.258984e+03
49t 1.020166e+03 1.022908e+03 1.025275e+03 1.206502e+03 1.222430e+03
50t 1.122301e+03 9.685351e+02 1.230343e+03 1.300504e+03 1.364662e+03
             306          307          308          309          310
1t  1.560083e+00 2.282413e+03 9.690247e-01 1.328241e+00 8.447967e-01
2t  3.846838e+06 1.516344e+07 4.599413e+06 1.101298e+07 5.513824e+06
3t  2.411738e+06 1.618550e+06 1.703074e+06 2.022198e+06 1.285575e+06
4t  1.750569e+05 1.439118e+05 1.533923e+05 1.417684e+05 1.588852e+05
5t  4.953409e+01 6.178093e+01 5.186974e+01 5.799787e+01 5.384455e+01
6t  3.418890e+01 4.888161e+02 3.147353e+01 5.585574e+02 2.286112e+01
7t  7.996719e+03 1.088135e+04 9.861494e+03 9.334633e+03 1.226327e+04
8t  6.391646e+00 5.080144e+00 5.499495e+00 6.313225e+00 4.759689e+00
9t  3.352053e+02 3.430601e+02 3.934270e+02 2.887851e+02 3.717896e+02
10t 3.268463e+01 2.459940e+01 2.519167e+01 2.448248e+01 2.349297e+01
11t 3.604155e+02 3.710496e+02 3.926316e+02 3.240187e+02 4.067531e+02
12t 1.915107e+04 3.187558e+04 2.287738e+04 2.267783e+04 2.303032e+04
13t 2.044424e+01 2.042973e+01 2.069811e+01 2.007159e+01 2.070743e+01
14t 2.117823e+01 2.115814e+01 2.117882e+01 2.116754e+01 2.115028e+01
15t 2.093015e+02 8.716192e+03 1.625647e+02 2.748306e+02 2.984217e+02
16t 4.931065e+01 8.789132e+01 4.926902e+01 4.931211e+01 4.925002e+01
17t 3.754144e+02 4.996439e+02 8.140285e+02 1.017145e+00 8.899793e+02
18t 9.748686e-01 9.658127e-01 8.442415e-01 9.530953e-01 8.350763e-01
19t 1.106398e+03 1.371451e+03 1.932871e+03 6.316576e+02 2.373247e+03
20t 5.412796e+02 6.658865e+02 7.493860e+02 5.747198e+02 8.814006e+02
21t 3.593105e+04 3.416241e+04 3.486151e+04 3.467584e+04 3.625728e+04
22t 3.614127e+04 3.550040e+04 3.584291e+04 3.517983e+04 3.742078e+04
23t 7.167099e+01 6.679663e+01 7.527737e+01 5.107942e+01 7.722026e+01
24t 1.189990e+00 3.094565e+00 4.131232e+00 3.557043e+00 3.372642e+00
25t 6.073868e-01 6.165299e-01 5.958256e-01 7.663762e-01 6.273159e-01
26t 2.871556e-01 2.692952e-01 2.718313e-01 3.412208e-01 2.752988e-01
27t 4.882952e+01 5.379313e+01 5.457244e+01 8.161160e+01 3.964725e+01
28t 1.996891e+02 2.559548e+05 1.594021e+02 2.197317e+02 1.431909e+02
29t 4.831057e+02 4.053348e+02 4.476587e+02 4.304544e+02 4.615888e+02
30t 1.250126e+01 1.707212e+01 4.475677e+01 1.202070e+01 1.597178e+01
31t 1.446839e+02 1.497021e+02 1.110723e+02 1.698458e+02 1.273330e+02
32t 4.192832e+02 3.872403e+02 4.127839e+02 3.636200e+02 4.079899e+02
33t 1.662687e+02 1.313330e+02 1.470792e+02 1.373460e+02 1.675718e+02
34t 3.904730e+01 2.564624e+01 3.984743e+01 2.778532e+01 3.125057e+01
35t 1.319551e+04 1.600993e+04 1.399680e+04 1.286325e+04 1.493492e+04
36t 1.693436e+05 1.388283e+05 1.455584e+05 2.042732e+05 1.266688e+05
37t 6.734768e+01 6.507119e+01 7.236388e+01 6.283405e+01 6.875531e+01
38t 1.972320e+05 1.632906e+05 1.548563e+05 1.630934e+05 3.103284e+05
39t 5.470327e+00 5.472047e+00 4.989318e+00 5.597358e+00 4.770968e+00
40t 2.579806e+02 1.509214e+03 7.936102e+02 2.936240e+02 1.080792e+03
41t 4.501627e+02 4.453932e+02 4.475870e+02 4.496643e+02 4.452825e+02
42t 3.094156e+02 3.896540e+02 3.251374e+02 3.659629e+02 4.137217e+02
43t 3.528967e+02 4.538481e+02 4.322038e+02 4.064456e+02 4.294605e+02
44t 9.571779e+02 9.311435e+02 9.386220e+02 9.554098e+02 9.283397e+02
45t 9.535321e+02 9.334986e+02 9.359030e+02 9.477906e+02 9.312724e+02
46t 9.523694e+02 9.296675e+02 9.346988e+02 9.527562e+02 9.325141e+02
47t 5.500056e+02 1.204915e+03 5.337409e+02 5.529006e+02 1.202935e+03
48t 1.056998e+03 1.311510e+03 1.260352e+03 1.088872e+03 1.270603e+03
49t 5.775644e+02 1.150555e+03 1.201719e+03 5.703917e+02 1.211421e+03
50t 1.273042e+03 1.363390e+03 1.323817e+03 1.332114e+03 1.336130e+03
             311          312          313          314          315
1t  8.421374e-01 1.030314e+00 6.679610e-01 7.695090e+02 2.782262e+00
2t  3.055993e+06 1.057430e+07 4.164117e+06 9.379686e+06 8.305147e+06
3t  1.364874e+06 1.890882e+06 1.086520e+06 9.762594e+05 1.364649e+06
4t  2.035940e+05 1.551008e+05 1.647194e+05 1.753992e+05 1.835467e+05
5t  5.229050e+01 6.446463e+01 5.306293e+01 5.915535e+01 5.751112e+01
6t  2.483305e+01 4.668295e+02 2.050534e+01 4.375847e+01 4.706674e+01
7t  1.372365e+04 1.219558e+04 1.581651e+04 8.304756e+03 1.246031e+04
8t  5.076561e+00 5.091875e+00 4.536552e+00 4.486558e+00 5.008585e+00
9t  3.193901e+02 3.734005e+02 3.490582e+02 3.834622e+02 3.577945e+02
10t 2.466711e+01 2.334455e+01 2.202523e+01 2.121901e+01 2.208379e+01
11t 3.196329e+02 3.627665e+02 3.949718e+02 3.992342e+02 3.661846e+02
12t 2.252128e+04 2.902542e+04 2.302319e+04 2.603969e+04 2.670835e+04
13t 2.010403e+01 2.042200e+01 2.048225e+01 2.067069e+01 2.028614e+01
14t 2.114760e+01 2.102786e+01 2.119336e+01 2.114812e+01 2.118496e+01
15t 1.286772e+02 1.807748e+03 2.695266e+02 3.833896e+02 1.134745e+02
16t 4.925155e+01 5.065385e+01 4.924552e+01 4.924918e+01 1.039897e+02
17t 5.424595e+02 2.906558e+01 7.858148e+02 9.562823e+02 9.058467e+02
18t 8.447889e-01 8.640158e-01 7.547174e-01 7.449234e-01 8.498705e-01
19t 2.603980e+03 9.940330e+02 2.163219e+03 2.492736e+03 1.675631e+03
20t 5.313254e+02 5.733964e+02 7.621393e+02 7.409821e+02 7.394904e+02
21t 2.998123e+04 3.407711e+04 3.600254e+04 3.524906e+04 3.641678e+04
22t 3.190033e+04 3.580568e+04 3.672410e+04 3.586896e+04 3.593197e+04
23t 7.067449e+01 6.686276e+01 7.680891e+01 7.693591e+01 7.306624e+01
24t 1.455524e+00 2.490518e+00 3.103181e+00 3.498676e+00 3.049375e+00
25t 5.989929e-01 6.300787e-01 5.948152e-01 6.116309e-01 5.299510e-01
26t 2.741902e-01 3.004606e-01 3.004854e-01 2.729820e-01 2.933395e-01
27t 5.007860e+01 6.379535e+01 5.220649e+01 5.674946e+01 4.402163e+01
28t 1.343743e+02 2.512352e+04 1.363549e+02 3.297202e+03 1.755642e+02
29t 4.214717e+02 4.187039e+02 3.980629e+02 4.126307e+02 4.162664e+02
30t 1.339018e+01 1.470471e+01 1.172966e+01 8.569595e+00 9.206185e+00
31t 1.004914e+02 1.303412e+02 1.056716e+02 1.288791e+02 1.209442e+02
32t 3.661183e+02 5.908792e+02 3.711469e+02 3.699222e+02 3.665641e+02
33t 1.736585e+02 1.382906e+02 1.535471e+02 1.659896e+02 1.621211e+02
34t 2.936738e+01 2.698631e+01 2.590880e+01 2.614540e+01 2.713864e+01
35t 1.469782e+04 1.385008e+04 1.486328e+04 1.646912e+04 1.447656e+04
36t 1.392926e+05 1.649092e+05 1.334304e+05 1.140616e+05 1.270041e+05
37t 6.329764e+01 6.485174e+01 6.621803e+01 6.868590e+01 6.166462e+01
38t 2.057650e+05 1.613983e+05 2.809134e+05 3.001012e+05 1.600511e+05
39t 5.120702e+00 5.171721e+00 5.582805e+00 4.676574e+00 4.370967e+00
40t 9.715499e+02 1.043340e+03 1.193789e+03 1.709606e+03 1.285534e+03
41t 4.449743e+02 4.473572e+02 4.448095e+02 4.441126e+02 4.459807e+02
42t 3.550562e+02 3.566546e+02 3.341580e+02 4.138748e+02 3.045511e+02
43t 4.318822e+02 4.464309e+02 4.296563e+02 4.309586e+02 4.309966e+02
44t 9.333929e+02 9.350954e+02 9.284101e+02 9.270385e+02 9.327770e+02
45t 9.318189e+02 9.339131e+02 9.236777e+02 9.255938e+02 9.286412e+02
46t 9.267745e+02 9.334442e+02 9.244617e+02 9.268916e+02 9.315772e+02
47t 1.214974e+03 5.697150e+02 5.264705e+02 1.219293e+03 1.204215e+03
48t 1.281745e+03 1.178925e+03 1.214499e+03 1.389423e+03 1.215380e+03
49t 5.511709e+02 5.549385e+02 1.203760e+03 1.216918e+03 5.466790e+02
50t 1.336103e+03 1.345534e+03 1.329953e+03 1.360071e+03 1.320093e+03
             316          317          318          319          320
1t  1.704473e+00 1.210869e+00 1.152002e+00 8.565507e-01 1.061758e+00
2t  9.252408e+06 1.234329e+07 1.450714e+07 5.292463e+06 1.939407e+07
3t  5.127825e+06 2.311598e+06 2.713484e+06 1.464893e+06 1.733910e+06
4t  1.385586e+05 1.259323e+05 1.023013e+05 1.236271e+05 1.289818e+05
5t  4.978255e+01 4.948031e+01 2.539300e+01 3.098500e+01 4.319809e+01
6t  7.635674e+02 6.523195e+02 1.016547e+03 1.302739e+02 5.008794e+02
7t  4.946741e+03 5.794185e+03 4.619193e+03 4.369988e+03 3.789175e+03
8t  6.613635e+00 6.034655e+00 6.017833e+00 5.421561e+00 5.246411e+00
9t  2.782000e+02 2.697976e+02 1.964980e+02 2.786476e+02 2.694046e+02
10t 2.923840e+01 2.811238e+01 2.910167e+01 2.492389e+01 2.815764e+01
11t 2.761878e+02 2.855627e+02 2.482021e+02 2.859832e+02 2.804491e+02
12t 1.021302e+04 9.899503e+03 1.189126e+03 1.424242e+04 2.925804e+03
13t 1.625253e+00 1.444809e+00 1.484256e+00 1.550372e+01 1.978981e+01
14t 2.106010e+01 2.110281e+01 2.105268e+01 2.088770e+01 2.098183e+01
15t 3.292675e+02 4.048857e+02 4.187674e+02 1.416463e+02 3.721281e+02
16t 5.329282e+01 4.850974e+01 4.965447e+01 4.853190e+01 4.781759e+01
17t 1.135104e+00 1.138057e+00 1.121419e+00 1.313809e+00 6.370434e-01
18t 9.770924e-01 9.345693e-01 1.001974e+00 9.053386e-01 9.519139e-01
19t 5.480951e+02 5.377772e+02 4.293601e+02 5.567215e+02 5.719156e+02
20t 3.167963e+02 2.959682e+02 2.440385e+02 3.155048e+02 3.210462e+02
21t 2.747065e+04 2.833234e+04 2.819704e+04 2.757131e+04 2.806452e+04
22t 2.773299e+04 2.796917e+04 2.857335e+04 2.813226e+04 2.830354e+04
23t 4.768642e+01 5.539744e+01 4.699183e+01 5.841535e+01 4.991332e+01
24t 9.464494e-01 4.847750e-01 6.442730e-01 7.537910e-01 1.160313e+00
25t 7.419597e-01 6.316367e-01 6.457616e-01 7.214218e-01 6.293469e-01
26t 2.545842e-01 3.362600e-01 3.081107e-01 3.581952e-01 3.223105e-01
27t 6.393395e+01 6.900515e+01 6.439506e+01 8.578907e+01 5.709060e+01
28t 7.019979e+02 2.343015e+02 2.640716e+02 2.178208e+02 2.243396e+02
29t 3.243974e+02 3.424126e+02 3.051927e+02 3.723586e+02 3.168897e+02
30t 1.253821e+01 1.176173e+01 1.148778e+01 8.592479e+00 1.038355e+01
31t 1.614712e+02 1.567809e+02 1.571427e+02 1.768603e+02 1.757472e+02
32t 2.780701e+02 2.757817e+02 6.206640e+02 3.154376e+02 5.488768e+02
33t 1.119679e+02 9.924577e+01 1.166338e+02 1.226904e+02 1.137067e+02
34t 2.689332e+01 2.509988e+01 2.489381e+01 2.573697e+01 2.642507e+01
35t 1.287094e+04 1.278639e+04 1.240160e+04 1.283478e+04 1.301935e+04
36t 1.969003e+05 1.686322e+05 1.747905e+05 1.938651e+05 1.749530e+05
37t 6.005826e+01 5.757400e+01 6.143311e+01 5.726889e+01 5.738406e+01
38t 1.954796e+05 2.141808e+05 2.379606e+05 2.517468e+05 1.958920e+05
39t 6.926594e+00 5.771911e+00 6.218596e+00 5.538134e+00 5.191816e+00
40t 6.075527e+01 5.825650e+01 4.890467e+01 9.584239e+01 5.104731e+01
41t 4.486376e+02 4.489843e+02 4.485759e+02 4.477520e+02 4.484367e+02
42t 3.431482e+02 2.881582e+02 2.742647e+02 3.101409e+02 3.174018e+02
43t 4.302187e+02 3.993853e+02 3.663575e+02 3.999881e+02 4.010283e+02
44t 9.356905e+02 9.339233e+02 9.221548e+02 9.269427e+02 9.371274e+02
45t 9.415293e+02 9.353607e+02 9.434852e+02 9.354797e+02 9.328073e+02
46t 9.279605e+02 9.368817e+02 9.391791e+02 9.337615e+02 9.210399e+02
47t 5.392290e+02 1.026541e+03 1.025252e+03 1.042771e+03 5.369256e+02
48t 1.006528e+03 9.320095e+02 9.799702e+02 1.011235e+03 9.920372e+02
49t 1.021065e+03 5.677863e+02 1.019829e+03 5.519342e+02 5.600330e+02
50t 1.259932e+03 1.208224e+03 1.208955e+03 1.231156e+03 1.289898e+03
             321          322          323          324          325
1t  1.152173e+00 1.114557e+00 9.731662e-01 1.034917e+00 4.481952e+00
2t  2.100763e+07 1.810943e+07 1.203205e+07 1.573408e+07 2.197663e+07
3t  1.759710e+06 2.124112e+06 1.443372e+06 1.871230e+06 8.019580e+06
4t  1.521317e+05 1.190240e+05 9.667481e+04 1.227409e+05 1.236292e+05
5t  4.493512e+01 4.097596e+01 5.479277e+01 4.439477e+01 1.007573e+01
6t  4.302869e+02 6.584091e+02 2.520924e+02 6.497673e+02 7.195779e+02
7t  6.316413e+03 4.851825e+03 3.925743e+03 4.301886e+03 3.055795e+03
8t  5.659702e+00 5.482694e+00 4.854081e+00 5.638815e+00 8.357038e+00
9t  2.875034e+02 2.972993e+02 2.885333e+02 2.859133e+02 2.181357e+02
10t 2.578170e+01 2.642146e+01 2.491347e+01 2.423644e+01 3.354898e+01
11t 2.766476e+02 2.767889e+02 2.900167e+02 2.712423e+02 2.501929e+02
12t 1.300695e+04 1.582813e+04 1.929754e+04 1.533172e+04 4.053397e+02
13t 1.941872e+01 1.251521e+00 1.966711e+01 1.985908e+01 2.163939e+00
14t 2.096163e+01 2.101690e+01 2.095549e+01 2.108634e+01 2.116503e+01
15t 1.606611e+02 4.291553e+02 2.224952e+02 1.613628e+02 2.739944e+03
16t 4.904376e+01 4.870160e+01 4.906071e+01 8.020480e+01 4.879506e+01
17t 1.333879e+00 1.641304e+00 1.203630e+00 8.799457e-01 1.156429e+00
18t 9.744738e-01 9.197912e-01 9.048628e-01 9.095913e-01 1.054652e+00
19t 5.805640e+02 5.697818e+02 5.990350e+02 5.106336e+02 4.681448e+02
20t 2.013342e+02 3.794160e+02 3.641970e+02 2.777138e+02 2.313277e+02
21t 2.777727e+04 2.787448e+04 2.861800e+04 2.811196e+04 2.775112e+04
22t 2.768750e+04 2.841824e+04 2.849147e+04 2.823223e+04 2.826417e+04
23t 5.131923e+01 4.819353e+01 5.128513e+01 5.348716e+01 3.789684e+01
24t 5.816961e-01 9.144937e-01 8.016050e-01 1.093569e+00 9.241403e-01
25t 4.807416e-01 6.544134e-01 8.287622e-01 6.021181e-01 5.521779e-01
26t 2.667932e-01 2.850255e-01 3.243722e-01 3.201602e-01 3.145657e-01
27t 7.445535e+01 6.189866e+01 8.939340e+01 7.341433e+01 5.770516e+01
28t 2.508179e+02 2.350305e+02 1.933014e+02 1.993600e+02 3.690763e+02
29t 3.304288e+02 2.913514e+02 3.918831e+02 3.521202e+02 2.814170e+02
30t 1.212221e+01 1.196380e+01 1.353471e+01 1.224794e+01 1.490750e+01
31t 1.472286e+02 1.500943e+02 1.456747e+02 1.357980e+02 1.366596e+02
32t 3.675588e+02 3.240463e+02 3.058342e+02 2.839707e+02 3.667717e+02
33t 1.203296e+02 9.987910e+01 1.377262e+02 1.102567e+02 1.065849e+02
34t 2.367773e+01 2.503088e+01 2.500882e+01 2.383746e+01 3.066444e+01
35t 1.278567e+04 1.262777e+04 1.276769e+04 1.269991e+04 1.264907e+04
36t 1.934977e+05 1.788907e+05 1.499574e+05 1.721895e+05 2.406499e+05
37t 5.794620e+01 5.811396e+01 5.427567e+01 5.974564e+01 5.912437e+01
38t 2.368197e+05 2.617596e+05 2.625492e+05 2.050246e+05 2.954139e+05
39t 5.264124e+00 6.372819e+00 5.885795e+00 5.657283e+00 6.393443e+00
40t 6.681694e+01 8.324333e+01 1.657087e+02 9.278850e+01 3.800059e+01
41t 4.467763e+02 4.360298e+02 4.476123e+02 4.481489e+02 4.537679e+02
42t 3.568076e+02 3.403504e+02 4.279609e+02 3.708361e+02 3.073858e+02
43t 4.221427e+02 4.509505e+02 4.435098e+02 3.942369e+02 3.588720e+02
44t 9.388460e+02 9.360098e+02 9.411291e+02 9.387137e+02 9.284941e+02
45t 9.383272e+02 9.344954e+02 9.369611e+02 9.411915e+02 9.305180e+02
46t 9.412959e+02 9.312771e+02 9.388040e+02 9.269625e+02 9.291593e+02
47t 5.417727e+02 1.026019e+03 5.294940e+02 1.031060e+03 1.021764e+03
48t 1.000055e+03 1.001750e+03 1.019351e+03 9.895142e+02 9.395669e+02
49t 1.023393e+03 5.594393e+02 1.025511e+03 1.025040e+03 1.021435e+03
50t 1.247029e+03 1.269180e+03 1.281830e+03 1.236250e+03 1.111389e+03
             326          327          328          329          330
1t  1.560369e+01 5.269703e+00 4.850380e+00 7.013248e+01 5.721079e+00
2t  1.782125e+07 7.841908e+06 1.668036e+07 9.519201e+06 2.372948e+07
3t  3.182671e+07 8.455238e+06 9.215936e+06 2.010561e+06 9.132094e+06
4t  1.302470e+05 1.385801e+05 1.101803e+05 1.500932e+05 8.033326e+04
5t  3.698523e+01 4.178158e+01 5.849287e+01 6.093434e+01 2.710853e+00
6t  7.842859e+02 2.537502e+02 4.257350e+02 1.776244e+02 6.017330e+02
7t  2.220636e+03 3.058776e+03 6.357115e+03 6.782877e+03 1.818185e+03
8t  2.384593e+01 1.158129e+01 1.314964e+01 5.901158e+00 1.162882e+01
9t  2.710454e+02 3.135053e+02 3.167334e+02 3.803597e+02 6.691035e+01
10t 8.460136e+01 4.755292e+01 4.461430e+01 2.379207e+01 4.466565e+01
11t 2.812998e+02 3.089386e+02 3.292154e+02 3.962127e+02 1.984959e+02
12t 1.112266e+04 1.295946e+04 1.900031e+04 2.924776e+04 3.426134e+02
13t 3.924051e+00 1.976163e+01 1.987810e+01 2.051781e+01 2.731691e+00
14t 2.116100e+01 2.113946e+01 2.115855e+01 2.112649e+01 2.113503e+01
15t 6.480158e+03 7.376024e+02 6.585669e+02 2.723760e+02 7.378071e+02
16t 5.043882e+01 4.958274e+01 4.942426e+01 4.928098e+01 4.968796e+01
17t 6.437793e-01 1.786196e-01 2.067717e-01 7.410510e+02 1.270031e+00
18t 1.332302e+00 1.073244e+00 1.080939e+00 9.523528e-01 1.093505e+00
19t 3.816302e+02 4.328024e+02 4.469032e+02 1.591808e+03 3.748588e+02
20t 3.408308e+02 4.720165e+02 5.362042e+02 7.235179e+02 1.281816e+02
21t 3.382848e+04 3.321222e+04 3.469713e+04 3.508533e+04 2.761560e+04
22t 3.247848e+04 3.387181e+04 3.526025e+04 3.529851e+04 2.845182e+04
23t 4.273351e+01 5.442421e+01 6.161797e+01 7.120262e+01 4.718825e+01
24t 3.361960e+00 3.632099e+00 3.162467e+00 3.550651e+00 8.489373e-01
25t 5.752965e-01 6.355769e-01 6.260105e-01 6.029502e-01 5.329908e-01
26t 2.733154e-01 2.969120e-01 3.415747e-01 2.786215e-01 3.517164e-01
27t 8.054950e+01 7.017996e+01 6.633503e+01 3.575529e+01 6.188579e+01
28t 2.738752e+04 5.475294e+02 4.840010e+02 2.174959e+04 5.166001e+02
29t 2.825271e+02 3.233517e+02 3.539149e+02 4.613183e+02 2.924042e+02
30t 3.420236e+01 2.197277e+01 2.110031e+01 1.783976e+01 1.847920e+01
31t 1.653791e+02 1.693385e+02 1.771904e+02 7.854691e+01 1.598817e+02
32t 3.738239e+02 4.036829e+02 3.551436e+02 3.593481e+02 3.863539e+02
33t 1.069271e+02 1.008122e+02 1.191276e+02 1.539496e+02 1.194975e+02
34t 6.840742e+01 3.906735e+01 4.106359e+01 3.106425e+01 3.788484e+01
35t 1.253185e+04 1.266601e+04 1.288669e+04 1.484701e+04 1.245535e+04
36t 1.380344e+06 7.812191e+05 4.600273e+05 1.328785e+05 5.321989e+05
37t 6.040077e+01 6.293463e+01 6.389962e+01 6.649663e+01 6.265954e+01
38t 1.935768e+05 2.114405e+05 1.840625e+05 1.206086e+05 3.255749e+05
39t 2.307858e+01 7.562782e+00 7.382138e+00 5.348273e+00 7.837707e+00
40t 1.707421e+01 2.643085e+01 6.709289e+01 1.243110e+03 1.731109e+01
41t 4.831306e+02 4.625074e+02 4.660183e+02 4.475372e+02 4.608115e+02
42t 2.958672e+02 2.841186e+02 2.611855e+02 3.382819e+02 2.802701e+02
43t 3.239085e+02 3.052353e+02 3.412312e+02 4.344004e+02 2.919071e+02
44t 9.395432e+02 9.378054e+02 9.364476e+02 9.375489e+02 9.220907e+02
45t 9.410602e+02 9.342084e+02 9.368698e+02 9.412930e+02 9.224305e+02
46t 9.426790e+02 9.853048e+02 9.434654e+02 9.359614e+02 9.224052e+02
47t 8.904443e+02 6.602864e+02 6.436806e+02 5.425662e+02 1.019275e+03
48t 9.423934e+02 9.648964e+02 9.791145e+02 1.278639e+03 9.504841e+02
49t 9.207060e+02 6.814852e+02 6.737386e+02 5.589387e+02 1.020546e+03
50t 9.755644e+02 1.112920e+03 1.201255e+03 1.341697e+03 8.938350e+02
             331          332          333          334          335
1t  1.993653e+01 4.283865e+00 2.120997e+00 1.666369e+00 3.903592e+00
2t  5.347308e+07 3.591443e+07 8.842165e+06 5.234540e+06 2.734122e+07
3t  6.321565e+07 1.221493e+07 4.060574e+06 2.514344e+06 1.163600e+07
4t  9.577901e+04 1.089679e+05 1.277976e+05 1.075410e+05 1.115975e+05
5t  5.066833e+00 1.116659e+01 2.214343e+01 4.132742e+01 8.127675e+00
6t  1.271913e+03 1.044464e+03 3.212286e+02 1.176644e+02 9.397186e+02
7t  3.558826e+03 4.043522e+03 3.463194e+03 5.943173e+03 2.338445e+03
8t  1.629333e+01 8.364043e+00 9.154559e+00 7.121882e+00 9.261278e+00
9t  7.067808e+01 2.807975e+02 2.541787e+02 2.987950e+02 2.373964e+02
10t 5.950341e+01 3.243777e+01 3.883505e+01 2.911846e+01 3.984488e+01
11t 7.514872e+01 2.341077e+02 2.553113e+02 3.226689e+02 2.104533e+02
12t 4.183354e+02 3.853298e+02 3.927327e+03 1.301602e+04 3.649834e+02
13t 3.371721e+00 2.127762e+00 2.096990e+00 1.388363e+01 2.228241e+00
14t 2.110471e+01 2.104516e+01 2.117880e+01 2.117527e+01 2.119903e+01
15t 1.104172e+04 1.690271e+03 5.322127e+02 2.161033e+02 1.742394e+03
16t 1.079707e+02 4.993441e+01 4.932433e+01 4.928794e+01 5.833269e+01
17t 8.128118e+00 1.254711e+00 9.518791e-02 5.838458e-02 1.772350e+00
18t 1.304049e+00 1.120118e+00 1.044469e+00 9.520666e-01 1.194018e+00
19t 4.151768e+02 4.075184e+02 4.360314e+02 5.635261e+02 3.823107e+02
20t 1.871433e+02 3.203094e+02 3.252948e+02 4.022176e+02 2.605661e+02
21t 2.727330e+04 2.808261e+04 3.037327e+04 3.315404e+04 2.815429e+04
22t 2.866055e+04 2.850177e+04 3.405094e+04 3.211590e+04 2.811161e+04
23t 3.951036e+01 5.520559e+01 4.987545e+01 5.281552e+01 4.187435e+01
24t 9.519776e-01 9.339139e-01 3.734455e+00 2.682734e+00 8.151037e-01
25t 5.777361e-01 5.528819e-01 5.154578e-01 6.291079e-01 4.965325e-01
26t 3.613967e-01 3.363508e-01 3.045435e-01 2.440538e-01 3.789342e-01
27t 1.343395e+02 9.006341e+01 7.844418e+01 7.357155e+01 6.874826e+01
28t 1.653416e+03 3.620285e+02 3.173401e+02 2.818576e+02 3.845120e+02
29t 2.868675e+02 3.299176e+02 3.399560e+02 3.649452e+02 2.708172e+02
30t 2.578605e+01 1.314497e+01 1.610478e+01 1.350963e+01 1.576955e+01
31t 2.020868e+02 1.537706e+02 1.238935e+02 1.855226e+02 1.736118e+02
32t 5.769259e+02 3.413909e+02 3.715362e+02 3.273311e+02 3.662660e+02
33t 1.168572e+02 1.192026e+02 1.120502e+02 1.224392e+02 1.060551e+02
34t 5.086247e+01 2.918669e+01 2.825491e+01 2.870091e+01 3.310940e+01
35t 1.245994e+04 1.243606e+04 1.266623e+04 1.274282e+04 1.266657e+04
36t 8.326092e+05 2.634930e+05 4.336115e+05 2.754132e+05 2.934879e+05
37t 5.741217e+01 5.820368e+01 6.054010e+01 6.226722e+01 6.149852e+01
38t 5.510190e+05 2.353567e+05 1.677362e+05 1.879483e+05 2.376514e+05
39t 2.463204e+01 6.474997e+00 6.233047e+00 6.519733e+00 8.496306e+00
40t 1.408867e+01 4.102283e+01 4.281384e+01 8.542250e+01 2.185660e+01
41t 4.721518e+02 4.538021e+02 4.564692e+02 4.519234e+02 4.563915e+02
42t 2.714392e+02 3.239369e+02 2.936949e+02 3.223504e+02 2.967922e+02
43t 3.196227e+02 3.977017e+02 3.486277e+02 3.502073e+02 3.284769e+02
44t 9.308285e+02 9.246149e+02 9.310376e+02 9.323508e+02 9.287863e+02
45t 9.247066e+02 9.401612e+02 9.238618e+02 9.794594e+02 9.227072e+02
46t 9.275211e+02 9.255038e+02 9.669369e+02 9.776475e+02 9.217854e+02
47t 1.019402e+03 5.786462e+02 5.863907e+02 5.572424e+02 1.021883e+03
48t 9.194407e+02 9.773719e+02 9.703672e+02 1.011046e+03 9.132048e+02
49t 1.019644e+03 1.024989e+03 6.101573e+02 5.790264e+02 1.023623e+03
50t 8.861832e+02 1.121200e+03 1.203249e+03 1.242096e+03 1.123341e+03
             336          337          338          339          340
1t  1.538700e+00 1.924518e+00 5.033008e+00 1.300158e+00 1.849167e+00
2t  1.308078e+07 8.687610e+06 2.932720e+07 1.329805e+07 2.125678e+07
3t  2.522246e+06 3.105410e+06 7.020749e+06 2.941765e+06 3.292122e+06
4t  9.419872e+04 1.142313e+05 9.023312e+04 9.703195e+04 1.087165e+05
5t  2.379255e+01 3.129392e+01 5.062793e+00 1.911864e+01 9.176770e+00
6t  1.877417e+02 2.685859e+02 8.967460e+02 2.870744e+02 4.001463e+02
7t  3.087964e+03 5.430328e+03 2.398381e+03 3.333274e+03 3.097461e+03
8t  7.169452e+00 8.770977e+00 9.596738e+00 7.042803e+00 7.610696e+00
9t  2.899298e+02 1.829579e+02 1.815089e+02 2.765978e+02 2.296324e+02
10t 2.756869e+01 3.544324e+01 3.847783e+01 3.213482e+01 3.316510e+01
11t 2.797357e+02 2.351264e+02 1.629126e+02 2.884633e+02 2.036532e+02
12t 2.805139e+02 4.226320e+03 3.913672e+02 2.691100e+02 2.825646e+02
13t 1.637178e+00 2.028016e+00 2.457209e+00 1.793786e+00 1.879193e+00
14t 2.092278e+01 2.115398e+01 2.113672e+01 2.115628e+01 2.110821e+01
15t 2.269044e+02 3.183571e+02 1.075426e+03 2.219093e+02 2.581955e+02
16t 4.832169e+01 4.835729e+01 5.303293e+01 4.751408e+01 4.925919e+01
17t 8.746215e-02 7.998386e-02 1.250747e+00 4.840489e-01 2.819366e-01
18t 9.830007e-01 1.030536e+00 1.125970e+00 9.942180e-01 9.897091e-01
19t 4.929040e+02 4.270857e+02 3.985732e+02 4.341428e+02 4.233947e+02
20t 2.949557e+02 2.391242e+02 1.685996e+02 2.059852e+02 2.189766e+02
21t 2.744883e+04 3.189865e+04 2.720105e+04 2.793503e+04 2.759427e+04
22t 2.892114e+04 3.439636e+04 2.821083e+04 2.940701e+04 2.781448e+04
23t 4.715578e+01 5.121701e+01 3.536707e+01 5.021702e+01 3.175555e+01
24t 5.960388e-01 3.696702e+00 9.529945e-01 7.002945e-01 8.120969e-01
25t 5.001071e-01 5.081564e-01 4.008825e-01 5.937209e-01 5.024758e-01
26t 2.877759e-01 3.383828e-01 3.645712e-01 3.334497e-01 2.975219e-01
27t 9.296733e+01 5.946167e+01 7.664530e+01 7.990968e+01 8.180120e+01
28t 2.387151e+02 2.899024e+02 1.043770e+03 2.362418e+02 2.696076e+02
29t 2.980397e+02 3.395206e+02 2.971953e+02 3.137466e+02 2.744034e+02
30t 1.302462e+01 1.238349e+01 1.657734e+01 1.170371e+01 1.345956e+01
31t 1.584130e+02 1.272989e+02 1.439595e+02 1.598529e+02 1.677901e+02
32t 5.612775e+02 3.151535e+02 3.896060e+02 4.170596e+02 3.777999e+02
33t 1.107060e+02 1.204203e+02 1.142540e+02 1.227880e+02 1.039056e+02
34t 2.687464e+01 2.941975e+01 3.550949e+01 2.881536e+01 2.750900e+01
35t 1.274428e+04 1.262555e+04 1.257825e+04 1.273188e+04 1.262368e+04
36t 2.253712e+05 3.842294e+05 3.665521e+05 2.456671e+05 2.718455e+05
37t 5.964282e+01 6.131682e+01 6.124913e+01 6.084866e+01 5.927314e+01
38t 2.993866e+05 2.263979e+05 2.654596e+05 2.665701e+05 3.199063e+05
39t 5.443033e+00 5.737616e+00 9.540102e+00 5.596811e+00 6.648755e+00
40t 4.169349e+01 3.978985e+01 2.339676e+01 4.751792e+01 2.850018e+01
41t 4.504719e+02 4.529369e+02 4.568512e+02 4.495139e+02 4.513881e+02
42t 2.922448e+02 2.988367e+02 2.903195e+02 3.013232e+02 2.601701e+02
43t 3.452181e+02 3.696969e+02 3.326165e+02 3.446732e+02 4.221333e+02
44t 9.222192e+02 9.315547e+02 9.259974e+02 9.286865e+02 9.315159e+02
45t 9.304197e+02 9.278229e+02 9.276595e+02 9.288350e+02 9.329323e+02
46t 9.246749e+02 9.298067e+02 9.232880e+02 9.347305e+02 9.245781e+02
47t 1.022236e+03 5.739048e+02 1.022661e+03 1.024602e+03 1.021853e+03
48t 9.767309e+02 9.820171e+02 9.178683e+02 9.857636e+02 9.364030e+02
49t 1.022025e+03 5.874079e+02 1.021990e+03 1.022410e+03 1.021359e+03
50t 1.161910e+03 1.204976e+03 9.804437e+02 1.143334e+03 9.716715e+02
             341          342          343          344          345
1t  1.709637e+00 1.661576e+00 1.365136e+00 1.404467e+00 1.540729e+00
2t  9.446017e+06 1.026501e+07 8.280244e+06 1.215772e+07 9.721589e+06
3t  2.886019e+06 2.344299e+06 2.207041e+06 2.417577e+06 2.989198e+06
4t  1.024685e+05 1.158653e+05 9.086756e+04 9.814760e+04 8.998056e+04
5t  2.546852e+01 1.351136e+01 1.532440e+01 1.880461e+01 1.163019e+01
6t  3.673517e+02 3.041694e+02 1.885178e+02 3.255456e+02 2.335879e+02
7t  2.855050e+03 3.219676e+03 2.979771e+03 4.035275e+03 3.144332e+03
8t  7.125179e+00 6.802003e+00 6.581897e+00 7.014193e+00 5.924843e+00
9t  2.581141e+02 2.660466e+02 2.739790e+02 2.588183e+02 2.626505e+02
10t 3.186922e+01 3.102841e+01 3.102839e+01 3.122084e+01 2.828773e+01
11t 2.807031e+02 2.392075e+02 2.647971e+02 2.429117e+02 2.136934e+02
12t 3.154549e+02 3.122018e+02 2.312999e+02 2.471977e+02 2.334201e+02
13t 1.728063e+00 1.692462e+00 1.529317e+00 1.707549e+00 1.725239e+00
14t 2.115061e+01 2.102212e+01 2.114717e+01 2.106932e+01 2.109419e+01
15t 2.493516e+02 3.023216e+02 2.390203e+02 2.572397e+02 2.521373e+02
16t 4.783406e+01 4.870271e+01 4.724483e+01 4.925467e+01 4.900806e+01
17t 3.164544e-01 4.038268e-01 2.080736e-01 1.522869e-01 3.276638e-01
18t 9.928780e-01 9.916219e-01 9.177822e-01 9.523055e-01 9.631308e-01
19t 4.271326e+02 4.681235e+02 4.198976e+02 5.084978e+02 4.548547e+02
20t 2.930599e+02 2.583431e+02 2.758015e+02 2.772592e+02 1.915947e+02
21t 2.766889e+04 2.819722e+04 2.841455e+04 2.795002e+04 2.758347e+04
22t 2.883803e+04 2.831351e+04 2.860573e+04 2.792499e+04 2.874868e+04
23t 5.239740e+01 5.283126e+01 5.429660e+01 5.392066e+01 5.043937e+01
24t 6.975073e-01 8.133047e-01 7.646013e-01 4.890063e-01 1.004141e+00
25t 4.838204e-01 4.633713e-01 5.893025e-01 6.860180e-01 7.722429e-01
26t 2.938510e-01 3.303016e-01 3.258456e-01 3.026804e-01 2.918949e-01
27t 9.356733e+01 4.340031e+01 7.264199e+01 9.596040e+01 8.924312e+01
28t 2.763143e+02 2.398668e+02 2.414532e+02 2.445425e+02 2.774647e+02
29t 3.181753e+02 3.233624e+02 2.453394e+02 3.350300e+02 2.208590e+02
30t 1.228691e+01 1.101443e+01 1.128590e+01 1.099800e+01 1.374065e+01
31t 1.788055e+02 1.649933e+02 1.711914e+02 1.742073e+02 1.510956e+02
32t 3.590891e+02 4.016130e+02 3.704489e+02 2.824269e+02 3.187247e+02
33t 1.118304e+02 1.109053e+02 1.104486e+02 1.114008e+02 8.870649e+01
34t 2.958334e+01 2.605252e+01 3.101540e+01 2.994155e+01 2.765074e+01
35t 1.267773e+04 1.260954e+04 1.255993e+04 1.246777e+04 1.247871e+04
36t 2.147409e+05 2.594865e+05 2.535035e+05 2.235982e+05 2.587623e+05
37t 6.076237e+01 5.911658e+01 5.974343e+01 5.475558e+01 6.045267e+01
38t 2.776817e+05 3.139813e+05 1.979823e+05 2.607319e+05 2.632763e+05
39t 6.088685e+00 5.260345e+00 4.953053e+00 5.329354e+00 5.438490e+00
40t 3.496368e+01 3.449709e+01 4.931131e+01 3.140117e+01 3.627320e+01
41t 4.508565e+02 4.504272e+02 4.500002e+02 4.502089e+02 4.506805e+02
42t 2.670852e+02 2.818768e+02 3.095694e+02 2.799955e+02 3.625641e+02
43t 3.564317e+02 3.939587e+02 4.366282e+02 4.421228e+02 3.386450e+02
44t 9.317123e+02 9.209068e+02 9.338656e+02 9.355744e+02 9.194711e+02
45t 9.450041e+02 9.384604e+02 9.336536e+02 9.290182e+02 9.298619e+02
46t 9.588718e+02 9.282434e+02 9.263134e+02 9.280306e+02 9.249204e+02
47t 1.030075e+03 1.021071e+03 1.024133e+03 1.024132e+03 1.021985e+03
48t 9.748527e+02 9.955368e+02 9.776087e+02 9.924541e+02 9.762193e+02
49t 1.020295e+03 1.022224e+03 5.786886e+02 1.022446e+03 1.019096e+03
50t 1.020698e+03 1.149979e+03 1.164370e+03 1.215140e+03 1.165718e+03
             346          347          348          349          350
1t  1.626386e+00 2.113368e+00 2.820446e+00 8.219384e-01 4.931726e+04
2t  1.165699e+07 6.457445e+06 9.525652e+06 6.804315e+06 8.183851e+07
3t  2.348700e+06 3.296369e+06 4.120360e+06 1.059415e+06 3.032826e+10
4t  1.214140e+05 5.101815e+04 1.696697e+05 1.808007e+05 2.313311e+05
5t  1.654861e+01 5.135612e-01 6.075773e+01 5.899682e+01 5.732521e+01
6t  1.413385e+02 1.165664e+01 6.960132e+02 3.561347e+01 2.848093e+03
7t  3.063690e+03 1.072998e+04 7.118751e+03 1.339241e+04 8.853102e+03
8t  7.197344e+00 7.571964e+00 9.707966e+00 4.625504e+00 7.759502e+00
9t  2.665672e+02 3.568181e+02 3.017342e+02 3.491800e+02 3.081836e+02
10t 3.015611e+01 3.532953e+01 3.906433e+01 2.193555e+01 3.087955e+01
11t 2.837835e+02 3.409624e+02 2.774852e+02 3.819739e+02 2.958897e+02
12t 2.418061e+02 2.866434e+03 2.630261e+04 2.404550e+04 3.301446e+04
13t 1.662119e+00 2.099526e+01 2.003900e+01 2.051362e+01 1.991454e+01
14t 2.105553e+01 2.120317e+01 2.112133e+01 2.117000e+01 2.100392e+01
15t 4.723674e+02 2.898124e+02 4.329297e+02 1.188853e+02 1.380799e+09
16t 4.781749e+01 4.717927e+01 4.901425e+01 4.924656e+01 8.027380e+02
17t 1.056354e-01 8.604479e-02 1.034944e-01 8.638024e+02 5.644187e+02
18t 9.841432e-01 1.021266e+00 1.018855e+00 7.988592e-01 2.451704e+02
19t 4.829416e+02 6.015109e+02 5.455164e+02 2.529054e+03 1.328256e+03
20t 2.234315e+02 4.918885e+02 3.529174e+02 6.583197e+02 3.843048e+02
21t 2.752642e+04 2.989529e+04 2.880774e+04 3.519832e+04 2.949296e+04
22t 2.934307e+04 2.947196e+04 3.735741e+04 3.643378e+04 2.896831e+04
23t 5.036515e+01 6.259847e+01 5.199376e+01 7.430647e+01 6.736926e+01
24t 5.846909e-01 8.052282e-01 3.638722e+00 3.401874e+00 9.390433e-01
25t 5.051280e-01 7.929650e-01 6.433991e-01 6.271682e-01 3.469193e+00
26t 3.434634e-01 1.104697e+00 3.513856e-01 2.872132e-01 5.787780e+01
27t 6.617113e+01 1.124836e+02 6.617222e+01 4.443156e+01 9.684271e+03
28t 2.544625e+02 7.191968e+02 3.890785e+02 1.435095e+02 1.862841e+07
29t 3.530979e+02 4.013994e+02 3.942950e+02 4.216977e+02 4.391469e+02
30t 1.126871e+01 1.237692e+01 1.814637e+01 2.058370e+01 1.606366e+01
31t 1.491589e+02 3.253583e+02 1.398537e+02 9.271887e+01 4.721676e+03
32t 3.717828e+02 7.943378e+02 4.677461e+02 4.261263e+02 8.562776e+02
33t 1.026546e+02 1.406474e+02 1.060121e+02 1.652530e+02 1.301303e+02
34t 2.569607e+01 3.351633e+01 3.821624e+01 3.209071e+01 3.470564e+01
35t 1.239687e+04 1.319025e+04 1.270032e+04 1.502866e+04 2.169043e+04
36t 2.184171e+05 3.325958e+05 3.067813e+05 1.134530e+05 2.112406e+05
37t 5.716919e+01 6.038222e+01 6.068013e+01 6.707325e+01 6.027456e+01
38t 3.130137e+05 5.722941e+05 1.460884e+05 3.044422e+05 1.977221e+05
39t 7.274609e+00 6.565658e+00 6.070900e+00 5.986484e+00 2.023578e+04
40t 3.487716e+01 2.685604e+01 1.006257e+02 1.446399e+03 5.665623e+02
41t 4.502363e+02 7.346100e+02 4.565116e+02 4.448899e+02 4.495212e+02
42t 2.988409e+02 3.028672e+02 3.125963e+02 3.557289e+02 3.503140e+02
43t 3.903111e+02 4.406261e+02 3.264274e+02 4.459914e+02 4.350336e+02
44t 9.345084e+02 9.368402e+02 9.960680e+02 9.255882e+02 9.834149e+02
45t 9.303816e+02 9.817410e+02 9.971923e+02 9.237639e+02 9.928621e+02
46t 9.250966e+02 9.246030e+02 9.934392e+02 9.270470e+02 9.531186e+02
47t 1.023974e+03 1.037540e+03 1.203603e+03 1.212547e+03 5.582465e+02
48t 9.909200e+02 1.032955e+03 9.787427e+02 1.321690e+03 1.016979e+03
49t 1.028260e+03 1.020336e+03 1.208023e+03 1.212660e+03 5.733393e+02
50t 9.578084e+02 9.350585e+02 1.234053e+03 1.361841e+03 1.247921e+03
             351          352          353          354          355
1t  2.176384e+02 1.728848e+00 5.444696e+00 1.954945e+00 8.699211e-01
2t  8.442437e+07 1.443063e+07 2.675584e+07 1.404165e+07 1.294791e+07
3t  6.218431e+08 3.517118e+06 4.749328e+06 3.760290e+06 1.542642e+06
4t  1.460569e+05 1.150398e+05 1.457071e+05 1.153606e+05 1.346187e+05
5t  6.186514e+01 3.724630e+01 5.352149e+01 2.368382e+01 5.139600e+01
6t  1.367842e+03 4.026281e+02 2.035914e+02 4.069467e+02 1.910481e+02
7t  6.757840e+03 4.284457e+03 8.546752e+03 4.413756e+03 6.450225e+03
8t  1.202367e+01 7.906735e+00 5.995058e+00 6.807814e+00 4.998186e+00
9t  3.243202e+02 2.841371e+02 2.894996e+02 2.952612e+02 3.100002e+02
10t 4.381724e+01 3.378780e+01 2.888398e+01 3.145488e+01 2.606394e+01
11t 2.882433e+02 2.888366e+02 2.890310e+02 3.074203e+02 3.131076e+02
12t 1.413949e+04 3.042630e+02 2.111286e+04 2.524961e+03 1.923720e+04
13t 1.992197e+01 1.805562e+00 2.045881e+01 2.017288e+01 2.014523e+01
14t 2.119662e+01 2.107364e+01 2.099279e+01 2.115082e+01 2.097981e+01
15t 2.587501e+04 3.716240e+04 1.428179e+03 7.777591e+04 1.211805e+02
16t 2.642278e+02 4.851238e+01 6.240347e+01 8.474394e+01 4.722172e+01
17t 4.679415e+01 3.525151e+00 8.065723e+01 4.118395e+00 7.138806e+00
18t 5.141334e+00 1.013636e+00 2.863098e+00 1.041560e+00 9.148192e-01
19t 5.835462e+02 4.758607e+02 8.386197e+02 5.686434e+02 6.476086e+02
20t 2.997357e+02 2.538927e+02 3.780526e+02 3.906057e+02 3.573419e+02
21t 3.574369e+04 2.740830e+04 2.743909e+04 2.844452e+04 2.701236e+04
22t 3.630291e+04 2.862050e+04 2.997434e+04 2.869099e+04 2.831068e+04
23t 5.195067e+01 4.894858e+01 6.420123e+01 5.409357e+01 5.527018e+01
24t 3.613967e+00 8.121189e-01 9.240453e-01 6.035031e-01 7.664681e-01
25t 6.074388e-01 7.371682e-01 6.279263e-01 5.845107e-01 8.169033e-01
26t 3.148056e-01 3.810597e-01 3.559279e-01 3.454294e-01 4.413149e-01
27t 1.093203e+02 8.240223e+01 1.170773e+02 9.298619e+01 8.592043e+01
28t 1.438543e+06 1.571204e+05 6.717369e+05 3.005499e+02 2.355537e+02
29t 3.253506e+02 3.220335e+02 3.882191e+02 3.155138e+02 3.767521e+02
30t 2.068151e+01 1.413671e+01 1.498691e+01 1.294908e+01 9.320526e+00
31t 2.214565e+02 2.007372e+02 2.244191e+02 1.835804e+02 1.521846e+02
32t 4.254172e+02 3.489463e+02 3.601872e+02 3.779600e+02 6.533971e+02
33t 1.218686e+02 1.157996e+02 1.564570e+02 1.218095e+02 1.317869e+02
34t 3.775057e+01 2.908579e+01 3.145491e+01 2.896040e+01 2.599870e+01
35t 1.321350e+04 1.240877e+04 1.305018e+04 1.311498e+04 1.355765e+04
36t 4.257491e+05 2.259108e+05 2.501519e+05 2.770932e+05 2.069427e+05
37t 6.196976e+01 6.265575e+01 5.697993e+01 6.094119e+01 5.729838e+01
38t 2.534905e+05 2.592287e+05 3.418924e+05 2.654358e+05 2.417136e+05
39t 3.318751e+02 6.719649e+00 6.492981e+00 5.200953e+00 5.883671e+00
40t 1.337142e+02 3.840553e+01 1.036930e+02 5.356142e+01 2.635159e+02
41t 4.603961e+02 4.524239e+02 4.483036e+02 4.507692e+02 4.463024e+02
42t 3.126519e+02 3.283394e+02 3.403031e+02 3.127649e+02 3.110440e+02
43t 4.525031e+02 3.822276e+02 4.347916e+02 4.341282e+02 4.387191e+02
44t 9.851209e+02 9.298434e+02 1.008411e+03 9.565302e+02 9.292422e+02
45t 1.000584e+03 9.319082e+02 9.530932e+02 9.322728e+02 9.339626e+02
46t 9.417209e+02 9.286528e+02 1.152089e+03 9.549354e+02 9.293222e+02
47t 6.436534e+02 9.209859e+02 5.408565e+02 1.028433e+03 5.307293e+02
48t 1.021036e+03 9.966381e+02 1.010949e+03 9.776289e+02 1.076264e+03
49t 1.023226e+03 1.024098e+03 1.202539e+03 1.022321e+03 5.499754e+02
50t 1.069606e+03 9.935775e+02 1.226333e+03 1.106048e+03 1.280344e+03
             356          357          358          359          360
1t  1.669802e+00 1.600760e+00 1.647324e+00 1.556021e+00 1.329438e+00
2t  9.723964e+06 1.086487e+07 2.904051e+07 1.168844e+07 1.667183e+07
3t  2.448706e+06 2.610969e+06 3.351142e+06 1.766302e+06 2.418448e+06
4t  1.105733e+05 9.307525e+04 1.277427e+05 1.044804e+05 1.103405e+05
5t  4.408948e+01 4.120463e+01 3.320085e+01 3.830544e+01 3.809482e+01
6t  2.324408e+02 7.786814e+01 3.025612e+02 2.146460e+02 2.794610e+02
7t  3.843790e+03 4.136757e+03 4.206652e+03 5.727635e+03 3.019828e+03
8t  6.898677e+00 6.567634e+00 7.306853e+00 6.651594e+00 6.554367e+00
9t  2.619470e+02 3.004841e+02 2.981341e+02 3.043333e+02 2.978699e+02
10t 3.087085e+01 3.334295e+01 3.095723e+01 3.005089e+01 2.922577e+01
11t 2.805099e+02 2.897434e+02 2.897146e+02 2.932702e+02 2.804047e+02
12t 1.377737e+04 1.154543e+04 3.209790e+02 2.222279e+04 1.854048e+03
13t 1.778268e+00 2.016981e+01 2.009255e+01 1.489105e+00 1.628603e+00
14t 2.104174e+01 2.097105e+01 2.112909e+01 2.102448e+01 2.118108e+01
15t 4.322236e+02 2.436082e+02 2.376668e+02 1.979577e+02 4.204907e+03
16t 4.981497e+01 1.020114e+02 4.847585e+01 1.012350e+02 4.932188e+01
17t 2.254681e+00 1.698739e+00 6.252016e+00 1.487171e+00 1.175761e+00
18t 1.006753e+00 9.845782e-01 1.008424e+00 9.711046e-01 9.417349e-01
19t 4.028597e+02 5.870677e+02 4.410090e+02 5.602598e+02 5.906626e+02
20t 3.330972e+02 3.318938e+02 3.147901e+02 3.177088e+02 2.481552e+02
21t 2.813339e+04 2.741807e+04 2.805270e+04 2.845677e+04 2.773039e+04
22t 2.868565e+04 2.856549e+04 2.869797e+04 2.875066e+04 2.801152e+04
23t 4.885199e+01 3.633930e+01 4.781951e+01 5.851645e+01 5.000194e+01
24t 6.987736e-01 7.089590e-01 6.681094e-01 8.185706e-01 7.810297e-01
25t 6.174439e-01 8.370882e-01 5.110266e-01 6.730405e-01 4.933409e-01
26t 3.192859e-01 2.977900e-01 3.031234e-01 3.471866e-01 2.751931e-01
27t 9.211278e+01 9.338104e+01 1.024185e+02 9.670153e+01 9.651995e+01
28t 2.520885e+02 2.760355e+02 1.195192e+05 2.748903e+02 2.712182e+02
29t 3.455192e+02 3.558233e+02 3.492241e+02 3.637678e+02 3.132274e+02
30t 1.073062e+01 1.053166e+01 1.241326e+01 1.190844e+01 1.169202e+01
31t 2.112020e+02 2.041195e+02 2.223975e+02 2.049933e+02 1.799820e+02
32t 3.426718e+02 3.686289e+02 3.314975e+02 3.403477e+02 2.938321e+02
33t 1.084020e+02 1.402901e+02 1.281096e+02 1.339963e+02 1.302035e+02
34t 2.893681e+01 3.232138e+01 2.657371e+01 2.761878e+01 2.525291e+01
35t 1.241608e+04 1.303946e+04 1.275786e+04 1.268524e+04 1.291921e+04
36t 2.566774e+05 2.023504e+05 2.595237e+05 1.944898e+05 2.134531e+05
37t 6.077329e+01 5.858202e+01 6.129309e+01 5.933308e+01 6.144333e+01
38t 2.816373e+05 2.508309e+05 3.812681e+05 2.578040e+05 2.688079e+05
39t 5.477847e+00 6.551053e+00 5.472976e+00 5.735201e+00 5.758859e+00
40t 4.846928e+01 4.958218e+01 6.174185e+01 6.368319e+01 8.932386e+01
41t 4.504695e+02 4.495551e+02 4.493333e+02 4.493210e+02 4.491565e+02
42t 2.854566e+02 3.445783e+02 3.154992e+02 2.892549e+02 3.264762e+02
43t 4.048893e+02 3.600639e+02 4.405293e+02 3.486817e+02 3.182490e+02
44t 9.289252e+02 9.316930e+02 9.569826e+02 9.337597e+02 9.266727e+02
45t 9.344754e+02 9.400532e+02 9.552194e+02 9.553911e+02 9.397115e+02
46t 9.295302e+02 9.514066e+02 9.364146e+02 9.372971e+02 9.352158e+02
47t 1.025604e+03 5.489458e+02 9.177619e+02 1.030471e+03 1.025926e+03
48t 9.830462e+02 9.912478e+02 9.558219e+02 9.967842e+02 1.011300e+03
49t 1.026945e+03 1.028507e+03 1.023441e+03 1.029906e+03 5.687586e+02
50t 1.159575e+03 9.726304e+02 1.087094e+03 1.217992e+03 1.172157e+03
             361          362          363          364          365
1t  1.386903e+00 1.267392e+00 1.413762e+00 1.285966e+00 1.271851e+00
2t  1.240962e+07 1.156616e+07 3.296721e+07 3.459711e+07 1.147509e+07
3t  2.181778e+06 1.926158e+06 2.707799e+06 4.120873e+06 2.009259e+06
4t  1.268244e+05 1.220829e+05 1.113037e+05 1.048277e+05 1.014726e+05
5t  2.746233e+01 3.914750e+01 3.340202e+01 5.687502e+01 3.685432e+01
6t  5.816354e+01 6.108892e+01 6.333853e+02 4.251037e+02 2.173064e+02
7t  4.826430e+03 4.280827e+03 4.116935e+03 4.480625e+03 3.125693e+03
8t  6.849789e+00 5.400582e+00 6.070619e+00 5.650589e+00 6.313295e+00
9t  2.459583e+02 2.859599e+02 2.862960e+02 3.171019e+02 2.928432e+02
10t 2.940179e+01 2.891942e+01 2.600615e+01 2.859608e+01 2.922193e+01
11t 2.815386e+02 3.110998e+02 2.712442e+02 2.873827e+02 2.894826e+02
12t 1.427325e+04 7.077862e+03 1.306457e+04 9.532573e+03 1.707054e+04
13t 1.650052e+00 1.540124e+00 1.981146e+01 1.995346e+01 1.557352e+00
14t 2.103467e+01 2.105762e+01 2.116443e+01 2.097878e+01 2.100387e+01
15t 2.059838e+02 1.943622e+02 2.437100e+04 3.636728e+04 1.888216e+02
16t 4.665370e+01 4.776136e+01 5.672392e+01 9.059724e+01 7.964429e+01
17t 6.065447e-01 1.856836e+00 3.473244e+00 1.740117e+01 1.198451e+00
18t 9.768351e-01 9.525407e-01 1.134852e+00 1.041707e+00 9.709567e-01
19t 4.719446e+02 5.420740e+02 5.902561e+02 6.034976e+02 5.105597e+02
20t 2.898933e+02 3.366070e+02 3.503308e+02 3.395458e+02 3.401626e+02
21t 2.739218e+04 2.898501e+04 2.800552e+04 2.798765e+04 2.829095e+04
22t 2.914704e+04 2.776246e+04 2.838715e+04 2.850898e+04 2.817631e+04
23t 5.958028e+01 5.501222e+01 5.323417e+01 5.993126e+01 5.042695e+01
24t 7.701339e-01 7.478797e-01 1.091064e+00 8.390461e-01 9.386301e-01
25t 6.423839e-01 8.077490e-01 6.908575e-01 7.523258e-01 8.530946e-01
26t 3.663054e-01 2.795059e-01 2.902450e-01 3.197765e-01 3.488350e-01
27t 9.134496e+01 8.467001e+01 9.131049e+01 9.701607e+01 8.370090e+01
28t 2.260053e+02 2.536302e+02 2.183308e+02 2.624037e+05 2.739110e+02
29t 3.534087e+02 2.979954e+02 3.455065e+02 3.548553e+02 3.350240e+02
30t 1.093866e+01 1.110532e+01 1.108824e+01 1.299747e+01 1.369019e+01
31t 1.902062e+02 1.855290e+02 1.602756e+02 1.930096e+02 1.595329e+02
32t 3.195450e+02 3.616635e+02 3.321216e+02 7.012079e+02 5.608104e+02
33t 1.030907e+02 1.325223e+02 1.202608e+02 1.318004e+02 1.300641e+02
34t 2.957221e+01 2.658116e+01 2.438047e+01 2.824966e+01 2.613197e+01
35t 1.280532e+04 1.287932e+04 1.295129e+04 1.269461e+04 1.291311e+04
36t 2.029820e+05 2.335693e+05 1.703342e+05 2.188949e+05 2.365995e+05
37t 5.602304e+01 5.579374e+01 6.266161e+01 5.789771e+01 5.769279e+01
38t 2.514193e+05 2.615940e+05 2.399333e+05 1.934112e+05 2.268938e+05
39t 5.433094e+00 5.653129e+00 6.109181e+00 5.483814e+00 5.483421e+00
40t 4.824333e+01 6.117870e+01 1.103353e+02 1.217911e+02 6.010435e+01
41t 4.495666e+02 4.481901e+02 4.487256e+02 4.477050e+02 4.487665e+02
42t 2.936175e+02 3.092680e+02 3.901809e+02 3.295128e+02 2.839497e+02
43t 4.360801e+02 4.348359e+02 4.465977e+02 4.051312e+02 4.354942e+02
44t 9.330267e+02 9.452280e+02 9.421554e+02 9.319851e+02 9.231893e+02
45t 9.336206e+02 9.347760e+02 9.413420e+02 9.391455e+02 9.366846e+02
46t 9.319938e+02 9.228872e+02 9.382018e+02 9.431325e+02 9.233953e+02
47t 1.028684e+03 1.029580e+03 5.459333e+02 1.031963e+03 1.031511e+03
48t 9.920154e+02 9.782638e+02 1.051443e+03 1.026587e+03 1.006081e+03
49t 1.028083e+03 1.031408e+03 1.025274e+03 1.041927e+03 5.642747e+02
50t 1.053416e+03 1.235599e+03 1.267721e+03 1.204860e+03 1.240421e+03
             366          367          368          369          370
1t  1.414288e+00 1.483566e+00 1.612727e+00 2.495223e+00 2.249512e+01
2t  1.185531e+07 1.967271e+07 1.530556e+07 1.887941e+07 3.251186e+07
3t  2.938802e+06 2.054517e+06 2.576144e+06 3.394045e+06 1.798237e+07
4t  8.521867e+04 1.333055e+05 1.199980e+05 1.193381e+05 1.080994e+05
5t  1.941374e+01 3.832113e+01 3.554931e+01 8.597817e+00 3.463370e+01
6t  5.403734e+01 7.521959e+02 7.311256e+01 7.137750e+02 1.443329e+03
7t  3.265009e+03 5.453680e+03 4.104405e+03 3.716189e+03 5.567833e+03
8t  7.342839e+00 5.892433e+00 6.618632e+00 7.836919e+00 6.164290e+00
9t  2.712125e+02 2.722891e+02 2.962081e+02 1.866315e+02 2.743207e+02
10t 3.441255e+01 2.913865e+01 3.074709e+01 3.480031e+01 2.773660e+01
11t 2.978113e+02 2.846224e+02 3.144503e+02 2.692859e+02 2.856299e+02
12t 5.181392e+02 5.420127e+03 1.676020e+04 1.048538e+03 3.439114e+03
13t 1.869497e+00 1.586684e+00 1.590518e+00 2.141625e+00 4.165842e+00
14t 2.094014e+01 2.104811e+01 2.104579e+01 2.111100e+01 2.101962e+01
15t 2.728761e+02 3.610298e+03 3.396260e+03 3.605177e+02 3.531424e+04
16t 4.849505e+01 4.897004e+01 4.804310e+01 4.937172e+01 9.492013e+01
17t 8.345145e-02 1.137164e+00 4.187871e-01 1.030212e+00 1.731188e+00
18t 9.930495e-01 9.940513e-01 9.598647e-01 1.031093e+00 2.912965e+00
19t 4.425821e+02 5.087509e+02 5.158346e+02 4.619249e+02 6.019098e+02
20t 2.724201e+02 3.406364e+02 2.878359e+02 3.199183e+02 3.147058e+02
21t 2.809646e+04 2.781565e+04 2.836854e+04 2.768043e+04 2.779182e+04
22t 2.878062e+04 2.807054e+04 2.886382e+04 2.865593e+04 2.807477e+04
23t 5.108077e+01 5.408114e+01 5.418515e+01 4.442742e+01 4.728089e+01
24t 3.656599e-01 1.190579e+00 8.520871e-01 6.307111e-01 1.075934e+00
25t 4.740856e-01 6.259326e-01 8.202594e-01 4.298183e-01 6.037916e-01
26t 2.797153e-01 3.068419e-01 3.253074e-01 3.365353e-01 3.279810e-01
27t 8.742992e+01 8.070601e+01 9.416773e+01 7.052094e+01 8.354298e+01
28t 2.380316e+02 2.263544e+02 2.718897e+02 2.693056e+02 1.337552e+04
29t 2.530625e+02 3.601617e+02 3.330337e+02 2.902361e+02 3.718798e+02
30t 1.261878e+01 1.245740e+01 1.289470e+01 1.218392e+01 1.461272e+01
31t 1.855720e+02 1.796569e+02 2.010598e+02 1.774773e+02 1.666802e+02
32t 3.544341e+02 2.806227e+02 5.865164e+02 3.716498e+02 6.228639e+02
33t 9.760101e+01 1.131188e+02 1.118105e+02 1.049908e+02 1.164323e+02
34t 2.664967e+01 2.886865e+01 3.295790e+01 2.941064e+01 2.818198e+01
35t 1.272933e+04 1.280284e+04 1.278035e+04 1.243733e+04 1.275897e+04
36t 2.918234e+05 2.016529e+05 2.316907e+05 2.503819e+05 1.733099e+05
37t 5.701895e+01 6.147226e+01 5.559362e+01 6.125818e+01 5.926472e+01
38t 2.282488e+05 2.539949e+05 2.072404e+05 2.467536e+05 2.223279e+05
39t 4.436875e+00 6.274233e+00 5.948401e+00 5.763081e+00 9.881077e+00
40t 3.307743e+01 7.023810e+01 5.452704e+01 2.117655e+01 8.439489e+01
41t 4.503709e+02 4.487003e+02 4.493948e+02 4.519734e+02 4.489833e+02
42t 2.614870e+02 2.866169e+02 3.218718e+02 2.990035e+02 3.118106e+02
43t 4.407453e+02 4.181635e+02 4.373943e+02 3.274305e+02 4.355248e+02
44t 9.392533e+02 9.453304e+02 9.323565e+02 9.258106e+02 9.348028e+02
45t 9.323606e+02 9.420058e+02 9.416404e+02 9.333410e+02 9.332797e+02
46t 9.309874e+02 9.307665e+02 9.353817e+02 9.219655e+02 9.367922e+02
47t 1.026494e+03 5.416635e+02 1.026450e+03 1.036559e+03 5.414381e+02
48t 9.690621e+02 9.731618e+02 1.000604e+03 9.282323e+02 9.961662e+02
49t 1.029951e+03 1.022835e+03 1.019009e+03 1.022114e+03 1.025198e+03
50t 1.153130e+03 1.116811e+03 1.028666e+03 1.175842e+03 1.256351e+03
             371          372          373          374          375
1t  3.107206e+00 5.475268e+00 5.346397e+00 2.515130e+00 4.412980e+00
2t  6.186180e+06 9.969438e+06 1.172181e+07 1.034822e+07 1.141440e+07
3t  5.756270e+06 8.451608e+06 8.539760e+06 3.836111e+06 7.854557e+06
4t  1.371916e+05 1.385120e+05 1.352595e+05 1.186437e+05 1.364977e+05
5t  3.231899e+01 3.478825e+01 4.502943e+01 4.217434e+01 2.190052e+01
6t  3.386571e+02 9.653823e+01 3.820770e+02 3.851315e+02 4.298762e+02
7t  3.743339e+03 2.539315e+03 3.824882e+03 5.464877e+03 5.017659e+03
8t  9.674135e+00 1.330645e+01 1.178999e+01 6.398093e+00 1.171483e+01
9t  2.632445e+02 3.079783e+02 3.122524e+02 2.532228e+02 1.121910e+02
10t 3.878777e+01 4.397937e+01 4.686231e+01 3.427127e+01 4.725118e+01
11t 2.655890e+02 2.832190e+02 3.010818e+02 2.770141e+02 2.420135e+02
12t 7.599359e+03 9.899454e+03 1.639313e+04 3.862400e+03 5.569334e+03
13t 2.368357e+00 1.980733e+01 1.965897e+01 2.089850e+00 2.675027e+00
14t 2.110043e+01 2.115357e+01 2.119560e+01 2.116987e+01 2.117427e+01
15t 4.179786e+02 7.114288e+02 8.140252e+02 3.143256e+02 1.043260e+03
16t 4.935178e+01 4.947591e+01 4.960037e+01 4.924979e+01 4.903686e+01
17t 1.287569e-01 1.889297e-01 2.118131e-01 6.556760e-02 1.461728e-01
18t 1.042689e+00 1.080664e+00 1.095751e+00 1.021372e+00 1.064678e+00
19t 4.749123e+02 3.862184e+02 4.514756e+02 4.641187e+02 4.397987e+02
20t 3.879631e+02 3.431351e+02 3.041961e+02 3.664588e+02 2.783956e+02
21t 3.061853e+04 3.217573e+04 3.436119e+04 2.959273e+04 3.216959e+04
22t 3.448755e+04 3.275946e+04 3.495720e+04 3.392256e+04 3.220919e+04
23t 4.587739e+01 5.888875e+01 5.146442e+01 4.876303e+01 5.049428e+01
24t 3.397078e+00 3.154993e+00 3.734455e+00 3.490355e+00 3.517482e+00
25t 6.114942e-01 6.088628e-01 6.387632e-01 5.833238e-01 4.976477e-01
26t 2.770192e-01 2.867681e-01 3.084011e-01 2.922507e-01 2.835580e-01
27t 5.449489e+01 1.016346e+02 8.498858e+01 5.652193e+01 4.573464e+01
28t 3.486413e+02 5.597746e+02 5.751825e+02 3.263436e+02 4.581322e+02
29t 3.594035e+02 2.996467e+02 3.202484e+02 3.202056e+02 3.179327e+02
30t 1.661725e+01 1.954804e+01 1.869980e+01 1.423397e+01 1.960379e+01
31t 1.188249e+02 1.799764e+02 1.634552e+02 1.368207e+02 1.398257e+02
32t 3.296587e+02 6.233274e+02 3.577123e+02 3.300209e+02 3.457229e+02
33t 1.135448e+02 1.054011e+02 1.014367e+02 1.120241e+02 1.020594e+02
34t 3.365668e+01 3.779678e+01 4.120860e+01 3.354709e+01 4.033311e+01
35t 1.277228e+04 1.259611e+04 1.263813e+04 1.253180e+04 1.251707e+04
36t 3.583304e+05 4.711323e+05 4.996262e+05 3.746946e+05 5.702293e+05
37t 5.991957e+01 5.904454e+01 6.247751e+01 6.057240e+01 6.079583e+01
38t 2.126177e+05 2.092641e+05 1.691296e+05 1.913199e+05 2.186836e+05
39t 6.344859e+00 6.821747e+00 6.989201e+00 6.319187e+00 7.180739e+00
40t 4.955569e+01 1.600244e+01 3.543622e+01 4.731175e+01 2.730546e+01
41t 4.566056e+02 4.630380e+02 4.668417e+02 4.539952e+02 4.619236e+02
42t 2.757846e+02 2.643493e+02 2.869078e+02 2.881031e+02 2.600114e+02
43t 3.642168e+02 3.314831e+02 3.533499e+02 3.814816e+02 2.930516e+02
44t 9.376065e+02 9.555611e+02 9.368920e+02 9.329556e+02 9.331046e+02
45t 9.347580e+02 9.357115e+02 9.375425e+02 9.304439e+02 9.326924e+02
46t 9.325084e+02 9.614880e+02 9.347931e+02 9.377328e+02 9.242545e+02
47t 5.992071e+02 6.673053e+02 6.518495e+02 5.926687e+02 6.405212e+02
48t 9.674586e+02 9.516467e+02 9.611091e+02 9.759784e+02 9.390832e+02
49t 6.312421e+02 6.836183e+02 6.766451e+02 6.025928e+02 6.552219e+02
50t 1.193648e+03 9.722199e+02 1.143601e+03 1.209822e+03 1.146435e+03
             376          377          378          379          380
1t  3.531339e+00 1.630032e+00 1.811185e+00 2.477826e+00 2.876917e+00
2t  9.201807e+06 8.029186e+06 6.353349e+06 2.828871e+07 1.764804e+07
3t  6.584622e+06 1.903727e+06 2.577741e+06 4.429144e+06 5.516070e+06
4t  1.314986e+05 1.536232e+05 1.306720e+05 1.103603e+05 1.247078e+05
5t  4.337129e+01 4.012442e+01 3.243686e+01 4.617794e+00 2.135303e+01
6t  4.614230e+02 3.221938e+02 5.391750e+02 6.026450e+02 1.046312e+03
7t  4.955400e+03 5.194979e+03 7.404444e+03 2.898008e+03 4.327655e+03
8t  1.149033e+01 7.175140e+00 6.916190e+00 7.744918e+00 7.968391e+00
9t  2.931997e+02 3.032556e+02 2.740949e+02 2.135226e+02 2.708890e+02
10t 3.990254e+01 2.942310e+01 3.189250e+01 3.159888e+01 3.471973e+01
11t 2.569271e+02 3.064351e+02 2.881147e+02 2.672111e+02 2.564093e+02
12t 1.417360e+04 7.318640e+03 5.899115e+03 3.711877e+02 1.157823e+03
13t 2.576540e+00 1.612616e+00 1.911596e+00 1.984695e+00 1.987672e+00
14t 2.116655e+01 2.117374e+01 2.119058e+01 2.106854e+01 2.113578e+01
15t 4.890632e+02 5.500351e+02 2.690196e+02 3.132658e+02 7.458355e+02
16t 4.938339e+01 4.924777e+01 4.920748e+01 4.947414e+01 5.235991e+01
17t 1.418905e-01 6.135887e-02 5.544541e-02 1.200419e+00 1.163724e+00
18t 1.059876e+00 9.262655e-01 9.969112e-01 1.037784e+00 1.059438e+00
19t 4.656401e+02 6.654125e+02 4.753420e+02 4.421002e+02 3.792411e+02
20t 3.557490e+02 3.043618e+02 4.659898e+02 2.596836e+02 2.863584e+02
21t 3.137128e+04 3.256577e+04 3.274507e+04 2.721415e+04 2.862776e+04
22t 3.457645e+04 3.391628e+04 3.487398e+04 2.874896e+04 2.860656e+04
23t 4.316282e+01 5.208213e+01 5.633285e+01 4.758758e+01 4.723389e+01
24t 3.276505e+00 3.285413e+00 3.262604e+00 7.162788e-01 1.072300e+00
25t 4.929035e-01 6.106709e-01 6.638108e-01 4.574656e-01 4.458637e-01
26t 3.031676e-01 2.924636e-01 2.797256e-01 3.225022e-01 2.582616e-01
27t 6.295531e+01 6.571841e+01 8.587382e+01 6.961849e+01 7.375959e+01
28t 3.713398e+02 2.638511e+02 2.641404e+02 2.927160e+02 3.182843e+02
29t 3.482115e+02 3.940574e+02 3.378598e+02 3.040398e+02 2.459691e+02
30t 1.967347e+01 1.441686e+01 1.304658e+01 1.371494e+01 1.325353e+01
31t 1.660439e+02 1.368120e+02 1.316625e+02 1.788995e+02 1.702663e+02
32t 3.425216e+02 2.976758e+02 3.552081e+02 3.174058e+02 3.246607e+02
33t 1.085806e+02 1.285065e+02 1.148292e+02 1.002664e+02 1.060511e+02
34t 3.564911e+01 3.240178e+01 2.892769e+01 3.241555e+01 3.186849e+01
35t 1.249324e+04 1.295405e+04 1.244295e+04 1.261502e+04 1.246309e+04
36t 6.719841e+05 2.398422e+05 2.285165e+05 2.732616e+05 2.420811e+05
37t 6.052348e+01 6.229154e+01 6.018114e+01 6.152703e+01 6.152189e+01
38t 1.603134e+05 1.971040e+05 1.873781e+05 3.262198e+05 2.214452e+05
39t 6.689151e+00 6.618987e+00 5.448622e+00 6.167229e+00 6.310791e+00
40t 3.950962e+01 1.006683e+02 9.946595e+01 2.553084e+01 3.969181e+01
41t 4.608137e+02 4.509750e+02 4.492814e+02 4.520654e+02 4.517590e+02
42t 2.783718e+02 3.147477e+02 3.259331e+02 2.671776e+02 2.717115e+02
43t 3.695116e+02 4.149420e+02 4.096617e+02 3.305651e+02 3.350542e+02
44t 9.405818e+02 9.339970e+02 9.371913e+02 9.322879e+02 9.386239e+02
45t 9.339709e+02 9.333993e+02 9.835361e+02 9.366038e+02 9.330482e+02
46t 9.353283e+02 9.371481e+02 9.241735e+02 9.230516e+02 9.250177e+02
47t 6.338229e+02 5.602642e+02 5.599692e+02 1.023817e+03 1.027486e+03
48t 9.561157e+02 1.026677e+03 9.436065e+02 9.283835e+02 9.755488e+02
49t 6.492635e+02 5.809429e+02 5.820562e+02 1.022317e+03 1.026004e+03
50t 1.173402e+03 1.285641e+03 1.270660e+03 1.080162e+03 1.057592e+03
             381          382          383          384          385
1t  1.833292e+00 1.634571e+00 2.515428e+00 3.185145e+00 1.762197e+00
2t  7.313387e+06 6.136304e+06 2.872021e+07 1.372130e+07 1.994278e+07
3t  2.695613e+06 2.612036e+06 3.847786e+06 6.105051e+06 2.591852e+06
4t  1.385256e+05 1.350361e+05 1.256141e+05 1.185183e+05 1.280237e+05
5t  4.081904e+01 4.419328e+01 7.603373e+00 1.628144e+01 1.124333e+01
6t  1.916633e+02 4.212056e+02 6.824445e+02 3.463665e+02 3.237733e+02
7t  5.307874e+03 5.793443e+03 3.177309e+03 3.503469e+03 3.785345e+03
8t  7.468034e+00 7.039349e+00 7.720734e+00 1.070817e+01 7.001025e+00
9t  2.903397e+02 3.001935e+02 2.584671e+02 6.833133e+01 1.800791e+02
10t 3.206391e+01 3.180707e+01 3.292503e+01 4.192202e+01 3.219578e+01
11t 2.838783e+02 2.807176e+02 2.561552e+02 5.055208e+01 2.073975e+02
12t 3.000771e+03 7.741817e+03 3.355125e+02 8.451946e+02 4.247939e+02
13t 1.567343e+00 1.772691e+00 1.877236e+00 2.422560e+00 1.775590e+00
14t 2.115523e+01 2.119978e+01 2.114316e+01 2.115145e+01 2.112436e+01
15t 2.618775e+02 2.050276e+02 3.780621e+02 6.756624e+02 4.442348e+02
16t 4.926766e+01 4.918403e+01 4.959181e+01 4.933519e+01 4.889886e+01
17t 6.850374e-02 5.418057e-02 1.085325e+00 1.208410e-01 4.271107e-01
18t 9.915352e-01 9.959851e-01 1.035658e+00 1.055204e+00 1.002371e+00
19t 5.287772e+02 5.177713e+02 4.702692e+02 3.833185e+02 4.173955e+02
20t 3.271535e+02 4.860530e+02 2.727524e+02 2.576697e+02 2.098268e+02
21t 3.194699e+04 3.389722e+04 2.768584e+04 3.025210e+04 2.763009e+04
22t 3.377193e+04 3.478466e+04 2.759159e+04 3.139912e+04 2.887816e+04
23t 4.406401e+01 5.901120e+01 4.130025e+01 4.273239e+01 4.860203e+01
24t 2.969839e+00 3.631072e+00 7.406091e-01 3.734455e+00 7.754334e-01
25t 5.531825e-01 6.334492e-01 5.416639e-01 5.911775e-01 4.596838e-01
26t 2.984871e-01 2.821747e-01 3.149887e-01 2.876609e-01 2.843109e-01
27t 6.014504e+01 6.128753e+01 5.776199e+01 2.689020e+01 7.405320e+01
28t 2.661782e+02 2.551534e+02 3.785106e+02 3.543728e+02 2.403958e+02
29t 3.296574e+02 3.442840e+02 3.132032e+02 2.788131e+02 2.662904e+02
30t 1.259882e+01 1.223813e+01 1.312608e+01 1.634390e+01 1.283385e+01
31t 1.350530e+02 1.557225e+02 1.370622e+02 1.320118e+02 1.136464e+02
32t 3.311131e+02 3.029621e+02 4.515156e+02 3.128522e+02 3.444149e+02
33t 1.176554e+02 1.228597e+02 1.042314e+02 1.125111e+02 1.035386e+02
34t 2.804430e+01 2.898080e+01 2.684349e+01 3.356655e+01 2.646497e+01
35t 1.270863e+04 1.264635e+04 1.261321e+04 1.262086e+04 1.255505e+04
36t 2.696993e+05 2.079863e+05 2.527923e+05 4.814512e+05 2.666288e+05
37t 6.038356e+01 5.909254e+01 5.835480e+01 6.067043e+01 5.929910e+01
38t 2.047113e+05 1.630212e+05 2.611933e+05 2.086208e+05 2.330412e+05
39t 5.431648e+00 5.643139e+00 6.350221e+00 6.986692e+00 6.018110e+00
40t 5.585554e+01 1.169571e+02 3.534091e+01 1.811069e+01 2.984943e+01
41t 4.522686e+02 4.507649e+02 4.513762e+02 4.566232e+02 4.504245e+02
42t 2.954278e+02 2.891188e+02 2.903226e+02 2.628423e+02 2.774586e+02
43t 3.869376e+02 4.474079e+02 3.423746e+02 2.993493e+02 4.210487e+02
44t 9.285273e+02 9.319745e+02 9.218004e+02 9.225482e+02 9.234825e+02
45t 9.268332e+02 9.696649e+02 9.269500e+02 9.235110e+02 9.357365e+02
46t 9.359537e+02 9.305159e+02 9.239467e+02 9.215270e+02 9.307456e+02
47t 5.648608e+02 5.553194e+02 1.021382e+03 6.138214e+02 1.025902e+03
48t 9.619729e+02 9.890102e+02 9.570531e+02 9.567447e+02 9.701429e+02
49t 5.853020e+02 5.747731e+02 1.024042e+03 6.333273e+02 1.021146e+03
50t 1.221075e+03 1.288691e+03 1.188491e+03 1.152464e+03 1.160938e+03
             386          387          388          389          390
1t  1.793803e+00 1.918039e+00 3.402361e+00 2.343823e+00 1.216061e+00
2t  8.024478e+06 8.878035e+06 1.220238e+07 1.856507e+07 1.499957e+07
3t  3.154412e+06 3.263106e+06 5.316864e+06 4.589197e+06 1.748704e+06
4t  1.042804e+05 1.009419e+05 1.062429e+05 1.078070e+05 1.519884e+05
5t  1.084176e+01 1.188765e+01 8.128744e+00 1.155222e+01 5.811005e+01
6t  2.358427e+02 4.447909e+02 8.731844e+02 6.392344e+02 7.889692e+01
7t  3.136883e+03 2.726010e+03 2.716255e+03 3.415183e+03 6.089338e+03
8t  7.773226e+00 7.108802e+00 8.906776e+00 7.639366e+00 5.695957e+00
9t  2.755315e+02 2.083669e+02 2.042849e+02 2.212781e+02 2.795105e+02
10t 3.162623e+01 3.307568e+01 3.531396e+01 3.428502e+01 2.635504e+01
11t 2.371319e+02 2.283644e+02 1.225967e+02 2.190884e+02 2.776071e+02
12t 3.105918e+02 3.741265e+02 3.194749e+02 2.731070e+02 2.085302e+04
13t 1.958771e+00 1.858368e+00 2.208848e+00 1.963345e+00 2.003300e+01
14t 2.095513e+01 2.108836e+01 2.101988e+01 2.114924e+01 2.114442e+01
15t 2.686654e+02 4.363418e+02 5.702774e+02 3.424840e+02 2.243131e+02
16t 4.887851e+01 4.792813e+01 5.021658e+01 5.868589e+01 1.045106e+02
17t 1.185161e-01 7.201076e-01 1.172226e+00 1.087045e+00 9.103093e+01
18t 1.016930e+00 1.005120e+00 1.055290e+00 1.035572e+00 9.388243e-01
19t 4.159570e+02 4.115430e+02 3.889398e+02 4.453913e+02 9.611717e+02
20t 2.099838e+02 2.987128e+02 2.182871e+02 2.003349e+02 3.628958e+02
21t 2.774745e+04 2.614276e+04 2.670954e+04 2.770090e+04 2.859118e+04
22t 2.915258e+04 2.758732e+04 2.810860e+04 2.803668e+04 2.792186e+04
23t 5.417897e+01 4.670949e+01 4.016098e+01 4.630553e+01 6.540347e+01
24t 5.968746e-01 8.096573e-01 8.142698e-01 1.098020e+00 1.114810e+00
25t 5.290339e-01 6.214970e-01 5.927207e-01 6.072875e-01 6.737281e-01
26t 3.291121e-01 3.502651e-01 3.273786e-01 3.242191e-01 3.414270e-01
27t 8.366243e+01 8.821593e+01 7.292815e+01 4.880602e+01 7.511564e+01
28t 2.865207e+02 2.917463e+02 3.639810e+02 2.906683e+02 2.887266e+04
29t 2.983643e+02 2.973851e+02 2.875924e+02 3.061627e+02 3.237296e+02
30t 1.288442e+01 1.387446e+01 1.481139e+01 1.287013e+01 1.675821e+01
31t 1.801729e+02 1.434163e+02 1.286914e+02 1.499530e+02 1.961090e+02
32t 3.987691e+02 2.869559e+02 3.357586e+02 3.748317e+02 3.637367e+02
33t 9.274111e+01 1.070637e+02 1.036188e+02 1.079234e+02 1.313493e+02
34t 2.652573e+01 2.701820e+01 3.097728e+01 2.795811e+01 3.003763e+01
35t 1.265053e+04 1.262406e+04 1.251461e+04 1.241370e+04 1.357333e+04
36t 3.162861e+05 2.212796e+05 3.428684e+05 2.283994e+05 2.149065e+05
37t 6.050139e+01 5.956775e+01 6.295001e+01 6.143801e+01 6.195227e+01
38t 2.515227e+05 2.637765e+05 2.788587e+05 1.754883e+05 1.945782e+05
39t 5.666221e+00 5.850578e+00 6.874506e+00 6.144183e+00 5.783953e+00
40t 4.245506e+01 3.218196e+01 2.897970e+01 2.526890e+01 2.698228e+02
41t 4.509650e+02 4.508063e+02 4.549925e+02 4.520041e+02 4.472933e+02
42t 2.937395e+02 2.994967e+02 2.627781e+02 3.207628e+02 4.044799e+02
43t 3.570016e+02 3.271922e+02 3.610334e+02 3.503393e+02 4.343745e+02
44t 9.280733e+02 9.280518e+02 9.272409e+02 9.257747e+02 1.016773e+03
45t 9.310823e+02 9.315755e+02 9.282438e+02 9.310850e+02 1.020705e+03
46t 9.294027e+02 9.248076e+02 9.240691e+02 9.267036e+02 1.004334e+03
47t 1.024894e+03 1.021108e+03 1.021442e+03 1.022705e+03 1.202580e+03
48t 9.715801e+02 9.295840e+02 9.386485e+02 9.327847e+02 1.187580e+03
49t 1.020776e+03 1.019834e+03 1.027583e+03 1.021245e+03 5.600594e+02
50t 1.067258e+03 1.194639e+03 1.056089e+03 1.108068e+03 1.283719e+03
             391          392          393          394          395
1t  1.064086e+00 6.943329e-01 3.726419e+00 1.506010e+00 4.151623e+00
2t  3.182229e+06 3.724656e+06 1.079669e+07 5.220204e+06 2.762368e+07
3t  1.377630e+06 9.190966e+05 5.477248e+06 2.519670e+06 4.300202e+07
4t  3.131083e+05 1.855415e+05 1.052051e+05 9.181845e+04 1.135084e+05
5t  4.509374e+01 5.295609e+01 4.248762e+01 2.204559e+01 5.344428e+01
6t  2.384178e+01 2.305695e+01 3.386526e+02 4.982821e+00 1.076328e+03
7t  3.127996e+04 1.843709e+04 3.497900e+03 1.882115e+04 6.128849e+03
8t  6.191675e+00 4.399510e+00 1.113688e+01 7.171582e+00 5.361648e+00
9t  3.266927e+02 4.447710e+02 2.332755e+02 4.363822e+02 3.057142e+02
10t 2.886937e+01 2.055328e+01 3.988741e+01 3.089825e+01 2.557373e+01
11t 3.043298e+02 4.220562e+02 2.600623e+02 4.310443e+02 2.995266e+02
12t 1.711109e+04 2.375674e+04 1.015017e+04 4.695568e+03 1.636750e+04
13t 2.032311e+01 1.998307e+01 2.440327e+00 2.076824e+01 2.006107e+01
14t 2.103125e+01 2.117387e+01 2.112881e+01 2.118693e+01 2.098770e+01
15t 1.504168e+02 1.142901e+02 4.463106e+02 1.964819e+02 1.141391e+03
16t 4.926796e+01 4.924208e+01 4.939039e+01 4.904803e+01 6.468001e+01
17t 5.872306e+01 8.583052e+02 1.128965e-01 5.092022e+00 4.833834e+00
18t 8.816374e-01 6.907202e-01 1.054173e+00 9.752164e-01 2.340970e+00
19t 1.783088e+03 3.585725e+03 4.769493e+02 1.305793e+03 6.404921e+02
20t 5.251810e+02 5.249208e+02 3.063770e+02 5.943200e+02 3.645243e+02
21t 3.701868e+04 3.804694e+04 3.022968e+04 3.746339e+04 2.863081e+04
22t 3.096814e+04 3.889347e+04 3.167825e+04 3.709436e+04 2.883508e+04
23t 7.796983e+01 8.305283e+01 4.023331e+01 8.864544e+01 5.378839e+01
24t 2.335264e+00 3.734455e+00 3.397889e+00 4.753092e+00 1.070723e+00
25t 6.224939e-01 6.004618e-01 5.514853e-01 5.858545e-01 5.996947e-01
26t 2.920867e-01 2.798263e-01 3.129152e-01 2.990940e-01 3.310790e-01
27t 6.688590e+01 3.908389e+01 8.565359e+01 7.907195e+01 7.840397e+01
28t 1.637598e+02 1.312430e+02 3.807517e+02 2.121892e+02 1.886064e+05
29t 4.599874e+02 4.242159e+02 2.937641e+02 4.988453e+02 3.555124e+02
30t 1.441556e+01 1.122193e+01 1.662593e+01 8.306091e+02 1.927245e+01
31t 1.310591e+02 1.429859e+02 1.372791e+02 1.728048e+02 1.677619e+02
32t 4.499196e+02 3.221915e+02 3.265249e+02 5.415008e+02 3.145592e+02
33t 1.616982e+02 1.837938e+02 1.054967e+02 1.859418e+02 1.319931e+02
34t 3.516111e+01 2.933135e+01 3.498427e+01 3.950625e+01 2.492872e+01
35t 1.415271e+04 1.795026e+04 1.259105e+04 1.291416e+04 1.274498e+04
36t 2.763867e+05 1.178844e+05 4.250585e+05 1.870056e+05 1.545714e+05
37t 6.678575e+01 5.656808e+01 6.170861e+01 7.284781e+01 5.542358e+01
38t 2.223868e+05 3.648443e+05 1.947247e+05 3.196729e+05 1.983020e+05
39t 5.916170e+00 3.997308e+00 6.265234e+00 5.031357e+00 5.426075e+01
40t 3.281187e+02 1.405257e+03 2.800674e+01 5.328880e+01 1.396037e+02
41t 4.484057e+02 4.450417e+02 4.590184e+02 5.035932e+02 4.472430e+02
42t 5.252806e+02 4.035268e+02 2.980135e+02 3.402844e+02 4.227645e+02
43t 4.424686e+02 4.421207e+02 3.654527e+02 4.712293e+02 4.017458e+02
44t 9.403776e+02 9.275799e+02 9.346127e+02 9.310554e+02 9.390675e+02
45t 9.382355e+02 9.277162e+02 9.324406e+02 9.979830e+02 9.360204e+02
46t 9.411377e+02 9.243580e+02 9.366532e+02 9.389550e+02 9.339436e+02
47t 1.208406e+03 1.227711e+03 6.242849e+02 5.789021e+02 5.362125e+02
48t 1.157974e+03 1.427011e+03 9.758577e+02 1.050677e+03 1.043982e+03
49t 1.234697e+03 1.251428e+03 6.390910e+02 5.734680e+02 5.548911e+02
50t 1.295474e+03 1.379239e+03 1.127471e+03 1.193654e+03 1.316267e+03
             396          397          398          399          400
1t  9.654754e-01 8.103808e-01 7.885934e-01 7.728281e-01 6.716168e-01
2t  1.200595e+07 5.661083e+06 1.008050e+07 3.063308e+06 7.316415e+06
3t  1.112417e+06 1.197158e+06 1.491663e+06 1.050444e+06 1.378432e+06
4t  1.309144e+05 9.507526e+04 1.344286e+05 1.958051e+05 1.098644e+05
5t  5.536556e+01 4.008295e+01 5.139452e+01 5.284331e+01 4.505599e+01
6t  3.869924e+01 4.920296e+00 1.545944e+01 2.442366e+01 6.015517e+00
7t  7.443405e+03 8.094693e+03 8.324536e+03 1.514983e+04 6.331233e+03
8t  4.799950e+00 4.997849e+00 5.250601e+00 4.334795e+00 5.435196e+00
9t  2.649634e+02 3.204949e+02 3.001004e+02 4.164268e+02 3.027654e+02
10t 2.469684e+01 2.861276e+01 2.486745e+01 2.053162e+01 2.393980e+01
11t 3.016014e+02 2.907908e+02 2.886112e+02 3.200268e+02 3.439986e+02
12t 2.344569e+04 1.509267e+04 2.141500e+04 2.302945e+04 1.467726e+04
13t 1.985454e+01 2.004380e+01 1.999072e+01 1.997850e+01 2.016764e+01
14t 2.119761e+01 2.088332e+01 2.119144e+01 2.081371e+01 2.082711e+01
15t 1.535200e+02 4.485399e+02 1.515130e+02 1.139844e+02 1.395602e+02
16t 9.961569e+01 4.764314e+01 4.899559e+01 4.923405e+01 4.841107e+01
17t 5.042730e+01 2.286182e+00 3.904276e+01 6.820759e+02 2.310366e+01
18t 8.479217e-01 8.044982e-01 8.763743e-01 7.032087e-01 8.627459e-01
19t 1.942959e+03 1.138090e+03 1.076749e+03 3.119884e+03 9.137051e+02
20t 2.722615e+02 3.697046e+02 2.990737e+02 5.408122e+02 3.459145e+02
21t 2.735930e+04 2.944206e+04 2.812619e+04 3.735692e+04 2.871273e+04
22t 2.891597e+04 2.932217e+04 2.828843e+04 3.861575e+04 2.906644e+04
23t 6.713885e+01 6.102518e+01 6.440274e+01 7.849160e+01 5.812069e+01
24t 1.797800e+00 1.296635e+00 1.164741e+00 3.734455e+00 1.315491e+00
25t 5.368183e-01 6.508842e-01 5.917069e-01 5.984824e-01 5.979768e-01
26t 3.500366e-01 4.080815e-01 2.492730e-01 2.725717e-01 3.402561e-01
27t 1.235761e+02 9.803879e+01 9.017713e+01 4.625580e+01 1.016587e+02
28t 2.850244e+02 2.315148e+02 2.541375e+02 1.285057e+02 2.481202e+02
29t 3.721169e+02 3.592970e+02 3.520546e+02 4.293845e+02 3.585640e+02
30t 1.260360e+01 1.877158e+01 2.188238e+01 1.169717e+01 2.267911e+01
31t 2.313131e+02 2.679882e+02 2.404926e+02 1.039622e+02 2.288488e+02
32t 3.516965e+02 3.851335e+02 9.726849e+02 3.490080e+02 3.530403e+02
33t 1.295319e+02 1.347585e+02 1.565191e+02 1.877057e+02 1.137330e+02
34t 2.091639e+01 3.123717e+01 3.318217e+01 2.561760e+01 3.475315e+01
35t 1.449435e+04 1.430675e+04 1.481912e+04 1.792550e+04 1.491448e+04
36t 2.368522e+05 2.172565e+05 1.770945e+05 1.384696e+05 1.927245e+05
37t 6.066133e+01 6.248206e+01 6.157573e+01 5.751875e+01 5.648458e+01
38t 2.199876e+05 2.544526e+05 2.727712e+05 2.259069e+05 2.706199e+05
39t 5.609461e+00 7.200023e+00 5.824260e+00 4.454735e+00 5.302019e+00
40t 2.505543e+02 1.376720e+02 1.973113e+02 1.196853e+03 1.326060e+02
41t 4.469739e+02 4.469137e+02 4.469837e+02 4.420311e+02 4.466082e+02
42t 4.063561e+02 3.498224e+02 4.484900e+02 3.921093e+02 4.235625e+02
43t 4.314724e+02 4.299819e+02 4.305299e+02 4.290018e+02 4.308611e+02
44t 1.031531e+03 1.008947e+03 1.020946e+03 9.269740e+02 1.054678e+03
45t 1.138077e+03 1.009013e+03 1.014672e+03 9.272644e+02 1.065389e+03
46t 9.326949e+02 9.574815e+02 9.464471e+02 9.274689e+02 9.282909e+02
47t 1.208735e+03 1.204219e+03 1.206053e+03 1.264440e+03 1.194353e+03
48t 1.336027e+03 1.363161e+03 1.068206e+03 1.391348e+03 1.149203e+03
49t 1.174824e+03 5.494353e+02 1.200351e+03 1.221940e+03 1.196784e+03
50t 1.341048e+03 1.367055e+03 1.339594e+03 1.351924e+03 1.338190e+03
             401          402          403          404          405
1t  7.917950e-01 1.104515e+00 7.884293e-01 7.565782e-01 6.653571e-01
2t  7.745243e+06 2.362284e+07 6.111257e+06 4.758355e+06 5.869363e+06
3t  1.170862e+06 7.318846e+06 1.270619e+06 1.175340e+06 1.236718e+06
4t  9.404356e+04 1.266820e+05 1.067677e+05 1.145808e+05 9.489241e+04
5t  5.364648e+01 5.607493e+01 5.002728e+01 4.642070e+01 4.433789e+01
6t  8.646006e+00 4.699021e+02 9.283077e+00 5.037256e+00 4.339428e+00
7t  1.131986e+04 6.275000e+03 1.216663e+04 1.567649e+04 1.093372e+04
8t  4.983684e+00 5.220664e+00 4.832131e+00 5.078126e+00 5.223473e+00
9t  2.815248e+02 3.011110e+02 3.004360e+02 3.130128e+02 3.163914e+02
10t 2.409850e+01 2.614428e+01 2.470418e+01 2.838963e+01 2.495180e+01
11t 3.134933e+02 2.976709e+02 2.887318e+02 3.243715e+02 3.258112e+02
12t 1.899484e+04 2.285781e+04 2.080443e+04 1.683578e+04 1.287936e+04
13t 1.993479e+01 1.962341e+01 1.996666e+01 2.007900e+01 2.005243e+01
14t 2.087727e+01 2.092858e+01 2.101349e+01 2.087167e+01 2.092011e+01
15t 1.359846e+03 2.732455e+05 1.349326e+02 7.947802e+02 1.146428e+03
16t 4.875509e+01 1.100368e+02 4.875960e+01 4.730655e+01 4.924139e+01
17t 2.562745e+01 1.540468e+01 3.318971e+01 1.230678e+00 1.060728e+00
18t 8.356577e-01 9.839416e-01 7.859046e-01 7.818217e-01 8.565366e-01
19t 1.742273e+03 6.693546e+02 1.536438e+03 1.080513e+03 1.054793e+03
20t 3.080377e+02 4.018239e+02 3.548420e+02 3.121280e+02 3.855407e+02
21t 2.813236e+04 2.769660e+04 2.926290e+04 2.827480e+04 2.773413e+04
22t 2.938975e+04 2.788378e+04 2.832611e+04 2.887661e+04 2.842034e+04
23t 6.281841e+01 6.209690e+01 6.352764e+01 5.713275e+01 5.730306e+01
24t 1.081589e+00 9.942675e-01 1.193375e+00 1.151001e+00 7.543523e-01
25t 5.694632e-01 8.266758e-01 5.911744e-01 6.127593e-01 5.699726e-01
26t 3.217131e-01 3.908717e-01 3.410715e-01 3.316297e-01 3.755154e-01
27t 1.361278e+02 7.370392e+01 1.011311e+02 1.129770e+02 9.740385e+01
28t 2.625846e+02 9.336688e+04 2.559512e+02 2.106782e+02 2.319759e+02
29t 3.521200e+02 3.958391e+02 3.289806e+02 3.459396e+02 3.604829e+02
30t 2.207851e+01 1.218509e+01 1.621004e+01 1.567376e+01 1.653160e+01
31t 2.628739e+02 1.451280e+02 1.874888e+02 2.205360e+02 2.555642e+02
32t 3.536070e+02 3.812273e+02 3.449746e+02 5.041364e+02 3.760117e+02
33t 1.289354e+02 1.472329e+02 1.460400e+02 1.509287e+02 1.331009e+02
34t 2.427260e+01 2.790274e+01 2.204088e+01 2.461333e+01 2.742598e+01
35t 1.462415e+04 1.318494e+04 1.403364e+04 1.543553e+04 1.412663e+04
36t 1.750588e+05 1.966839e+05 2.310739e+05 2.029778e+05 2.486983e+05
37t 5.944562e+01 5.444595e+01 5.230394e+01 5.186159e+01 5.385433e+01
38t 2.460469e+05 2.521322e+05 2.276989e+05 2.950499e+05 2.896400e+05
39t 6.220719e+00 5.040039e+00 5.489310e+00 6.848262e+00 5.686770e+00
40t 1.875185e+02 1.291687e+02 2.463578e+02 1.138021e+02 1.227067e+02
41t 4.457065e+02 4.460691e+02 4.466170e+02 4.464800e+02 4.468934e+02
42t 4.333438e+02 4.271349e+02 3.758932e+02 5.134748e+02 3.704818e+02
43t 4.307208e+02 4.460857e+02 4.292338e+02 4.312263e+02 4.310625e+02
44t 1.046086e+03 9.374188e+02 1.043269e+03 1.082093e+03 1.026811e+03
45t 1.012371e+03 9.393121e+02 1.161422e+03 1.079944e+03 9.507015e+02
46t 1.209713e+03 9.951677e+02 1.057780e+03 9.912600e+02 9.567484e+02
47t 1.210749e+03 5.327368e+02 1.205098e+03 1.208186e+03 5.283690e+02
48t 1.186034e+03 1.101794e+03 1.154272e+03 1.373070e+03 1.309233e+03
49t 1.210798e+03 5.501080e+02 1.195725e+03 1.208656e+03 5.490809e+02
50t 1.381964e+03 1.310965e+03 1.356476e+03 1.336145e+03 1.302254e+03
             406          407          408          409          410
1t  9.267157e-01 1.476585e+00 8.119275e-01 7.500454e-01 8.217245e-01
2t  4.665892e+06 2.888847e+07 3.995466e+06 3.990063e+06 5.982591e+06
3t  1.366091e+06 3.108825e+08 1.142273e+06 1.362845e+06 1.174389e+06
4t  7.659737e+04 1.277108e+05 8.303712e+04 8.991407e+04 7.734739e+04
5t  2.368087e+01 6.130019e+01 4.352497e+01 5.015689e+01 4.409772e+01
6t  4.459798e+00 6.302260e+02 4.700392e+00 4.972468e+00 6.696716e+00
7t  6.904249e+03 6.391660e+03 1.054254e+04 1.060332e+04 5.852983e+03
8t  5.364829e+00 5.265856e+00 4.975387e+00 4.801666e+00 5.075087e+00
9t  2.998352e+02 3.307037e+02 3.244398e+02 3.168731e+02 3.034576e+02
10t 2.531825e+01 2.468181e+01 2.693651e+01 2.548364e+01 2.620319e+01
11t 3.270572e+02 3.134942e+02 3.236804e+02 3.064306e+02 3.195960e+02
12t 1.041296e+04 1.732095e+04 1.267995e+04 1.314741e+04 1.489959e+04
13t 2.002783e+01 1.954763e+01 2.011395e+01 2.015493e+01 2.020493e+01
14t 2.095742e+01 2.099019e+01 2.082135e+01 2.094893e+01 2.110593e+01
15t 2.081157e+02 1.178864e+06 1.262044e+02 3.262520e+02 5.328593e+02
16t 4.708908e+01 4.858708e+01 4.708143e+01 4.713425e+01 4.904899e+01
17t 3.153345e-02 8.999923e+00 1.526510e-01 1.793438e+00 9.113313e-01
18t 6.701201e-01 5.548127e+00 7.787913e-01 8.907935e-01 8.209388e-01
19t 1.011876e+03 8.117477e+02 1.091867e+03 1.108383e+03 1.123556e+03
20t 4.623125e+02 4.058634e+02 3.917114e+02 3.906451e+02 4.324873e+02
21t 2.863201e+04 2.832938e+04 2.902643e+04 2.850934e+04 2.724067e+04
22t 2.961411e+04 2.882834e+04 2.843420e+04 2.891217e+04 2.827786e+04
23t 5.707044e+01 6.086425e+01 6.110366e+01 5.999025e+01 5.946831e+01
24t 1.262714e+00 9.839116e-01 1.072158e+00 1.355738e+00 1.705895e+00
25t 5.857129e-01 7.700491e-01 6.479081e-01 6.695451e-01 6.128441e-01
26t 3.748979e-01 4.173578e-01 3.290101e-01 2.986708e-01 2.908455e-01
27t 1.269564e+02 9.123871e+01 1.422417e+02 1.165350e+02 1.046489e+02
28t 2.577190e+02 2.208531e+03 2.624768e+02 2.383446e+02 2.307058e+02
29t 3.781201e+02 3.892365e+02 3.550906e+02 3.535639e+02 3.712787e+02
30t 1.595658e+01 1.741249e+01 1.176219e+01 1.203949e+01 1.392711e+01
31t 2.564372e+02 1.772737e+02 3.094701e+02 2.556837e+02 1.914364e+02
32t 3.948682e+02 5.722861e+02 3.666625e+02 4.306671e+02 3.741168e+02
33t 1.186909e+02 1.490970e+02 1.293575e+02 1.275892e+02 1.493904e+02
34t 2.943777e+01 2.327748e+01 4.504029e+01 3.423210e+01 2.871720e+01
35t 1.389269e+04 1.340495e+04 1.482941e+04 1.390443e+04 1.385808e+04
36t 2.127509e+05 2.206360e+05 2.570382e+05 2.203254e+05 2.705468e+05
37t 6.236676e+01 6.051924e+01 5.666500e+01 5.538334e+01 5.880558e+01
38t 3.423670e+05 2.215484e+05 2.821400e+05 2.615283e+05 2.552644e+05
39t 6.757446e+00 5.758429e+00 4.905809e+00 6.432317e+00 5.339386e+00
40t 8.830550e+01 1.723733e+02 1.227497e+02 1.147447e+02 1.280661e+02
41t 4.469817e+02 4.467944e+02 4.465632e+02 4.461939e+02 4.468945e+02
42t 3.777498e+02 3.835401e+02 5.110331e+02 4.493154e+02 3.917758e+02
43t 4.292423e+02 4.495422e+02 5.006605e+02 4.304689e+02 4.317119e+02
44t 9.507104e+02 9.335915e+02 1.055289e+03 1.057060e+03 1.015725e+03
45t 1.031370e+03 9.363614e+02 1.020622e+03 1.092651e+03 1.132570e+03
46t 9.330735e+02 9.441845e+02 9.433481e+02 9.430032e+02 9.745142e+02
47t 8.951023e+02 5.311940e+02 1.219162e+03 9.001792e+02 1.186457e+03
48t 1.145460e+03 1.083737e+03 1.245950e+03 1.306286e+03 1.187696e+03
49t 1.203284e+03 5.581351e+02 9.009381e+02 5.483964e+02 1.202296e+03
50t 1.320267e+03 1.265095e+03 1.293334e+03 1.312573e+03 1.315380e+03
             411          412          413          414          415
1t  2.220430e+00 9.173180e-01 3.090079e+00 6.249847e+00 7.398349e-01
2t  1.233770e+07 5.129376e+06 5.099060e+06 8.171160e+06 3.107376e+06
3t  2.354330e+06 1.188052e+06 4.074028e+06 8.357983e+06 1.101628e+06
4t  1.443110e+05 3.574025e+05 1.829994e+05 6.498588e+04 5.174042e+04
5t  6.069140e+01 6.150112e+01 5.035201e+01 1.184938e+00 1.423670e+01
6t  2.557507e+02 6.889108e+01 7.433729e+01 9.367927e+01 1.854783e+00
7t  7.357723e+03 1.582816e+04 4.930064e+03 4.871879e+03 7.701105e+04
8t  7.310860e+00 4.862675e+00 9.285371e+00 1.431228e+01 4.719884e+00
9t  3.889823e+02 3.234333e+02 3.237594e+02 2.627450e+02 3.733579e+02
10t 2.945557e+01 2.342252e+01 3.713758e+01 4.543842e+01 2.361665e+01
11t 3.662261e+02 3.328295e+02 3.169642e+02 2.733854e+02 3.539291e+02
12t 2.698133e+04 2.541430e+04 1.978476e+04 3.880629e+02 3.967206e+02
13t 2.042915e+01 2.010658e+01 2.054196e+01 3.017380e+00 2.025349e+01
14t 2.115849e+01 2.100594e+01 2.110520e+01 2.119005e+01 2.080252e+01
15t 3.283505e+02 1.339377e+02 3.624696e+02 7.826067e+02 1.191909e+02
16t 4.928455e+01 1.027594e+02 4.935807e+01 4.738754e+01 4.918234e+01
17t 5.906879e+02 8.711185e+02 4.096445e+02 1.606177e-01 2.879848e-02
18t 9.901457e-01 8.840932e-01 1.050245e+00 1.099120e+00 7.596665e-01
19t 1.236591e+03 3.665278e+03 7.991129e+02 3.892016e+02 3.160045e+03
20t 6.523159e+02 5.786503e+02 4.908100e+02 2.855647e+02 7.447615e+02
21t 3.548961e+04 3.740905e+04 2.899788e+04 2.900550e+04 3.880166e+04
22t 3.604168e+04 3.684324e+04 3.755603e+04 2.818399e+04 3.923758e+04
23t 6.214104e+01 7.796654e+01 6.655186e+01 4.632225e+01 8.875454e+01
24t 3.734455e+00 1.522969e+00 1.701990e+00 7.470363e-01 5.821164e+00
25t 5.978077e-01 6.203040e-01 5.876995e-01 7.299333e-01 6.325702e-01
26t 2.652980e-01 2.895045e-01 2.931023e-01 3.303456e-01 3.121034e-01
27t 5.090598e+01 5.961383e+01 5.696914e+01 1.022206e+02 8.433693e+01
28t 2.260762e+02 1.539850e+02 2.704790e+02 6.122555e+02 2.069368e+02
29t 4.836669e+02 4.438428e+02 4.600875e+02 2.937977e+02 5.266268e+02
30t 1.629803e+01 1.646279e+01 1.638027e+01 2.329081e+01 2.524810e+01
31t 9.462965e+01 1.329784e+02 1.154361e+02 2.546147e+02 1.744686e+02
32t 4.151870e+02 3.727008e+02 4.537009e+02 6.716948e+02 5.483569e+02
33t 1.531862e+02 1.780519e+02 1.389353e+02 1.182471e+02 2.062810e+02
34t 3.360632e+01 3.361835e+01 3.480512e+01 4.951455e+01 4.124147e+01
35t 1.386580e+04 1.623591e+04 1.273019e+04 1.267706e+04 1.455405e+04
36t 1.544095e+05 1.441735e+05 2.731385e+05 6.035594e+05 2.287494e+05
37t 6.344899e+01 6.408530e+01 6.777093e+01 5.857310e+01 6.553572e+01
38t 1.260146e+05 1.970746e+05 2.075173e+05 2.390671e+05 4.596490e+05
39t 5.584990e+00 5.301684e+00 5.998978e+00 9.788576e+00 5.433330e+00
40t 9.010538e+02 1.716510e+03 9.943332e+01 9.035852e+00 1.095397e+02
41t 4.505052e+02 4.457920e+02 4.542662e+02 4.670155e+02 7.466085e+02
42t 3.409315e+02 3.952698e+02 2.857778e+02 2.631335e+02 3.643469e+02
43t 4.157511e+02 4.424281e+02 4.410781e+02 4.557400e+02 5.258864e+02
44t 9.599071e+02 9.288966e+02 9.890861e+02 9.332842e+02 1.210954e+03
45t 9.643346e+02 9.276286e+02 9.836915e+02 9.331795e+02 1.113123e+03
46t 9.643803e+02 9.246787e+02 9.821124e+02 9.238379e+02 1.176968e+03
47t 5.637736e+02 1.223126e+03 9.398386e+02 7.378882e+02 1.194876e+03
48t 1.141613e+03 1.497770e+03 9.853335e+02 9.129890e+02 1.555883e+03
49t 5.913034e+02 1.247609e+03 6.123245e+02 1.029959e+03 1.214168e+03
50t 1.310469e+03 1.408299e+03 1.179439e+03 9.041449e+02 1.348046e+03
             416          417          418          419          420
1t  1.946077e+00 1.507566e+00 8.536661e-01 1.064352e+00 7.025147e-01
2t  5.693792e+06 5.738724e+06 4.716082e+06 9.008492e+06 2.936479e+06
3t  3.334316e+06 2.205950e+06 1.257775e+06 1.478747e+06 1.100604e+06
4t  1.276468e+05 1.035275e+05 1.204990e+05 1.413568e+05 1.426946e+05
5t  3.417208e+01 4.723000e+01 4.060242e+01 5.782327e+01 4.449478e+01
6t  1.935765e+02 1.935885e+01 1.021326e+01 6.135054e+02 7.569521e+00
7t  4.595234e+03 8.497106e+03 7.601913e+03 8.410838e+03 4.325287e+04
8t  8.116580e+00 6.760574e+00 4.473313e+00 5.722158e+00 4.949359e+00
9t  2.984745e+02 3.023356e+02 3.218481e+02 3.317710e+02 3.890272e+02
10t 3.331158e+01 3.022085e+01 2.459743e+01 2.557978e+01 2.496113e+01
11t 2.800564e+02 2.814127e+02 3.006241e+02 3.444489e+02 3.196733e+02
12t 3.229082e+03 1.551560e+04 1.534119e+04 1.665993e+04 1.722646e+04
13t 1.875083e+00 2.014439e+01 2.012111e+01 2.029351e+01 2.010495e+01
14t 2.113617e+01 2.115208e+01 2.088655e+01 2.120918e+01 2.101225e+01
15t 3.059574e+02 1.923064e+02 3.901066e+02 1.610816e+02 1.175030e+02
16t 4.932338e+01 1.018717e+02 1.004605e+02 4.874171e+01 4.924503e+01
17t 6.647112e-02 3.502125e-01 3.156265e+00 6.058633e-02 3.437210e+02
18t 9.834404e-01 9.299275e-01 8.289183e-01 9.093808e-01 8.181342e-01
19t 6.000239e+02 8.524549e+02 1.303950e+03 7.447611e+02 3.730373e+03
20t 3.429818e+02 3.673284e+02 4.822262e+02 5.292563e+02 5.865947e+02
21t 3.130699e+04 2.895436e+04 2.886085e+04 3.404229e+04 3.765842e+04
22t 3.326378e+04 2.937671e+04 2.797763e+04 3.544046e+04 3.697620e+04
23t 5.192883e+01 5.564870e+01 6.146045e+01 6.653101e+01 8.285732e+01
24t 3.683322e+00 9.934641e-01 1.080467e+00 3.116480e+00 1.286386e+00
25t 6.238376e-01 6.009118e-01 9.190554e-01 7.513507e-01 6.116011e-01
26t 3.084853e-01 3.921124e-01 4.209410e-01 2.888042e-01 2.831159e-01
27t 6.750709e+01 1.056383e+02 1.231948e+02 7.365014e+01 6.812040e+01
28t 3.085409e+02 2.704816e+02 5.650701e+02 2.208547e+02 1.511582e+02
29t 3.355712e+02 3.597210e+02 4.145718e+02 4.340713e+02 4.980810e+02
30t 1.335183e+01 1.601174e+01 1.409604e+01 1.303595e+01 1.192851e+01
31t 1.807181e+02 2.528083e+02 2.723163e+02 1.294418e+02 1.525795e+02
32t 4.626916e+02 3.606470e+02 1.121000e+03 2.877477e+02 3.789330e+02
33t 1.184359e+02 1.236527e+02 1.445210e+02 1.446944e+02 1.792986e+02
34t 3.008658e+01 3.684229e+01 2.915579e+01 2.588222e+01 1.593930e+03
35t 1.276951e+04 1.302954e+04 1.357090e+04 1.360951e+04 1.593844e+04
36t 2.820392e+05 2.233835e+05 1.936507e+05 1.597335e+05 1.483904e+05
37t 6.281054e+01 6.545453e+01 5.536375e+01 6.228889e+01 6.646273e+01
38t 1.730352e+05 2.914745e+05 3.794986e+05 1.562337e+05 2.144769e+05
39t 5.054998e+00 5.312587e+00 5.795809e+00 5.225652e+00 5.579838e+00
40t 8.758378e+01 1.072876e+02 7.603529e+01 4.396853e+02 7.268419e+02
41t 4.524261e+02 4.500135e+02 4.461219e+02 4.479412e+02 6.913589e+02
42t 2.949315e+02 3.908870e+02 3.582754e+02 3.440567e+02 4.414862e+02
43t 3.310831e+02 4.149818e+02 4.305534e+02 4.697500e+02 4.283050e+02
44t 9.294141e+02 9.890528e+02 9.320426e+02 9.386276e+02 9.285970e+02
45t 9.311175e+02 9.392202e+02 9.321675e+02 9.388121e+02 9.253114e+02
46t 9.721973e+02 9.631328e+02 9.326864e+02 9.327847e+02 9.271822e+02
47t 9.266146e+02 9.104628e+02 1.192777e+03 5.361993e+02 1.200901e+03
48t 9.872446e+02 1.089922e+03 1.165373e+03 1.197041e+03 1.334568e+03
49t 5.820464e+02 5.692047e+02 5.486800e+02 5.551100e+02 1.238130e+03
50t 1.232199e+03 1.063411e+03 1.240779e+03 1.337312e+03 1.363999e+03
             421          422          423          424          425
1t  8.050151e-01 1.098563e+00 1.644604e+00 2.682790e+00 5.998334e-01
2t  5.130686e+06 7.399469e+06 6.708060e+06 7.735287e+06 2.849562e+06
3t  1.269255e+06 1.900519e+06 2.741969e+06 4.087764e+06 9.533919e+05
4t  1.282974e+05 1.319558e+05 1.231502e+05 1.230567e+05 1.209840e+05
5t  3.764878e+01 4.765854e+01 4.494788e+01 3.409751e+01 2.470656e+01
6t  4.266758e+00 3.196706e+02 3.160643e+02 1.642493e+02 2.584394e+00
7t  1.069264e+04 6.344145e+03 4.885570e+03 4.101908e+03 3.475428e+04
8t  5.127141e+00 6.399863e+00 6.712223e+00 9.292834e+00 1.595821e+02
9t  3.130701e+02 2.918182e+02 3.042520e+02 2.644490e+02 4.618359e+02
10t 2.568823e+01 2.636354e+01 2.771784e+01 3.873402e+01 2.232848e+01
11t 3.121351e+02 3.197188e+02 2.976532e+02 2.690001e+02 4.305752e+02
12t 1.178125e+04 7.988459e+03 8.524450e+03 6.792274e+03 3.926106e+03
13t 1.980617e+01 2.007482e+01 1.891336e+01 2.311898e+00 2.009634e+01
14t 2.119231e+01 2.118530e+01 2.116934e+01 2.107262e+01 2.071918e+01
15t 1.285559e+02 1.619368e+02 2.044305e+02 8.765309e+02 1.094730e+02
16t 4.918786e+01 4.919939e+01 4.923854e+01 4.922635e+01 1.023376e+02
17t 1.000213e+00 3.578203e-02 6.208843e-02 8.325274e-02 3.619957e-02
18t 7.521037e-01 9.043059e-01 9.627638e-01 1.042675e+00 7.094815e-01
19t 1.373845e+03 7.911271e+02 7.423558e+02 5.289237e+02 3.772000e+03
20t 3.777878e+02 4.317177e+02 4.421894e+02 3.305928e+02 5.904992e+02
21t 2.909295e+04 3.331600e+04 3.236070e+04 3.141667e+04 3.014823e+04
22t 2.853828e+04 3.396599e+04 3.428560e+04 3.312007e+04 3.703288e+04
23t 6.179569e+01 6.000669e+01 5.770285e+01 5.302440e+01 8.674756e+01
24t 1.014225e+00 2.363547e+00 3.580560e+00 3.372288e+00 3.151709e+00
25t 6.522148e-01 7.265442e-01 5.287949e-01 6.559749e-01 5.873573e-01
26t 3.719715e-01 2.493529e-01 3.305786e-01 3.372504e-01 3.213327e-01
27t 9.866436e+01 8.527051e+01 7.480994e+01 6.723770e+01 6.845160e+01
28t 2.383271e+02 2.422555e+02 2.509015e+02 3.185996e+02 1.762380e+02
29t 3.639558e+02 3.656563e+02 3.950643e+02 3.491805e+02 5.434665e+02
30t 1.561519e+01 1.327447e+01 1.401368e+01 1.656744e+01 1.005068e+01
31t 2.666107e+02 1.577935e+02 1.542842e+02 1.337525e+02 1.451110e+02
32t 4.585318e+02 4.829996e+02 3.584906e+02 3.174940e+02 4.878825e+02
33t 1.618718e+02 1.307164e+02 1.172134e+02 1.095799e+02 2.147419e+02
34t 3.454804e+01 2.515691e+01 2.699843e+01 3.359804e+01 5.435963e+01
35t 1.423430e+04 1.285684e+04 1.288853e+04 1.273177e+04 1.528828e+04
36t 2.958677e+05 2.238910e+05 2.640449e+05 4.139380e+05 1.737852e+05
37t 6.457162e+01 6.268061e+01 6.275908e+01 6.120997e+01 6.791976e+01
38t 3.631924e+05 1.994233e+05 1.578582e+05 2.625539e+05 3.128727e+05
39t 6.019600e+00 6.030288e+00 6.243865e+00 6.396705e+00 4.847469e+00
40t 1.266569e+02 2.162128e+02 1.298295e+02 4.138297e+01 2.911932e+02
41t 4.473489e+02 4.489877e+02 4.504876e+02 4.539864e+02 6.578468e+02
42t 3.700155e+02 3.543412e+02 3.518207e+02 2.813693e+02 4.030379e+02
43t 4.305082e+02 4.529154e+02 4.426191e+02 3.368645e+02 7.873484e+02
44t 9.988903e+02 9.556977e+02 9.438031e+02 9.791299e+02 1.261018e+03
45t 1.096189e+03 9.507450e+02 9.298865e+02 9.326347e+02 9.258254e+02
46t 9.359616e+02 9.374149e+02 9.946068e+02 9.299121e+02 1.194508e+03
47t 5.292741e+02 1.192753e+03 5.590048e+02 6.149307e+02 1.202961e+03
48t 1.148720e+03 1.048733e+03 1.047602e+03 9.666541e+02 1.481391e+03
49t 5.489038e+02 5.652600e+02 5.786945e+02 6.286786e+02 1.212072e+03
50t 1.259349e+03 1.316985e+03 1.262842e+03 1.159659e+03 1.370162e+03
             426          427          428          429          430
1t  6.249316e-01 7.263410e-01 1.161470e+00 1.152530e+00 1.346634e+00
2t  3.348414e+06 2.104188e+06 6.000904e+06 5.741472e+06 7.731538e+06
3t  1.077766e+06 9.961551e+05 1.888396e+06 1.975416e+06 1.993851e+06
4t  2.511541e+05 1.990690e+05 1.409941e+05 1.443663e+05 1.468904e+05
5t  4.406841e+01 4.680734e+01 5.180799e+01 4.103584e+01 5.556327e+01
6t  5.975285e+00 3.660502e+00 5.614947e+02 6.055394e+02 4.446864e+02
7t  2.043168e+04 2.946232e+04 7.159140e+03 6.438110e+03 7.124325e+03
8t  4.440747e+00 4.495368e+00 5.795406e+00 6.361249e+00 6.517360e+00
9t  3.277413e+02 3.332319e+02 3.352259e+02 3.103012e+02 2.744960e+02
10t 2.344264e+01 2.257709e+01 2.837948e+01 2.938423e+01 2.864388e+01
11t 3.336476e+02 3.254125e+02 3.179037e+02 2.850897e+02 3.015361e+02
12t 1.642707e+04 1.582432e+04 9.336457e+03 1.210362e+04 1.288441e+04
13t 2.007270e+01 2.011423e+01 1.969164e+01 1.985133e+01 1.803008e+01
14t 2.092383e+01 2.104110e+01 2.119718e+01 2.113551e+01 2.118347e+01
15t 1.122076e+02 1.166716e+02 1.978947e+02 8.513204e+02 2.122450e+02
16t 4.914233e+01 4.923574e+01 4.924100e+01 4.912623e+01 4.926739e+01
17t 4.649625e+02 3.060758e+02 4.349883e-02 4.671926e-02 5.180631e-02
18t 7.473621e-01 7.269235e-01 8.954584e-01 9.325937e-01 9.690651e-01
19t 4.049869e+03 4.212583e+03 8.582222e+02 6.141038e+02 7.556079e+02
20t 5.816177e+02 5.606548e+02 4.577720e+02 3.766343e+02 4.501582e+02
21t 3.000277e+04 3.751148e+04 3.330508e+04 3.385688e+04 3.197227e+04
22t 3.723006e+04 3.789163e+04 3.371996e+04 3.429057e+04 3.439257e+04
23t 8.367839e+01 8.398868e+01 6.211674e+01 4.928568e+01 5.590857e+01
24t 2.124875e+00 1.009741e+00 3.079492e+00 2.895729e+00 3.320337e+00
25t 5.827215e-01 5.689904e-01 5.811850e-01 6.085686e-01 6.626990e-01
26t 2.866464e-01 2.946192e-01 2.980537e-01 2.883910e-01 2.847560e-01
27t 5.815432e+01 6.694071e+01 6.142353e+01 5.021897e+01 8.132530e+01
28t 1.682673e+02 1.574534e+02 2.067203e+02 2.409159e+02 2.239473e+02
29t 4.009132e+02 5.008257e+02 4.024101e+02 4.157347e+02 3.988135e+02
30t 6.127254e+02 9.795976e+00 1.480743e+01 1.248814e+01 1.578605e+01
31t 1.340033e+02 1.345417e+02 1.195925e+02 1.415891e+02 1.786062e+02
32t 4.250354e+02 2.274973e+02 3.351776e+02 3.510193e+02 3.181993e+02
33t 1.685297e+02 1.694866e+02 1.280495e+02 1.209960e+02 1.285873e+02
34t 3.375412e+01 4.917108e+01 2.684715e+01 2.495014e+01 2.751039e+01
35t 1.586941e+04 1.611786e+04 1.285176e+04 1.289349e+04 1.286041e+04
36t 1.445187e+05 1.526856e+05 2.034939e+05 1.552159e+05 1.958202e+05
37t 5.863311e+01 6.315701e+01 6.218916e+01 6.134871e+01 6.085871e+01
38t 3.087619e+05 2.823040e+05 1.826643e+05 1.585865e+05 1.607245e+05
39t 5.390272e+00 4.844812e+00 5.776207e+00 6.306639e+00 5.559948e+00
40t 7.540909e+02 7.139511e+02 2.928477e+02 1.627919e+02 1.987598e+02
41t 4.434185e+02 1.025695e+03 4.488890e+02 4.494426e+02 4.498106e+02
42t 3.844479e+02 4.085038e+02 3.343535e+02 3.621729e+02 3.669743e+02
43t 5.817898e+02 4.285880e+02 4.461242e+02 4.005651e+02 4.084591e+02
44t 9.271249e+02 9.257580e+02 9.421723e+02 9.940364e+02 9.587928e+02
45t 9.271646e+02 9.249581e+02 9.441210e+02 9.454071e+02 9.495925e+02
46t 9.279614e+02 9.288992e+02 9.466393e+02 9.449141e+02 9.429933e+02
47t 1.217988e+03 1.227021e+03 5.436238e+02 9.127041e+02 5.414430e+02
48t 1.401216e+03 1.487243e+03 1.108518e+03 1.039112e+03 1.055349e+03
49t 1.233600e+03 1.235181e+03 5.623484e+02 5.561957e+02 5.659843e+02
50t 1.376838e+03 1.364405e+03 1.321499e+03 1.329585e+03 1.300653e+03
             431          432
1t  1.576482e+00 1.151774e+00
2t  6.090043e+06 7.622476e+06
3t  1.890559e+06 1.319854e+06
4t  1.185758e+05 1.377739e+05
5t  4.605328e+01 4.757479e+01
6t  3.084519e+02 2.838741e+02
7t  5.977850e+03 6.929360e+03
8t  7.111283e+00 6.047630e+00
9t  2.950932e+02 3.117387e+02
10t 3.047398e+01 2.814428e+01
11t 2.896379e+02 2.900296e+02
12t 6.422527e+03 9.664461e+03
13t 1.659782e+00 2.001750e+01
14t 2.114784e+01 2.099519e+01
15t 3.707944e+02 1.464465e+02
16t 4.932026e+01 4.925242e+01
17t 5.982752e-02 4.196072e-02
18t 9.393219e-01 8.372184e-01
19t 7.153221e+02 7.576316e+02
20t 4.760041e+02 4.312660e+02
21t 3.179857e+04 3.188318e+04
22t 3.458611e+04 3.412887e+04
23t 5.361689e+01 5.927796e+01
24t 3.062989e+00 3.516970e+00
25t 6.821412e-01 5.593359e-01
26t 3.212457e-01 3.059245e-01
27t 6.114346e+01 6.035390e+01
28t 2.304409e+02 2.202495e+02
29t 3.928694e+02 4.108328e+02
30t 1.270033e+01 1.262860e+01
31t 1.111047e+02 1.139142e+02
32t 3.477776e+02 4.267139e+02
33t 1.206526e+02 1.255558e+02
34t 2.755241e+01 2.685786e+01
35t 1.263804e+04 1.306508e+04
36t 2.483325e+05 1.935451e+05
37t 6.135035e+01 6.301550e+01
38t 1.651687e+05 1.520761e+05
39t 6.643600e+00 5.253297e+00
40t 1.118578e+02 2.349370e+02
41t 4.508741e+02 4.490238e+02
42t 3.141255e+02 3.555444e+02
43t 3.663758e+02 4.533906e+02
44t 9.419086e+02 9.307794e+02
45t 9.330835e+02 9.475375e+02
46t 9.344157e+02 9.452212e+02
47t 5.563898e+02 5.392701e+02
48t 9.928474e+02 1.024174e+03
49t 5.716722e+02 5.633858e+02
50t 1.264953e+03 1.297480e+03
# 2025-11-29 04:29:05 -03: Finished testing
