#------------------------------------------------------------------------------
# irace: An implementation in R of (Elitist) Iterated Racing
# Version: 4.2.0.9000.0eef3f1
# Copyright (C) 2010-2025
# Manuel Lopez-Ibanez     <manuel.lopez-ibanez@manchester.ac.uk>
# Jeremie Dubois-Lacoste
# Leslie Perez Caceres    <leslie.perez.caceres@ulb.ac.be>
#
# This is free software, and you are welcome to redistribute it under certain
# conditions.  See the GNU General Public License for details. There is NO
# WARRANTY; not even for MERCHANTABILITY or FITNESS FOR A PARTICULAR PURPOSE.
#
# irace builds upon previous code from the race package:
#     race: Racing methods for the selection of the best
#     Copyright (C) 2003 Mauro Birattari
#------------------------------------------------------------------------------
# installed at: /home/pestobar/R/x86_64-redhat-linux-gnu-library/4.5/irace
# called with: --only-test configurations.txt --scenario scenario.txt
# 2025-11-30 17:23:49 -03: Checking scenario.
# 2025-11-30 17:23:49 -03: Reading parameter file '/home/pestobar/Activities/irace-test-executions/PSO-X/Scenarios/Elites/Runs/Elites_seed_700099/parameters.txt'.
# 2025-11-30 17:23:49 -03: 2 expression(s) specifying forbidden configurations read.
## irace scenario:
scenarioFile = "/home/pestobar/Activities/irace-test-executions/PSO-X/Scenarios/Elites/Runs/Elites_seed_700099/scenario.txt"
execDir = "/home/pestobar/Activities/irace-test-executions/PSO-X/Scenarios/Elites/Runs/Elites_seed_700099/Results"
parameterFile = "/home/pestobar/Activities/irace-test-executions/PSO-X/Scenarios/Elites/Runs/Elites_seed_700099/parameters.txt"
parameters = <environment>
initConfigurations = NULL
configurationsFile = ""
logFile = "/home/pestobar/Activities/irace-test-executions/PSO-X/Scenarios/Elites/Runs/Elites_seed_700099/Results/irace.Rdata"
recoveryFile = ""
instances = c("--competition 3 --problem 0 --dimensions 30", "--competition 3 --problem 1 --dimensions 30", "--competition 3 --problem 2 --dimensions 30", "--competition 3 --problem 3 --dimensions 30", "--competition 3 --problem 4 --dimensions 30", "--competition 3 --problem 5 --dimensions 30", "--competition 3 --problem 6 --dimensions 30", "--competition 3 --problem 7 --dimensions 30", "--competition 3 --problem 8 --dimensions 30", "--competition 3 --problem 9 --dimensions 30", "--competition 3 --problem 10 --dimensions 30", "--competition 3 --problem 11 --dimensions 30", "--competition 3 --problem 12 --dimensions 30", "--competition 3 --problem 13 --dimensions 30", "--competition 3 --problem 14 --dimensions 30", "--competition 3 --problem 15 --dimensions 30", "--competition 3 --problem 16 --dimensions 30", "--competition 3 --problem 17 --dimensions 30", "--competition 3 --problem 18 --dimensions 30", "--competition 3 --problem 19 --dimensions 30", "--competition 3 --problem 20 --dimensions 30", "--competition 3 --problem 21 --dimensions 30", "--competition 3 --problem 22 --dimensions 30", "--competition 3 --problem 23 --dimensions 30", "--competition 3 --problem 24 --dimensions 30", "--competition 3 --problem 25 --dimensions 30", "--competition 3 --problem 26 --dimensions 30", "--competition 3 --problem 27 --dimensions 30", "--competition 3 --problem 28 --dimensions 30", "--competition 3 --problem 29 --dimensions 30", "--competition 3 --problem 30 --dimensions 30", "--competition 3 --problem 31 --dimensions 30", "--competition 3 --problem 32 --dimensions 30", "--competition 3 --problem 33 --dimensions 30", "--competition 3 --problem 34 --dimensions 30", "--competition 3 --problem 35 --dimensions 30", "--competition 3 --problem 36 --dimensions 30", "--competition 3 --problem 37 --dimensions 30", "--competition 3 --problem 38 --dimensions 30", "--competition 3 --problem 39 --dimensions 30", "--competition 3 --problem 40 --dimensions 30", "--competition 3 --problem 41 --dimensions 30", "--competition 3 --problem 42 --dimensions 30", "--competition 3 --problem 43 --dimensions 30", "--competition 3 --problem 44 --dimensions 30", "--competition 3 --problem 45 --dimensions 30", "--competition 3 --problem 46 --dimensions 30", "--competition 3 --problem 47 --dimensions 30", "--competition 3 --problem 48 --dimensions 30", "--competition 3 --problem 49 --dimensions 30")
trainInstancesDir = ""
trainInstancesFile = "/home/pestobar/Activities/irace-test-executions/PSO-X/Instances/train_MIXTURE.txt"
sampleInstances = TRUE
testInstancesDir = ""
testInstancesFile = "/home/pestobar/Activities/irace-test-executions/PSO-X/TestingInstances/test_MIXTURE.txt"
testInstances = c("1t" = "--competition 3 --problem 0 --dimensions 50", "2t" = "--competition 3 --problem 1 --dimensions 50", "3t" = "--competition 3 --problem 2 --dimensions 50", "4t" = "--competition 3 --problem 3 --dimensions 50", "5t" = "--competition 3 --problem 4 --dimensions 50", "6t" = "--competition 3 --problem 5 --dimensions 50", "7t" = "--competition 3 --problem 6 --dimensions 50", "8t" = "--competition 3 --problem 7 --dimensions 50", "9t" = "--competition 3 --problem 8 --dimensions 50", "10t" = "--competition 3 --problem 9 --dimensions 50", "11t" = "--competition 3 --problem 10 --dimensions 50", "12t" = "--competition 3 --problem 11 --dimensions 50", "13t" = "--competition 3 --problem 12 --dimensions 50", "14t" = "--competition 3 --problem 13 --dimensions 50", "15t" = "--competition 3 --problem 14 --dimensions 50", "16t" = "--competition 3 --problem 15 --dimensions 50", "17t" = "--competition 3 --problem 16 --dimensions 50", "18t" = "--competition 3 --problem 17 --dimensions 50", "19t" = "--competition 3 --problem 18 --dimensions 50", "20t" = "--competition 3 --problem 19 --dimensions 50", "21t" = "--competition 3 --problem 20 --dimensions 50", "22t" = "--competition 3 --problem 21 --dimensions 50", "23t" = "--competition 3 --problem 22 --dimensions 50", "24t" = "--competition 3 --problem 23 --dimensions 50", "25t" = "--competition 3 --problem 24 --dimensions 50", "26t" = "--competition 3 --problem 25 --dimensions 50", "27t" = "--competition 3 --problem 26 --dimensions 50", "28t" = "--competition 3 --problem 27 --dimensions 50", "29t" = "--competition 3 --problem 28 --dimensions 50", "30t" = "--competition 3 --problem 29 --dimensions 50", "31t" = "--competition 3 --problem 30 --dimensions 50", "32t" = "--competition 3 --problem 31 --dimensions 50", "33t" = "--competition 3 --problem 32 --dimensions 50", "34t" = "--competition 3 --problem 33 --dimensions 50", "35t" = "--competition 3 --problem 34 --dimensions 50", "36t" = "--competition 3 --problem 35 --dimensions 50", "37t" = "--competition 3 --problem 36 --dimensions 50", "38t" = "--competition 3 --problem 37 --dimensions 50", "39t" = "--competition 3 --problem 38 --dimensions 50", "40t" = "--competition 3 --problem 39 --dimensions 50", "41t" = "--competition 3 --problem 40 --dimensions 50", "42t" = "--competition 3 --problem 41 --dimensions 50", "43t" = "--competition 3 --problem 42 --dimensions 50", "44t" = "--competition 3 --problem 43 --dimensions 50", "45t" = "--competition 3 --problem 44 --dimensions 50", "46t" = "--competition 3 --problem 45 --dimensions 50", "47t" = "--competition 3 --problem 46 --dimensions 50", "48t" = "--competition 3 --problem 47 --dimensions 50", "49t" = "--competition 3 --problem 48 --dimensions 50", "50t" = "--competition 3 --problem 49 --dimensions 50")
testNbElites = 1L
testIterationElites = FALSE
testType = "friedman"
firstTest = 5L
blockSize = 1L
eachTest = 1L
targetRunner = "/home/pestobar/Activities/irace-test-executions/PSO-X/Scenarios/Elites/Runs/Elites_seed_700099/target-runner"
targetRunnerLauncher = ""
targetCmdline = "{configurationID} {instanceID} {seed} {instance} {bound} {targetRunnerArgs}"
targetRunnerRetries = 0L
targetRunnerTimeout = 0L
targetRunnerData = ""
targetRunnerParallel = NULL
targetEvaluator = NULL
deterministic = FALSE
maxExperiments = 5500L
minExperiments = NA_character_
maxTime = 0L
budgetEstimation = 0.05
minMeasurableTime = 0.01
parallel = 10L
loadBalancing = TRUE
mpi = FALSE
batchmode = "0"
quiet = FALSE
debugLevel = 0L
seed = 700099L
softRestart = TRUE
softRestartThreshold = 1e-04
elitist = TRUE
elitistNewInstances = 1L
elitistLimit = 2L
repairConfiguration = NULL
capping = FALSE
cappingAfterFirstTest = FALSE
cappingType = "median"
boundType = "candidate"
boundMax = NULL
boundDigits = 0L
boundPar = 1L
boundAsTimeout = TRUE
postselection = TRUE
aclib = FALSE
nbIterations = 0L
nbExperimentsPerIteration = 0L
minNbSurvival = 0L
nbConfigurations = 0L
mu = 5L
confidence = 0.95
## end of irace scenario
# 2025-11-30 17:23:49 -03: Read 432 configuration(s) from file 'configurations.txt'
# 2025-11-30 17:23:49 -03: Testing configurations (in the order given as input): 
    particles topology modInfluence branching tSchedule phi1 phi2 inertia
1          30        5            1        NA         8 2.12 1.41    0.34
2         167        5            0        NA        10 0.72 1.56    0.28
3          55        5            0        NA         9 2.43 2.34    0.45
4         179        4            2        NA        NA 0.25 2.03    0.56
5         142        4            2        NA        NA 1.03 1.88    0.62
6          79        5            0        NA        10 1.98 1.97    0.17
7          36        5            0        NA        10 2.40 2.09    0.26
8         113        4            2        NA        NA 0.18 2.31    0.67
9           8        5            2        NA         9 0.65 1.97    0.57
10         12        1            1        NA        NA 1.59 1.74    0.12
11         29        1            0        NA        NA 1.99 2.34    0.13
12         12        4            0        NA        NA 2.14 1.58    0.30
13         18        5            0        NA        10 2.15 2.49    0.12
14          9        5            0        NA         8 2.40 1.98    0.08
15         23        1            0        NA        NA 2.06 2.47    0.12
16         48        1            0        NA        NA 1.53 2.12    0.18
17         28        4            0        NA        NA 2.01 1.89    0.32
18         46        1            0        NA        NA 2.09 2.13    0.15
19         28        1            0        NA        NA 2.10 2.21    0.25
20         35        1            0        NA        NA 2.08 2.45    0.16
21         26        1            0        NA        NA 1.98 2.14    0.10
22         47        1            0        NA        NA 2.09 2.05    0.14
23         14        4            0        NA        NA 1.92 2.09    0.24
24        170        1            2        NA        NA 1.35 2.32    0.79
25         11        2            0        NA        NA 0.92 2.28    0.30
26         52        5            0        NA        10 2.37 2.25    0.65
27         95        0            0        NA        NA 1.04 2.01    0.68
28        157        5            0        NA         6 1.82 0.60    0.62
29         49        0            0        NA        NA 1.62 2.08    0.60
30          5        2            1        NA        NA 2.45 2.44    0.75
31         27        4            0        NA        NA 2.12 2.31    0.70
32         90        1            0        NA        NA 1.89 2.13    0.61
33         59        4            2        NA        NA 2.02 2.37    0.67
34         24        5            0        NA         9 2.17 2.39    0.63
35         61        4            0        NA        NA 1.93 1.99    0.58
36         66        1            0        NA        NA 1.85 2.24    0.61
37         22        4            0        NA        NA 2.14 1.71    0.61
38         60        4            0        NA        NA 2.33 2.49    0.74
39         52        4            0        NA        NA 2.30 2.20    0.67
40         85        4            0        NA        NA 2.11 2.33    0.54
41         70        1            0        NA        NA 1.80 2.40    0.60
42         66        4            0        NA        NA 2.48 2.32    0.66
43         63        4            0        NA        NA 2.31 2.18    0.69
44         54        4            0        NA        NA 2.32 2.23    0.67
45         98        4            0        NA        NA 2.41 2.41    0.75
46        120        4            0        NA        NA 1.12 1.27    0.51
47         33        1            0        NA        NA 1.59 1.12    0.79
48         39        1            0        NA        NA 0.89 2.45    0.20
49        139        4            2        NA        NA 2.14 1.20    0.65
50        162        4            0        NA        NA 1.92 1.97    0.47
51        114        4            2        NA        NA 2.13 2.47    0.83
52        107        4            0        NA        NA 2.35 2.15    0.40
53        105        4            0        NA        NA 1.83 2.33    0.56
54         74        4            0        NA        NA 2.40 2.16    0.53
55         80        4            0        NA        NA 2.24 2.39    0.60
56        119        4            0        NA        NA 2.44 2.19    0.40
57         82        4            0        NA        NA 2.17 2.11    0.47
58         57        4            0        NA        NA 2.18 2.18    0.47
59         78        4            0        NA        NA 2.47 1.81    0.55
60        104        4            0        NA        NA 2.27 2.39    0.41
61        116        4            0        NA        NA 2.36 2.29    0.38
62         67        1            0        NA        NA 0.63 1.33    0.84
63        135        4            0        NA        NA 0.24 2.34    0.25
64          5        0            1        NA        NA 0.47 1.48    0.79
65         36        1            2        NA        NA 1.49 1.09    0.70
66        142        5            0        NA         2 2.19 1.01    0.51
67        200        5            0        NA        10 1.17 2.18    0.45
68         97        1            0        NA        NA 0.72 1.69    0.46
69        154        4            2        NA        NA 0.88 2.04    0.75
70        114        4            2        NA        NA 0.86 1.93    0.57
71        164        4            0        NA        NA 0.15 2.25    0.48
72        183        1            0        NA        NA 0.85 2.09    0.47
73        107        4            0        NA        NA 0.24 2.30    0.11
74        161        5            0        NA        10 0.72 2.37    0.53
75        109        4            0        NA        NA 0.44 2.26    0.18
76        109        4            0        NA        NA 0.34 2.14    0.25
77        117        4            0        NA        NA 0.25 2.11    0.27
78        131        4            0        NA        NA 0.29 2.10    0.24
79        109        4            0        NA        NA 0.66 2.09    0.42
80        107        4            0        NA        NA 0.30 2.33    0.20
81        119        4            0        NA        NA 0.18 2.13    0.30
82        101        4            0        NA        NA 0.42 2.33    0.18
83        117        4            0        NA        NA 0.46 2.32    0.23
84        171        4            0        NA        NA 1.46 1.68    0.65
85         16        2            2        NA        NA 1.54 1.76    0.85
86         65        4            1        NA        NA 2.17 1.14    0.62
87         59        5            0        NA         2 0.37 2.46    0.37
88         34        4            2        NA        NA 0.06 1.53    0.48
89        141        4            0        NA        NA 2.29 2.33    0.70
90         38        4            0        NA        NA 2.15 1.46    0.63
91        112        4            0        NA        NA 2.16 1.49    0.66
92        116        4            1        NA        NA 2.38 2.25    0.81
93        174        4            0        NA        NA 2.39 2.22    0.54
94        134        4            0        NA        NA 2.06 2.44    0.53
95        109        4            1        NA        NA 2.08 2.47    0.53
96         64        4            0        NA        NA 1.75 1.74    0.52
97        101        5            0        NA         4 2.31 2.26    0.69
98        128        4            0        NA        NA 1.48 2.47    0.48
99        111        4            2        NA        NA 2.14 2.49    0.73
100       171        4            0        NA        NA 1.93 2.45    0.39
101       137        4            0        NA        NA 1.26 2.47    0.45
102       113        4            0        NA        NA 2.23 2.37    0.60
103       129        4            0        NA        NA 1.28 2.45    0.40
104       124        4            0        NA        NA 1.09 2.49    0.42
105       153        4            0        NA        NA 1.47 2.36    0.51
106       122        4            0        NA        NA 1.04 2.48    0.51
107        11        2            1        NA        NA 0.15 1.78    0.15
108       154        4            0        NA        NA 0.07 1.70    0.35
109        18        1            2        NA        NA 2.41 0.61    0.86
110        49        0            1        NA        NA 0.93 1.93    0.77
111        61        4            0        NA        NA 0.77 1.15    0.38
112        31        1            2        NA        NA 1.34 1.96    0.58
113        17        4            2        NA        NA 0.02 1.36    0.15
114         7        4            1        NA        NA 1.85 2.35    0.11
115        87        4            2        NA        NA 1.99 0.59    0.87
116        73        1            2        NA        NA 0.30 2.49    0.49
117         8        0            1        NA        NA 1.87 2.04    0.18
118        13        4            1        NA        NA 1.10 2.13    0.05
119        34        4            1        NA        NA 2.06 1.96    0.25
120        36        4            1        NA        NA 2.10 1.74    0.25
121        38        4            1        NA        NA 2.49 1.81    0.32
122        53        4            1        NA        NA 2.42 2.05    0.20
123        95        1            2        NA        NA 0.00 2.43    0.48
124        51        1            2        NA        NA 0.36 2.14    0.50
125        86        1            2        NA        NA 0.11 2.40    0.46
126        58        4            0        NA        NA 1.80 1.40    0.27
127        68        1            2        NA        NA 0.38 2.48    0.53
128        67        1            2        NA        NA 0.56 2.43    0.50
129        68        4            0        NA        NA 1.88 1.51    0.32
130        46        1            2        NA        NA 0.21 2.05    0.48
131        65        1            2        NA        NA 0.43 2.46    0.48
132        73        0            0        NA        NA 2.21 0.31    0.86
133        76        5            0        NA         7 1.93 1.36    0.74
134       150        0            0        NA        NA 1.00 1.05    0.63
135        82        0            0        NA        NA 0.92 1.60    0.60
136        45        1            1        NA        NA 0.45 1.75    0.65
137        48        1            0        NA        NA 1.80 2.38    0.73
138        84        5            0        NA        10 1.79 1.55    0.13
139       157        4            0        NA        NA 2.48 2.07    0.87
140       200        0            0        NA        NA 2.08 2.15    0.86
141       142        4            2        NA        NA 2.46 1.96    0.84
142        58        4            2        NA        NA 0.97 2.44    0.70
143        61        1            0        NA        NA 1.87 2.27    0.71
144       152        4            0        NA        NA 2.28 2.01    0.79
145        58        1            0        NA        NA 1.35 1.87    0.82
146        79        1            0        NA        NA 0.92 1.95    0.73
147        62        1            0        NA        NA 1.72 2.22    0.69
148        43        1            0        NA        NA 1.92 2.44    0.80
149        56        1            0        NA        NA 2.14 2.31    0.61
150        62        1            0        NA        NA 2.18 2.44    0.65
151        26        1            0        NA        NA 1.56 2.40    0.57
152        55        1            0        NA        NA 1.83 2.25    0.69
153        60        4            0        NA        NA 0.25 2.04    0.64
154       172        5            0        NA        10 1.65 1.26    0.36
155        23        4            1        NA        NA 1.03 1.88    0.58
156       178        0            0        NA        NA 0.48 1.65    0.11
157       147        4            2        NA        NA 1.34 2.20    0.47
158       185        4            2        NA        NA 1.53 2.09    0.67
159       176        0            0        NA        NA 0.06 2.01    0.42
160        96        4            0        NA        NA 1.31 2.05    0.16
161       141        4            2        NA        NA 0.17 2.00    0.47
162        36        4            1        NA        NA 2.05 2.11    0.61
163        13        4            1        NA        NA 1.35 1.91    0.65
164       156        5            0        NA         9 0.61 1.27    0.57
165        32        4            0        NA        NA 1.94 2.28    0.44
166       134        4            2        NA        NA 1.77 2.10    0.88
167       134        4            0        NA        NA 0.57 2.09    0.42
168       101        4            2        NA        NA 0.20 2.02    0.70
169        69        4            2        NA        NA 0.21 2.15    0.81
170        35        4            0        NA        NA 1.82 2.38    0.35
171        32        4            0        NA        NA 1.98 2.23    0.33
172       145        4            2        NA        NA 1.69 2.32    0.85
173        38        4            0        NA        NA 1.90 2.30    0.30
174        70        4            2        NA        NA 0.08 2.09    0.73
175        19        4            2        NA        NA 1.39 1.34    0.60
176        56        4            1        NA        NA 2.48 1.49    0.66
177        25        1            0        NA        NA 0.69 2.04    0.13
178       112        2            0        NA        NA 2.40 1.26    0.86
179        87        5            0        NA         8 0.84 0.95    0.52
180        56        0            0        NA        NA 0.84 1.66    0.14
181        70        0            0        NA        NA 1.89 2.13    0.64
182        46        1            0        NA        NA 1.11 1.44    0.61
183        54        0            1        NA        NA 1.79 2.26    0.24
184        24        0            0        NA        NA 1.97 2.29    0.74
185         9        4            1        NA        NA 2.08 1.13    0.60
186        98        0            0        NA        NA 1.95 2.00    0.67
187        51        0            0        NA        NA 2.13 2.08    0.63
188        82        0            0        NA        NA 1.42 2.26    0.60
189        48        0            0        NA        NA 0.91 1.48    0.12
190        63        0            0        NA        NA 0.72 1.46    0.09
191       171        4            0        NA        NA 2.44 2.14    0.52
192       134        0            0        NA        NA 2.28 1.05    0.13
193       178        1            0        NA        NA 0.95 2.37    0.83
194        91        1            0        NA        NA 2.05 1.59    0.21
195        69        2            0        NA        NA 1.46 1.48    0.67
196       114        4            0        NA        NA 2.43 2.09    0.74
197        48        4            0        NA        NA 0.74 1.94    0.89
198       111        4            0        NA        NA 1.89 2.43    0.47
199       153        0            0        NA        NA 2.32 2.22    0.84
200        19        4            0        NA        NA 1.12 2.48    0.77
201        49        4            0        NA        NA 0.17 2.10    0.50
202        35        4            0        NA        NA 1.48 2.32    0.75
203       119        4            0        NA        NA 2.24 2.15    0.65
204       151        4            0        NA        NA 1.88 2.41    0.52
205        97        4            0        NA        NA 2.44 1.98    0.45
206       119        4            0        NA        NA 2.06 2.47    0.33
207       117        4            0        NA        NA 1.60 2.45    0.51
208       103        4            0        NA        NA 2.36 2.09    0.48
209       117        4            0        NA        NA 1.52 2.26    0.52
210        79        4            0        NA        NA 2.39 1.96    0.44
211        91        4            0        NA        NA 2.43 2.31    0.50
212       125        4            0        NA        NA 1.70 2.46    0.57
213       133        4            0        NA        NA 2.07 2.37    0.28
214        83        1            0        NA        NA 0.18 2.47    0.36
215       115        5            0        NA         5 0.73 1.46    0.78
216        27        0            0        NA        NA 1.51 0.99    0.61
217        15        2            2        NA        NA 1.98 0.21    0.33
218         9        1            2        NA        NA 0.50 1.54    0.47
219       124        1            0        NA        NA 0.36 2.49    0.29
220        83        4            2        NA        NA 0.88 2.44    0.53
221        48        0            0        NA        NA 0.74 1.12    0.65
222        67        1            0        NA        NA 0.65 2.49    0.43
223       114        0            0        NA        NA 1.87 2.43    0.57
224        64        4            2        NA        NA 1.36 2.24    0.61
225        86        4            2        NA        NA 1.22 2.36    0.67
226        66        4            0        NA        NA 0.82 2.41    0.45
227        72        4            2        NA        NA 1.39 2.44    0.56
228        66        4            0        NA        NA 0.94 2.31    0.35
229        73        4            2        NA        NA 1.25 2.45    0.55
230        55        4            0        NA        NA 1.36 2.21    0.48
231        68        4            0        NA        NA 0.99 2.49    0.28
232        76        4            0        NA        NA 0.97 2.37    0.32
233        58        4            0        NA        NA 0.91 2.38    0.43
234        64        4            0        NA        NA 1.18 2.34    0.36
235        36        1            2        NA        NA 1.88 2.38    0.56
236        29        4            0        NA        NA 0.08 1.68    0.14
237       110        0            0        NA        NA 0.32 2.07    0.45
238        51        0            0        NA        NA 2.08 1.79    0.75
239        11        3            1        NA        NA 1.57 0.82    0.00
240        53        4            0        NA        NA 1.37 1.04    0.22
241        29        1            2        NA        NA 1.98 1.59    0.32
242       135        4            0        NA        NA 1.02 2.29    0.75
243        53        1            2        NA        NA 1.19 2.06    0.50
244        32        4            2        NA        NA 1.46 2.12    0.43
245        43        1            0        NA        NA 1.35 1.62    0.36
246        78        4            0        NA        NA 0.84 1.44    0.32
247        30        4            0        NA        NA 2.07 0.83    0.27
248        34        4            0        NA        NA 2.31 2.40    0.33
249        38        4            0        NA        NA 1.72 2.19    0.22
250        40        4            2        NA        NA 1.16 1.99    0.70
251        42        4            0        NA        NA 1.65 1.59    0.20
252        11        1            0        NA        NA 1.43 1.97    0.24
253        57        4            0        NA        NA 2.21 2.35    0.35
254        27        4            0        NA        NA 2.46 2.20    0.42
255        11        4            0        NA        NA 1.86 2.49    0.42
256        24        4            0        NA        NA 1.77 2.24    0.33
257        17        4            0        NA        NA 2.39 2.19    0.39
258        59        4            0        NA        NA 2.10 2.46    0.48
259        21        4            0        NA        NA 2.30 2.28    0.31
260       105        5            2        NA         3 1.96 2.32    0.62
261        18        5            2        NA         2 1.18 1.85    0.34
262         5        2            1        NA        NA 0.71 1.07    0.17
263        86        4            0        NA        NA 1.57 0.84    0.31
264       142        4            0        NA        NA 1.49 1.54    0.23
265       134        4            0        NA        NA 2.16 2.22    0.32
266        50        4            0        NA        NA 1.77 1.35    0.41
267        46        5            0        NA         6 2.34 1.18    0.40
268        14        5            1        NA         6 1.96 0.90    0.59
269       129        4            0        NA        NA 2.42 2.22    0.35
270       119        1            0        NA        NA 2.11 2.41    0.33
271        95        0            0        NA        NA 2.26 1.50    0.55
272       120        4            0        NA        NA 2.42 2.28    0.41
273       121        4            0        NA        NA 2.32 2.34    0.50
274       120        4            0        NA        NA 2.29 1.98    0.31
275       117        4            0        NA        NA 2.18 2.16    0.29
276       112        4            0        NA        NA 2.17 2.25    0.37
277       126        4            0        NA        NA 2.11 2.29    0.49
278       107        4            0        NA        NA 2.02 2.32    0.19
279       113        4            0        NA        NA 2.17 2.37    0.39
280       133        1            0        NA        NA 1.94 1.29    0.17
281        15        2            1        NA        NA 2.18 0.43    0.76
282        90        0            0        NA        NA 2.49 0.75    0.20
283       161        4            2        NA        NA 1.90 1.10    0.83
284        59        5            0        NA         7 1.01 0.98    0.28
285       175        1            0        NA        NA 1.37 2.43    0.46
286       107        0            0        NA        NA 2.32 0.53    0.71
287         6        2            2        NA        NA 0.81 0.04    0.69
288       125        1            0        NA        NA 1.82 2.27    0.65
289       101        0            0        NA        NA 2.35 1.04    0.75
290       167        4            2        NA        NA 1.38 2.08    0.77
291       174        1            0        NA        NA 0.74 2.35    0.42
292        80        1            0        NA        NA 2.02 2.45    0.73
293       149        4            0        NA        NA 1.35 2.41    0.67
294        95        1            0        NA        NA 1.74 2.01    0.66
295       116        4            0        NA        NA 1.37 2.09    0.60
296       163        4            2        NA        NA 1.30 2.44    0.68
297        74        1            0        NA        NA 1.99 2.29    0.67
298        88        1            0        NA        NA 1.83 2.34    0.65
299        71        1            0        NA        NA 2.17 2.42    0.70
300       121        4            0        NA        NA 1.41 2.24    0.59
301       119        4            0        NA        NA 1.66 2.20    0.54
302       113        4            0        NA        NA 1.63 2.32    0.66
303       181        4            0        NA        NA 1.67 2.42    0.39
304        57        4            2        NA        NA 0.73 2.11    0.28
305        75        5            1        NA        10 1.75 0.93    0.53
306        32        5            1        NA         9 1.04 1.79    0.62
307       144        4            1        NA        NA 2.14 2.26    0.45
308        32        1            2        NA        NA 0.64 2.08    0.29
309       194        4            2        NA        NA 1.76 1.78    0.62
310        33        4            1        NA        NA 0.99 1.80    0.24
311        36        5            1        NA         8 2.22 2.06    0.40
312       154        4            2        NA        NA 1.55 2.14    0.43
313        41        4            2        NA        NA 1.18 2.43    0.15
314        41        4            1        NA        NA 1.64 1.53    0.05
315        54        4            2        NA        NA 0.59 2.17    0.22
316       172        4            0        NA        NA 1.50 2.16    0.41
317       152        4            0        NA        NA 1.49 2.32    0.41
318       184        4            0        NA        NA 1.72 2.44    0.45
319        84        4            0        NA        NA 1.29 2.49    0.24
320       151        4            0        NA        NA 1.74 2.46    0.32
321       145        4            0        NA        NA 1.78 2.48    0.33
322       153        4            0        NA        NA 1.84 2.45    0.31
323        92        4            0        NA        NA 1.29 2.42    0.19
324       144        4            0        NA        NA 1.84 2.48    0.33
325       133        4            0        NA        NA 2.11 1.67    0.70
326       164        4            2        NA        NA 0.16 0.65    0.90
327        71        4            1        NA        NA 0.70 1.51    0.87
328       102        4            2        NA        NA 1.25 0.81    0.84
329        64        1            1        NA        NA 1.41 1.90    0.45
330        87        4            0        NA        NA 2.02 1.92    0.81
331        43        1            0        NA        NA 1.83 1.42    0.88
332       151        4            0        NA        NA 2.00 1.57    0.65
333       123        4            2        NA        NA 2.00 2.06    0.81
334        84        4            2        NA        NA 1.76 2.18    0.72
335       137        4            0        NA        NA 2.16 1.77    0.73
336        90        4            0        NA        NA 1.66 2.30    0.57
337       125        4            2        NA        NA 2.22 2.46    0.78
338       134        4            0        NA        NA 1.97 1.85    0.75
339        87        4            0        NA        NA 1.42 2.01    0.55
340       109        4            0        NA        NA 1.70 2.48    0.62
341        89        4            0        NA        NA 1.66 2.08    0.57
342       115        4            0        NA        NA 1.81 2.29    0.57
343        78        4            0        NA        NA 1.79 2.27    0.54
344        92        4            0        NA        NA 1.49 2.19    0.53
345        83        4            0        NA        NA 1.67 2.26    0.60
346        74        4            0        NA        NA 1.81 2.20    0.58
347         6        5            0        NA         6 1.57 1.92    0.71
348       193        5            1        NA         9 0.48 2.39    0.88
349        44        4            2        NA        NA 2.36 1.76    0.21
350       118        5            0        NA         8 0.17 1.45    0.09
351       112        5            0        NA        10 2.28 0.28    0.69
352        62        1            0        NA        NA 1.89 1.76    0.63
353       120        5            0        NA         7 0.72 1.96    0.30
354        72        1            0        NA        NA 2.01 1.66    0.54
355        58        1            0        NA        NA 2.16 2.05    0.16
356        90        4            0        NA        NA 0.96 1.92    0.48
357        67        4            0        NA        NA 0.85 1.72    0.41
358        59        1            0        NA        NA 1.84 1.73    0.55
359        90        4            0        NA        NA 0.78 2.12    0.34
360        94        4            0        NA        NA 1.96 1.81    0.50
361        69        4            0        NA        NA 0.78 2.13    0.39
362        73        4            0        NA        NA 0.95 2.13    0.34
363       126        4            0        NA        NA 2.07 1.88    0.40
364        94        4            0        NA        NA 0.92 1.76    0.22
365        84        4            0        NA        NA 0.78 2.24    0.29
366        78        4            0        NA        NA 0.54 2.45    0.45
367       129        4            0        NA        NA 1.90 2.00    0.42
368        69        4            0        NA        NA 0.71 2.00    0.39
369       165        4            0        NA        NA 0.67 2.31    0.53
370       162        1            0        NA        NA 1.49 2.35    0.37
371       156        4            2        NA        NA 0.79 1.65    0.80
372        63        4            2        NA        NA 0.24 1.10    0.82
373       119        4            1        NA        NA 0.32 1.80    0.85
374       120        4            2        NA        NA 2.26 2.15    0.80
375       165        4            2        NA        NA 1.08 1.76    0.86
376       135        4            1        NA        NA 0.99 2.30    0.86
377       153        4            2        NA        NA 2.17 2.26    0.70
378       196        4            2        NA        NA 1.14 2.28    0.70
379       143        4            0        NA        NA 1.37 2.16    0.61
380       183        4            0        NA        NA 1.25 1.90    0.56
381       109        4            2        NA        NA 1.51 2.35    0.75
382       176        4            2        NA        NA 1.27 2.24    0.69
383       138        4            0        NA        NA 1.79 1.99    0.63
384       154        4            2        NA        NA 1.07 2.46    0.84
385       145        4            0        NA        NA 1.26 2.47    0.54
386        81        4            0        NA        NA 1.53 2.03    0.63
387       135        4            0        NA        NA 1.32 2.29    0.57
388       140        4            0        NA        NA 1.82 2.09    0.70
389       133        4            0        NA        NA 2.13 2.02    0.65
390       131        0            0        NA        NA 2.07 0.93    0.30
391        25        2            1        NA        NA 1.99 2.42    0.60
392        38        0            1        NA        NA 1.52 1.33    0.32
393       106        4            1        NA        NA 1.76 2.50    0.86
394         6        1            2        NA        NA 0.51 1.25    0.41
395       167        1            0        NA        NA 2.38 2.42    0.22
396       127        0            0        NA        NA 2.50 1.35    0.17
397       106        0            0        NA        NA 2.02 2.18    0.24
398       162        0            0        NA        NA 2.16 1.82    0.32
399        42        0            1        NA        NA 1.44 1.99    0.42
400       157        0            0        NA        NA 1.82 2.41    0.29
401       105        0            0        NA        NA 2.26 1.73    0.18
402        84        1            0        NA        NA 1.79 2.18    0.10
403       140        0            0        NA        NA 1.89 1.99    0.18
404       102        0            0        NA        NA 1.96 2.40    0.23
405        95        0            0        NA        NA 1.90 2.18    0.27
406        78        0            0        NA        NA 1.89 2.27    0.32
407        83        1            0        NA        NA 1.82 1.87    0.14
408        88        0            0        NA        NA 1.68 2.50    0.22
409        97        0            0        NA        NA 1.90 2.29    0.22
410       112        0            0        NA        NA 2.12 2.13    0.33
411        72        1            2        NA        NA 1.99 1.38    0.61
412        47        2            1        NA        NA 2.31 2.32    0.27
413        41        5            1        NA         7 0.35 1.77    0.69
414       153        5            0        NA         9 1.76 1.30    0.86
415         4        4            1        NA        NA 1.13 1.92    0.19
416        92        4            2        NA        NA 2.23 2.10    0.76
417        87        0            0        NA        NA 2.34 0.95    0.51
418        32        4            0        NA        NA 1.42 2.04    0.12
419       183        4            2        NA        NA 2.43 2.25    0.51
420        16        2            1        NA        NA 2.23 2.07    0.24
421        47        0            0        NA        NA 2.13 1.41    0.21
422       144        4            2        NA        NA 2.29 2.45    0.62
423       123        4            2        NA        NA 2.18 2.10    0.70
424        73        4            2        NA        NA 2.13 1.88    0.82
425         6        2            1        NA        NA 2.27 2.23    0.07
426        17        2            1        NA        NA 1.93 2.36    0.19
427        14        2            1        NA        NA 2.25 2.21    0.12
428       184        4            2        NA        NA 2.49 2.33    0.60
429       200        4            2        NA        NA 2.48 2.31    0.64
430       175        4            2        NA        NA 2.26 2.19    0.65
431       144        4            2        NA        NA 2.33 2.35    0.70
432       147        4            2        NA        NA 2.35 2.49    0.60
# 2025-12-01 05:41:48 -03: Testing results (column number is configuration ID in no particular order):
         seeds            1            2            3            4            5
1t  1104875518 8.627752e-01 1.328924e+00 1.172021e+00 1.546156e+00 1.433283e+00
2t  1549050209 3.917606e+06 1.650004e+07 9.737815e+06 8.266840e+06 9.354943e+06
3t  1174776397 1.246996e+06 2.011291e+06 2.023716e+06 2.489014e+06 1.975484e+06
4t  1205514385 1.392575e+05 1.502065e+05 1.276650e+05 1.482904e+05 1.455650e+05
5t  1269036648 5.767839e+01 3.273430e+01 4.133064e+01 4.607073e+01 4.305172e+01
6t   982293572 2.201638e+01 3.219417e+01 1.103220e+02 3.903376e+02 2.902836e+02
7t   156556865 1.968997e+04 1.421529e+04 1.048555e+04 6.272948e+03 8.167980e+03
8t   383206606 5.091882e+00 6.618271e+00 5.938292e+00 6.852270e+00 6.756072e+00
9t  1079347026 3.519394e+02 3.023866e+02 3.409513e+02 3.033659e+02 3.604443e+02
10t  510527506 2.232846e+01 2.844731e+01 2.368616e+01 2.868496e+01 3.044512e+01
11t 1473154296 3.345958e+02 2.871071e+02 3.332632e+02 3.185342e+02 3.249801e+02
12t  547398673 2.725748e+04 2.024594e+04 5.557356e+02 2.028644e+04 1.700725e+04
13t 1087392007 2.007614e+01 1.962191e+01 1.930625e+01 2.001204e+01 1.967699e+01
14t  918544550 2.117503e+01 2.098760e+01 2.108049e+01 2.115263e+01 2.116950e+01
15t 2035905571 1.298420e+02 1.748564e+05 2.669704e+02 2.195496e+02 2.107973e+02
16t 1084982004 4.921973e+01 1.204928e+02 4.767344e+01 4.872815e+01 4.881549e+01
17t 1697094113 6.400996e+02 1.536278e+02 4.641617e+00 4.892507e-01 4.698064e-02
18t 1191983995 8.365706e-01 9.237723e-01 9.316629e-01 9.583687e-01 9.550889e-01
19t  315601172 2.422562e+03 7.263457e+02 6.947993e+02 6.546493e+02 6.991985e+02
20t 1314283962 4.226186e+02 2.913734e+02 3.334910e+02 4.454251e+02 4.602427e+02
21t 1862256145 3.441980e+04 2.907112e+04 2.775516e+04 3.261688e+04 3.383014e+04
22t  399124654 3.601316e+04 3.031160e+04 2.973188e+04 3.534774e+04 3.474559e+04
23t  639022122 7.927930e+01 5.733698e+01 5.059941e+01 6.029930e+01 6.252005e+01
24t  286590974 2.497654e+00 7.805303e-01 5.759330e-01 3.159360e+00 3.417537e+00
25t 2038505400 5.469944e-01 7.514295e-01 7.096267e-01 6.109038e-01 6.547241e-01
26t 2137612560 2.754875e-01 4.220197e-01 3.257527e-01 3.005063e-01 3.677828e-01
27t  634216151 5.221176e+01 1.133709e+02 1.009838e+02 6.254743e+01 9.302199e+01
28t 2094582059 1.365527e+02 2.576120e+02 2.608627e+02 2.472409e+02 2.381091e+02
29t  808424438 4.737873e+02 3.567349e+02 4.095579e+02 3.866640e+02 4.033354e+02
30t  814113204 7.801537e+01 1.147754e+01 1.198725e+01 1.203549e+01 1.126460e+01
31t  500654522 1.055822e+02 2.369003e+02 2.453340e+02 1.661442e+02 1.340910e+02
32t   26650615 3.909544e+02 5.091824e+02 4.244123e+02 4.542209e+02 5.206484e+02
33t 1864613683 1.818601e+02 1.296411e+02 1.309270e+02 1.140034e+02 1.450637e+02
34t  250474493 2.554120e+01 3.024435e+01 2.329028e+01 2.868587e+01 2.875550e+01
35t  121478496 1.454462e+04 1.311587e+04 1.322980e+04 1.276494e+04 1.291478e+04
36t  938816884 1.262989e+05 1.715394e+05 2.272107e+05 2.146665e+05 2.094147e+05
37t  877422721 6.785776e+01 5.560902e+01 6.050922e+01 6.109319e+01 6.448818e+01
38t 2119065494 1.516151e+05 2.325052e+05 3.602833e+05 1.446634e+05 1.846901e+05
39t 1056119992 4.989177e+00 7.315542e+00 5.768495e+00 6.933004e+00 6.745335e+00
40t 1747340444 1.115655e+03 9.984425e+01 1.349073e+02 1.574515e+02 3.028168e+02
41t 1852738776 8.571470e+02 4.491894e+02 4.474334e+02 4.498604e+02 4.495340e+02
42t  814197997 3.420066e+02 4.796915e+02 3.832581e+02 2.878694e+02 3.035094e+02
43t  730373288 4.304616e+02 4.326601e+02 4.251898e+02 3.568435e+02 3.654063e+02
44t  984640285 9.296405e+02 9.456041e+02 9.578874e+02 9.521036e+02 9.567899e+02
45t 1072743689 9.259492e+02 9.385696e+02 9.261744e+02 9.481850e+02 9.520891e+02
46t 1443873146 9.282218e+02 9.558401e+02 9.333701e+02 9.466101e+02 9.528793e+02
47t  159693056 1.193876e+03 5.395125e+02 5.392293e+02 5.590006e+02 5.495489e+02
48t 1002916226 1.234338e+03 1.023647e+03 1.066945e+03 1.009206e+03 1.027066e+03
49t  637307808 1.222311e+03 5.654235e+02 5.561443e+02 5.709530e+02 5.732859e+02
50t  454915817 1.339757e+03 9.841861e+02 1.133302e+03 1.209177e+03 1.199247e+03
               6            7            8            9           10
1t  2.070693e+00 9.254869e-01 1.946719e+00 1.608086e+00 5.762837e-01
2t  3.771607e+07 8.977713e+06 5.783748e+06 3.556642e+06 2.517553e+06
3t  6.439874e+06 1.328290e+06 2.637131e+06 2.219237e+06 9.815735e+05
4t  1.392304e+05 1.136570e+05 1.437291e+05 6.538979e+04 9.133614e+04
5t  5.450466e+01 3.251199e+01 2.675932e+01 1.849806e+01 4.275910e+01
6t  4.307697e+02 3.367063e+01 9.522822e+01 7.221768e+00 4.239963e+00
7t  2.248163e+04 1.088088e+04 4.633589e+03 1.542847e+05 1.519752e+04
8t  4.871443e+00 5.208909e+00 7.789950e+00 7.101981e+00 5.672026e+01
9t  2.764234e+02 3.461597e+02 2.554936e+02 3.511443e+02 3.982480e+02
10t 2.359075e+01 2.424191e+01 3.225050e+01 3.033818e+01 2.222747e+01
11t 2.778271e+02 3.051317e+02 2.431210e+02 3.649152e+02 4.232520e+02
12t 2.621095e+04 1.793703e+04 5.386409e+03 3.113991e+03 1.223326e+04
13t 1.958685e+01 1.979837e+01 1.834847e+00 2.055434e+01 2.053718e+01
14t 2.106033e+01 2.096214e+01 2.118152e+01 2.115656e+01 2.115889e+01
15t 5.317327e+05 1.262631e+02 2.286910e+02 2.036722e+02 1.061765e+02
16t 1.579751e+02 4.764572e+01 4.920587e+01 4.896072e+01 4.920669e+01
17t 1.425734e+02 1.896256e+01 5.845918e-02 6.154311e-02 2.641524e+02
18t 9.148618e-01 8.292634e-01 9.889354e-01 9.596225e-01 7.395460e-01
19t 1.253344e+03 9.241025e+02 4.006928e+02 9.759270e+02 2.834965e+03
20t 3.012103e+02 3.160535e+02 3.071140e+02 5.305867e+02 7.201940e+02
21t 3.065710e+04 2.841944e+04 3.102650e+04 3.008724e+04 3.661124e+04
22t 3.111509e+04 2.955464e+04 3.188229e+04 3.335955e+04 3.653417e+04
23t 5.569725e+01 5.171104e+01 3.952419e+01 7.420027e+01 7.509198e+01
24t 7.408224e-01 7.107179e-01 2.210812e+00 4.723747e+00 3.566993e+00
25t 8.004360e-01 6.722262e-01 6.162625e-01 7.209701e-01 6.165950e-01
26t 8.032635e-01 2.904881e-01 3.283344e-01 3.047203e-01 3.017174e-01
27t 8.741806e+01 9.575162e+01 8.508781e+01 9.050933e+01 6.843374e+01
28t 2.002787e+03 2.481972e+02 2.719837e+02 2.136410e+02 1.326478e+02
29t 3.580650e+02 3.952714e+02 3.324889e+02 5.276754e+02 4.888337e+02
30t 1.210713e+01 1.373060e+01 1.262389e+01 1.672661e+01 2.747221e+02
31t 2.292740e+02 2.020412e+02 1.510635e+02 1.916838e+02 1.253925e+02
32t 3.879569e+02 3.782032e+02 2.744283e+02 2.982560e+02 3.798890e+02
33t 1.312979e+02 1.410128e+02 1.075664e+02 1.916042e+02 1.533694e+02
34t 3.103596e+01 3.154542e+01 3.079733e+01 3.651039e+01 3.003990e+01
35t 1.368680e+04 1.394187e+04 1.265275e+04 1.322323e+04 1.465007e+04
36t 1.857439e+05 2.128816e+05 1.734800e+05 1.813411e+05 1.345077e+05
37t 5.744122e+01 5.642570e+01 5.964568e+01 7.222352e+01 7.111239e+01
38t 2.823312e+05 2.057772e+05 1.558904e+05 3.513938e+05 1.370060e+05
39t 2.184920e+01 7.088463e+00 6.736906e+00 6.259214e+00 4.623525e+00
40t 3.145369e+02 2.184177e+02 5.090799e+01 4.812923e+01 5.742723e+02
41t 4.468708e+02 4.467000e+02 4.515066e+02 4.506062e+02 4.449649e+02
42t 3.728129e+02 3.658278e+02 2.856828e+02 3.234955e+02 3.360019e+02
43t 4.333367e+02 5.030273e+02 3.138426e+02 3.628871e+02 3.964815e+02
44t 1.070210e+03 9.472839e+02 9.289547e+02 9.776113e+02 9.274312e+02
45t 9.368886e+02 9.559398e+02 9.308689e+02 5.623054e+02 9.277297e+02
46t 9.494220e+02 9.387552e+02 9.342252e+02 9.887744e+02 9.267509e+02
47t 5.324167e+02 5.337017e+02 5.663799e+02 9.181241e+02 1.213971e+03
48t 1.139267e+03 1.064464e+03 9.731662e+02 1.062518e+03 1.287320e+03
49t 1.203512e+03 5.558689e+02 5.828796e+02 1.197402e+03 1.215722e+03
50t 1.203932e+03 1.271331e+03 1.149372e+03 1.081323e+03 1.338656e+03
              11           12           13           14           15
1t  6.998134e-01 8.790142e-01 7.636922e-01 8.025056e-01 6.141528e-01
2t  3.962815e+06 2.465584e+06 3.412550e+06 2.884654e+06 4.357949e+06
3t  1.239134e+06 1.409592e+06 1.223814e+06 1.176951e+06 1.247910e+06
4t  1.075574e+05 5.736298e+04 9.597010e+04 6.067767e+04 8.367039e+04
5t  4.444420e+01 1.233065e+01 3.304340e+01 2.558411e+01 4.071109e+01
6t  1.373982e+01 3.678251e+00 4.653983e+00 2.486947e+00 6.416918e+00
7t  8.239492e+03 5.630878e+03 2.608101e+04 5.960814e+04 9.686549e+03
8t  4.757889e+00 5.014103e+00 4.831672e+00 4.729701e+00 4.945491e+00
9t  3.214860e+02 3.043141e+02 3.172528e+02 3.328505e+02 3.115612e+02
10t 2.338718e+01 2.409685e+01 2.581358e+01 2.428947e+01 2.485254e+01
11t 3.174944e+02 3.459851e+02 3.677198e+02 3.514070e+02 3.330012e+02
12t 2.326071e+04 1.117255e+04 1.056535e+04 7.661201e+03 1.742072e+04
13t 2.003651e+01 1.992134e+01 1.980053e+01 2.023115e+01 1.969017e+01
14t 2.089343e+01 2.114696e+01 2.089185e+01 2.113735e+01 2.077024e+01
15t 1.333386e+02 1.403543e+02 1.152934e+02 1.214784e+02 2.416002e+02
16t 4.924257e+01 4.385840e+01 4.925043e+01 4.838692e+01 4.921393e+01
17t 1.203097e+00 2.063836e-01 9.769918e-02 2.256121e-02 7.644151e-01
18t 7.930491e-01 8.006173e-01 7.280596e-01 8.024238e-01 8.247097e-01
19t 7.748209e+02 6.987483e+02 8.521917e+02 1.451433e+03 8.277776e+02
20t 4.224822e+02 3.837340e+02 4.354408e+02 4.463535e+02 3.021619e+02
21t 2.821541e+04 2.736119e+04 3.015822e+04 2.839327e+04 2.809175e+04
22t 2.828799e+04 2.805578e+04 2.946779e+04 2.950658e+04 2.807114e+04
23t 5.565915e+01 6.074281e+01 7.080018e+01 7.033612e+01 6.057477e+01
24t 8.573772e-01 3.177946e+00 5.943270e-01 7.978644e-01 7.797123e-01
25t 6.005615e-01 7.247559e-01 6.779489e-01 6.642300e-01 7.383664e-01
26t 7.054874e-01 3.287984e-01 3.751581e-01 4.147329e-01 4.224125e-01
27t 1.072288e+02 1.207138e+02 1.215002e+02 1.247411e+02 1.040628e+02
28t 1.703526e+02 2.109700e+02 2.133589e+02 2.722359e+02 2.493157e+02
29t 3.837942e+02 3.993477e+02 5.446466e+02 4.996334e+02 4.121128e+02
30t 1.043836e+01 1.243605e+01 1.087945e+01 1.798468e+01 8.663927e+00
31t 1.906243e+02 2.506921e+02 2.755164e+02 2.409997e+02 1.566642e+02
32t 7.680858e+02 6.401730e+02 7.706507e+02 7.640866e+02 9.114387e+02
33t 1.582506e+02 1.599231e+02 1.813882e+02 2.041157e+02 1.593754e+02
34t 2.835262e+01 3.187353e+01 3.600956e+01 3.657716e+01 2.736130e+01
35t 1.367900e+04 1.395214e+04 1.342538e+04 1.416159e+04 1.339035e+04
36t 1.835523e+05 2.103505e+05 2.329611e+05 2.401129e+05 1.736592e+05
37t 5.867772e+01 6.150583e+01 6.038075e+01 5.543080e+01 5.316862e+01
38t 2.886441e+05 2.539752e+05 1.755670e+05 2.087661e+05 2.372987e+05
39t 7.003977e+00 7.627754e+00 8.019639e+00 6.956457e+00 6.875125e+00
40t 1.675754e+02 8.180987e+01 1.433705e+02 1.145717e+02 1.587447e+02
41t 4.462535e+02 4.472706e+02 4.454886e+02 4.442525e+02 4.460860e+02
42t 3.357050e+02 4.023599e+02 4.422980e+02 4.904931e+02 3.877575e+02
43t 5.310854e+02 4.946202e+02 4.718555e+02 4.792528e+02 4.315197e+02
44t 9.455048e+02 1.006030e+03 9.311944e+02 1.213853e+03 9.337071e+02
45t 9.284808e+02 9.340020e+02 9.497612e+02 9.473243e+02 9.251198e+02
46t 9.386628e+02 9.337578e+02 1.014216e+03 9.457795e+02 9.292325e+02
47t 5.301564e+02 5.353568e+02 8.911072e+02 1.199512e+03 5.300135e+02
48t 1.089662e+03 1.103541e+03 1.165964e+03 1.119387e+03 1.175540e+03
49t 5.525513e+02 5.513325e+02 5.435434e+02 8.954782e+02 8.992786e+02
50t 1.231108e+03 1.140732e+03 1.275599e+03 1.301830e+03 1.231910e+03
              16           17           18           19           20
1t  9.557572e-01 9.220307e-01 9.044321e-01 8.169196e-01 8.137069e-01
2t  1.741045e+07 3.820618e+06 1.439160e+07 4.557143e+06 5.703176e+06
3t  1.469543e+06 1.548458e+06 1.434883e+06 1.384329e+06 1.278845e+06
4t  9.974685e+04 9.029709e+04 9.899339e+04 1.034848e+05 9.996211e+04
5t  5.171970e+01 3.535605e+01 4.628981e+01 2.101998e+01 5.034810e+01
6t  1.244810e+02 8.747068e+00 8.044677e+01 1.540677e+01 2.132519e+01
7t  8.311350e+03 5.916438e+03 5.970058e+03 7.164556e+03 6.374981e+03
8t  5.272441e+00 5.497028e+00 5.023213e+00 5.039688e+00 4.995174e+00
9t  2.991033e+02 3.016696e+02 2.863022e+02 3.113210e+02 3.264484e+02
10t 2.605611e+01 2.599531e+01 2.390199e+01 2.481942e+01 2.526503e+01
11t 3.250417e+02 3.232312e+02 3.148765e+02 3.265122e+02 3.208845e+02
12t 1.043358e+04 2.066491e+04 2.129472e+04 1.953154e+04 1.054145e+04
13t 1.985739e+01 1.997119e+01 1.974849e+01 1.989270e+01 1.995255e+01
14t 2.096794e+01 2.103028e+01 2.089390e+01 2.101238e+01 2.084215e+01
15t 1.552576e+02 1.439970e+02 1.415907e+02 1.289922e+02 1.265020e+02
16t 4.890046e+01 4.927244e+01 4.918907e+01 4.901973e+01 4.925800e+01
17t 3.491924e+01 1.055982e+00 1.883656e+01 5.743577e+00 4.155452e+00
18t 9.071642e-01 8.710293e-01 8.478216e-01 8.673969e-01 8.264931e-01
19t 6.648727e+02 6.224863e+02 6.560135e+02 6.560254e+02 6.592626e+02
20t 3.490374e+02 2.992327e+02 2.973476e+02 3.689322e+02 4.067100e+02
21t 2.857129e+04 2.825152e+04 2.801668e+04 2.846531e+04 2.801368e+04
22t 2.820828e+04 2.981816e+04 2.935643e+04 2.787194e+04 2.798603e+04
23t 5.544738e+01 5.587502e+01 5.302390e+01 6.088160e+01 6.096531e+01
24t 6.947901e-01 6.892315e-01 1.250363e+00 1.208659e+00 9.070636e-01
25t 7.273267e-01 4.950779e-01 6.887396e-01 5.906652e-01 7.372025e-01
26t 7.483511e-01 3.622493e-01 7.646752e-01 8.112499e-01 3.075689e-01
27t 7.678431e+01 1.177996e+02 8.024082e+01 9.888035e+01 1.104173e+02
28t 2.136642e+02 2.069719e+02 2.358612e+02 2.449939e+02 2.289298e+02
29t 3.597635e+02 4.258334e+02 4.394646e+02 3.418622e+02 4.045823e+02
30t 2.024459e+01 1.049843e+01 1.062823e+01 1.144139e+01 1.133130e+01
31t 1.772828e+02 2.228048e+02 1.531788e+02 2.209269e+02 1.976888e+02
32t 7.195640e+02 4.542404e+02 1.681691e+03 8.110852e+02 6.001915e+02
33t 1.377612e+02 1.411948e+02 1.351024e+02 1.548733e+02 1.627585e+02
34t 2.501072e+01 2.845112e+01 2.426707e+01 2.199884e+01 2.164506e+01
35t 1.322971e+04 1.385035e+04 1.332603e+04 1.361545e+04 1.338044e+04
36t 1.826336e+05 1.944968e+05 2.180887e+05 1.656498e+05 1.971229e+05
37t 5.757728e+01 6.262342e+01 5.756843e+01 6.078686e+01 5.546890e+01
38t 2.855941e+05 2.890766e+05 1.829416e+05 1.753126e+05 3.013312e+05
39t 7.965847e+00 5.833943e+00 5.915505e+00 5.687516e+00 5.303976e+00
40t 1.328782e+02 1.360668e+02 1.285186e+02 1.316099e+02 1.687131e+02
41t 4.464419e+02 4.471828e+02 4.465537e+02 4.472770e+02 4.457882e+02
42t 3.025341e+02 3.933156e+02 3.722031e+02 3.444562e+02 4.331190e+02
43t 3.787504e+02 4.279257e+02 3.821843e+02 4.951052e+02 5.313645e+02
44t 9.359755e+02 9.359554e+02 9.434975e+02 9.360464e+02 9.339530e+02
45t 9.356195e+02 9.299710e+02 9.283526e+02 9.349360e+02 9.320121e+02
46t 9.435984e+02 9.748357e+02 9.328601e+02 9.341298e+02 9.406962e+02
47t 1.024637e+03 5.334157e+02 5.284304e+02 5.324159e+02 5.291860e+02
48t 9.869189e+02 9.908931e+02 1.003740e+03 1.026226e+03 1.056553e+03
49t 9.106269e+02 1.190521e+03 9.064469e+02 9.092669e+02 1.026313e+03
50t 1.146414e+03 1.223028e+03 1.131610e+03 1.246820e+03 1.172359e+03
              21           22           23           24           25
1t  6.780805e-01 8.549497e-01 8.079054e-01 2.828114e+00 9.753580e-01
2t  3.992682e+06 1.219091e+07 3.118589e+06 1.242528e+07 3.667100e+06
3t  1.230119e+06 1.271613e+06 1.187076e+06 4.441104e+06 1.793821e+06
4t  8.360915e+04 1.103795e+05 5.742425e+04 1.512551e+05 4.894699e+04
5t  4.360923e+01 5.669856e+01 1.247146e+01 4.773774e+01 1.981914e+01
6t  1.010172e+01 1.223439e+02 3.077382e+00 6.357882e+02 5.656160e+00
7t  1.598885e+04 5.710364e+03 3.519302e+03 7.800634e+03 3.886267e+04
8t  4.823340e+00 4.605044e+00 5.074994e+00 9.743093e+00 1.577034e+04
9t  3.043559e+02 3.128734e+02 3.097351e+02 3.172314e+02 3.583542e+02
10t 2.362592e+01 2.618153e+01 2.518735e+01 3.601159e+01 2.749187e+01
11t 3.258092e+02 3.410152e+02 3.217759e+02 3.069028e+02 3.855860e+02
12t 1.836935e+04 1.709734e+04 5.422778e+03 1.917141e+04 1.323977e+04
13t 1.992491e+01 1.991244e+01 2.003888e+01 1.985014e+01 2.036669e+01
14t 2.084116e+01 2.090538e+01 2.084206e+01 2.115163e+01 2.092016e+01
15t 1.323263e+02 1.439882e+02 1.273514e+02 4.133643e+02 7.194692e+02
16t 4.920884e+01 5.019812e+01 4.458052e+01 4.942498e+01 4.848267e+01
17t 6.106979e+00 3.024789e+01 1.211094e-01 1.091716e-01 1.373047e-01
18t 8.112113e-01 7.748340e-01 8.196521e-01 1.047737e+00 8.868784e-01
19t 9.790095e+02 7.451147e+02 7.830142e+02 6.582771e+02 7.048671e+02
20t 3.390068e+02 4.026924e+02 4.374904e+02 4.495262e+02 6.096278e+02
21t 2.735020e+04 2.750102e+04 2.883753e+04 3.431965e+04 2.839278e+04
22t 2.945583e+04 2.898007e+04 2.943308e+04 3.492314e+04 3.089183e+04
23t 5.791433e+01 6.506231e+01 6.667640e+01 5.292883e+01 7.063047e+01
24t 1.242926e+00 8.447499e-01 6.634183e-01 3.874728e+00 5.434701e-01
25t 8.625240e-01 6.939156e-01 7.954246e-01 5.684832e-01 7.157347e-01
26t 7.592378e-01 3.661026e-01 4.097698e-01 3.074587e-01 3.418854e-01
27t 1.239875e+02 1.147194e+02 1.215644e+02 6.164508e+01 1.190719e+02
28t 2.341961e+02 2.057633e+02 2.355120e+02 2.967422e+02 2.087396e+02
29t 4.521413e+02 2.359025e+02 4.310826e+02 3.641530e+02 6.290836e+02
30t 1.421436e+01 1.257256e+01 9.446564e+00 1.788722e+01 1.044363e+03
31t 1.883983e+02 1.802632e+02 2.511742e+02 1.341204e+02 2.038964e+02
32t 8.558118e+02 1.655889e+03 6.541419e+02 3.844410e+02 5.897594e+02
33t 1.543639e+02 1.366189e+02 1.218670e+02 1.220477e+02 1.917058e+02
34t 2.418079e+01 2.114536e+01 3.322686e+01 3.409464e+01 3.506424e+01
35t 1.345081e+04 1.369797e+04 1.346952e+04 1.263975e+04 1.306196e+04
36t 1.470954e+05 1.493366e+05 1.662103e+05 4.291179e+05 3.008051e+05
37t 5.851203e+01 5.729776e+01 5.889699e+01 6.354528e+01 6.703698e+01
38t 2.578796e+05 2.353822e+05 2.209495e+05 1.758025e+05 4.111536e+05
39t 5.521381e+00 7.638112e+00 5.367784e+00 6.457435e+00 6.028201e+00
40t 1.601494e+02 3.654361e+02 9.770385e+01 1.123936e+02 6.590650e+01
41t 4.458875e+02 4.464297e+02 4.465124e+02 4.559221e+02 4.487151e+02
42t 4.265565e+02 4.272873e+02 4.348132e+02 3.283896e+02 5.072659e+02
43t 4.522003e+02 4.398782e+02 4.755268e+02 3.382155e+02 4.320145e+02
44t 9.601240e+02 9.342273e+02 9.299663e+02 8.564145e+02 9.408752e+02
45t 9.293980e+02 9.343331e+02 9.310011e+02 9.326315e+02 9.520803e+02
46t 9.325058e+02 9.343063e+02 9.892446e+02 9.388470e+02 1.028205e+03
47t 5.290506e+02 5.311426e+02 5.307870e+02 6.074188e+02 1.192514e+03
48t 1.117165e+03 1.009320e+03 1.171087e+03 9.942992e+02 1.204510e+03
49t 9.043245e+02 9.073493e+02 5.502013e+02 6.194142e+02 5.626587e+02
50t 1.269594e+03 1.213115e+03 1.277150e+03 1.146643e+03 1.321270e+03
              26           27           28           29           30
1t  1.677664e+00 2.146974e+00 7.656449e+01 1.370268e+00 1.717535e+00
2t  1.108097e+07 3.869855e+06 4.495811e+07 4.734922e+06 1.721889e+06
3t  2.767627e+06 3.166542e+06 6.506659e+06 2.607482e+06 2.657393e+06
4t  1.094457e+05 2.918238e+04 1.390773e+05 3.772246e+04 3.824450e+04
5t  4.125464e+01 1.483423e+01 4.580705e+01 1.114666e+01 7.996847e+00
6t  8.416803e+01 9.385578e+00 7.738867e+02 7.506974e+00 9.830279e+00
7t  2.006860e+04 1.951473e+03 9.709137e+03 1.630687e+03 8.568057e+04
8t  7.255758e+00 7.978808e+00 8.872167e+00 6.431354e+00 7.272982e+00
9t  3.066111e+02 3.137168e+02 2.704074e+02 3.148565e+02 3.595060e+02
10t 3.068150e+01 3.597181e+01 3.533600e+01 3.246883e+01 3.244517e+01
11t 2.874783e+02 3.295643e+02 3.074086e+02 2.991537e+02 4.045268e+02
12t 1.866154e+04 2.288784e+02 2.635993e+04 2.157824e+03 2.215065e+02
13t 2.018886e+01 1.945924e+01 1.983952e+01 2.013495e+01 2.061770e+01
14t 2.118896e+01 2.112280e+01 2.113340e+01 2.106581e+01 2.110372e+01
15t 4.721606e+02 3.023927e+02 4.965998e+05 1.871719e+02 4.886971e+02
16t 4.712889e+01 4.744439e+01 7.700416e+01 4.716174e+01 4.847692e+01
17t 1.440557e+00 6.859920e-02 1.016465e+02 4.605030e-02 5.093665e-02
18t 1.003507e+00 1.014538e+00 1.322611e+00 9.914475e-01 1.009094e+00
19t 4.705260e+02 6.040123e+02 6.028272e+02 6.593824e+02 7.521568e+02
20t 3.020735e+02 2.452481e+02 2.501882e+02 3.803623e+02 5.316999e+02
21t 2.836460e+04 3.051680e+04 2.893680e+04 3.046272e+04 3.068205e+04
22t 2.948703e+04 3.050193e+04 3.517117e+04 2.957247e+04 2.810736e+04
23t 4.812469e+01 4.440793e+01 5.233063e+01 5.313130e+01 6.258029e+01
24t 3.348993e-01 6.554657e-01 3.834370e+00 1.550453e+00 4.568579e-01
25t 7.924766e-01 5.445816e-01 5.167361e-01 6.533224e-01 6.114843e-01
26t 3.521426e-01 3.889215e-01 3.798162e-01 2.909292e-01 3.556595e-01
27t 9.195259e+01 1.100996e+02 8.699928e+01 1.453504e+02 1.091249e+02
28t 2.865999e+02 2.635566e+02 4.990309e+02 2.355157e+02 2.694478e+02
29t 3.219411e+02 3.435965e+02 3.514240e+02 3.651668e+02 3.950680e+02
30t 1.434799e+01 1.483239e+01 1.598020e+01 1.566046e+01 1.168565e+01
31t 2.651299e+02 2.434091e+02 2.345470e+02 2.670674e+02 2.288573e+02
32t 4.170736e+02 4.707624e+02 3.325238e+02 4.494006e+02 3.774583e+02
33t 1.126622e+02 1.373255e+02 1.161485e+02 1.395660e+02 1.300715e+02
34t 2.909615e+01 4.322011e+01 3.480181e+01 3.456897e+01 4.239112e+01
35t 1.273549e+04 1.326146e+04 1.327668e+04 1.324268e+04 1.285179e+04
36t 2.643078e+05 3.928226e+05 2.932863e+05 2.946846e+05 1.932581e+05
37t 6.375847e+01 5.855708e+01 6.154302e+01 7.134239e+01 6.820369e+01
38t 3.481784e+05 4.310351e+05 1.584669e+05 4.445035e+05 2.873804e+05
39t 5.317608e+00 5.714170e+00 4.594538e+01 5.144356e+00 5.425305e+00
40t 4.239247e+01 1.982175e+01 1.457317e+02 3.203718e+01 1.941244e+01
41t 4.507828e+02 4.537422e+02 4.551362e+02 4.497240e+02 4.517749e+02
42t 2.996166e+02 3.130359e+02 3.719871e+02 3.304329e+02 4.038227e+02
43t 3.505956e+02 4.388056e+02 4.424891e+02 3.994598e+02 4.377200e+02
44t 9.443780e+02 9.269439e+02 9.437220e+02 9.503571e+02 9.319215e+02
45t 9.909913e+02 9.250355e+02 9.248421e+02 9.362850e+02 9.934479e+02
46t 9.346580e+02 9.317225e+02 9.397345e+02 9.417196e+02 9.823149e+02
47t 1.025270e+03 5.691907e+02 1.206510e+03 9.140638e+02 5.638529e+02
48t 9.700390e+02 1.008520e+03 9.970203e+02 1.089345e+03 1.072099e+03
49t 1.038320e+03 6.097661e+02 6.048892e+02 1.021080e+03 5.899787e+02
50t 9.102918e+02 9.200174e+02 9.340760e+02 1.079479e+03 3.595131e+02
              31           32           33           34           35
1t  2.027056e+00 2.371058e+00 1.174342e+00 1.531362e+00 1.450076e+00
2t  1.041335e+07 2.849954e+07 4.407572e+06 7.845404e+06 6.260227e+06
3t  3.055883e+06 1.312799e+07 1.997934e+06 2.429712e+06 2.530842e+06
4t  7.378694e+04 1.180113e+05 9.043850e+04 9.402620e+04 7.550421e+04
5t  6.620983e+00 1.095774e+01 4.206392e+01 3.010937e+01 2.569767e+01
6t  1.964747e+01 4.809538e+02 4.808096e+01 2.023935e+01 6.824602e+01
7t  1.839578e+03 4.040737e+03 4.339193e+03 4.882746e+03 4.091955e+03
8t  8.239253e+00 7.264305e+00 6.397811e+00 6.401920e+00 6.836458e+00
9t  2.516604e+02 2.612561e+02 2.952813e+02 3.132034e+02 2.771302e+02
10t 3.594110e+01 3.366675e+01 2.941358e+01 2.931744e+01 2.848456e+01
11t 2.541972e+02 2.644103e+02 3.208591e+02 3.302330e+02 2.822067e+02
12t 1.823081e+02 2.509941e+02 8.897646e+03 1.767590e+02 2.009637e+02
13t 1.945765e+00 1.836837e+00 1.994750e+01 1.996755e+01 1.630144e+00
14t 2.112964e+01 2.111568e+01 2.115708e+01 2.113409e+01 2.109410e+01
15t 2.723788e+02 2.499148e+04 1.071880e+03 2.400509e+02 2.222826e+02
16t 4.780849e+01 5.193017e+01 4.920905e+01 1.038416e+02 4.834901e+01
17t 9.984436e-02 1.462222e+00 4.287084e-02 1.376349e+00 1.391069e-01
18t 1.010714e+00 1.040173e+00 9.562181e-01 1.001266e+00 9.759834e-01
19t 3.917367e+02 4.563210e+02 8.387525e+02 5.108218e+02 4.965895e+02
20t 1.806509e+02 2.887206e+02 4.563066e+02 3.683137e+02 2.702964e+02
21t 2.816109e+04 2.711342e+04 3.307810e+04 2.908187e+04 2.753631e+04
22t 2.797767e+04 2.892200e+04 3.418514e+04 2.791425e+04 2.821205e+04
23t 3.881540e+01 4.423620e+01 4.990847e+01 5.778482e+01 4.577655e+01
24t 4.829602e-01 7.718664e-01 3.435974e+00 6.671098e-01 7.116266e-01
25t 8.372646e-01 5.869602e-01 6.354535e-01 7.285411e-01 7.790100e-01
26t 7.041202e-01 2.776957e-01 3.000205e-01 7.907195e-01 3.293656e-01
27t 1.084609e+02 9.110137e+01 7.819116e+01 1.040365e+02 1.139518e+02
28t 3.110398e+02 2.379410e+05 2.272134e+02 2.495346e+02 2.568701e+02
29t 3.093857e+02 3.586187e+02 3.714022e+02 4.011924e+02 3.188616e+02
30t 1.521078e+01 1.190714e+01 1.146292e+01 1.776818e+01 1.375199e+01
31t 1.989724e+02 1.723183e+02 1.853891e+02 2.730495e+02 1.869192e+02
32t 6.666951e+02 3.739131e+02 3.011992e+02 4.097189e+02 5.470925e+02
33t 1.099768e+02 1.213659e+02 1.129974e+02 1.478972e+02 1.011524e+02
34t 3.060212e+01 2.851311e+01 2.887391e+01 2.766451e+01 2.572527e+01
35t 1.285690e+04 1.254449e+04 1.297984e+04 1.298021e+04 1.273414e+04
36t 3.871409e+05 2.689705e+05 2.028937e+05 4.712782e+05 2.020903e+05
37t 6.078273e+01 6.005481e+01 6.268009e+01 6.296622e+01 6.080891e+01
38t 3.846073e+05 2.742515e+05 1.439143e+05 4.958850e+05 3.741412e+05
39t 6.134225e+00 7.285740e+00 5.090013e+00 6.140891e+00 5.237456e+00
40t 2.457364e+01 3.063362e+01 1.295108e+02 3.565970e+01 6.956268e+01
41t 5.862076e+02 4.344273e+02 4.497392e+02 4.505760e+02 4.507977e+02
42t 2.793085e+02 3.121688e+02 3.386658e+02 4.154920e+02 2.674362e+02
43t 4.388736e+02 3.752749e+02 3.964635e+02 3.926863e+02 3.197917e+02
44t 9.314679e+02 9.311133e+02 9.377203e+02 9.311903e+02 9.261838e+02
45t 9.235395e+02 9.324428e+02 9.589914e+02 9.252791e+02 9.320774e+02
46t 9.347239e+02 9.380527e+02 9.866141e+02 9.231640e+02 9.352452e+02
47t 1.020821e+03 1.023290e+03 5.439767e+02 1.023095e+03 1.023147e+03
48t 9.847020e+02 9.774008e+02 1.040910e+03 9.997346e+02 9.659064e+02
49t 1.019113e+03 1.022265e+03 5.646352e+02 1.024223e+03 5.857708e+02
50t 8.994398e+02 9.157509e+02 1.195916e+03 8.950966e+02 9.150766e+02
              36           37           38           39           40
1t  1.925074e+00 1.629574e+00 2.423615e+00 1.982895e+00 1.238907e+00
2t  1.567025e+07 8.736429e+06 1.760230e+07 1.012204e+07 1.464050e+07
3t  2.557590e+06 2.327912e+06 4.331294e+06 3.001470e+06 2.128450e+06
4t  1.047400e+05 8.545107e+04 6.791499e+04 6.204232e+04 1.056852e+05
5t  1.125309e+01 2.335641e+01 1.021672e+00 9.413854e+00 1.199700e+01
6t  3.026062e+02 1.667009e+01 1.858836e+02 9.277792e+01 1.852838e+02
7t  2.522277e+03 5.008884e+03 1.894275e+03 2.389809e+03 2.254325e+03
8t  7.524821e+00 6.878887e+00 8.901320e+00 7.154190e+00 6.306424e+00
9t  2.880808e+02 3.098165e+02 1.809475e+02 2.726892e+02 2.524360e+02
10t 3.238877e+01 2.871898e+01 3.468253e+01 3.069779e+01 2.807769e+01
11t 2.665318e+02 2.805659e+02 1.778220e+02 2.252861e+02 2.569724e+02
12t 3.483720e+02 2.027499e+02 1.936378e+02 2.054262e+02 2.421172e+02
13t 1.921268e+00 1.715811e+00 2.274188e+00 1.892485e+00 1.663714e+00
14t 2.109738e+01 2.117452e+01 2.117391e+01 2.112457e+01 2.100530e+01
15t 1.421756e+04 6.953804e+02 4.000627e+02 2.858724e+02 4.297525e+02
16t 4.809466e+01 4.746520e+01 4.821353e+01 4.743656e+01 4.929183e+01
17t 1.535311e+00 1.069637e-01 1.799645e-01 1.433769e-01 6.571495e-01
18t 1.025719e+00 9.935139e-01 1.034332e+00 1.021177e+00 9.599842e-01
19t 4.155720e+02 5.041025e+02 3.720526e+02 3.710517e+02 4.345456e+02
20t 3.273122e+02 2.470480e+02 2.154975e+02 2.288365e+02 3.265589e+02
21t 2.738976e+04 2.874695e+04 2.747931e+04 2.746062e+04 2.714609e+04
22t 2.843980e+04 2.806272e+04 2.933267e+04 2.873579e+04 2.846935e+04
23t 5.173146e+01 5.129225e+01 3.968383e+01 4.314242e+01 3.776983e+01
24t 4.939678e-01 8.619176e-01 6.985303e-01 9.410745e-01 8.928331e-01
25t 5.725155e-01 8.611628e-01 4.526636e-01 5.901583e-01 6.741998e-01
26t 2.947154e-01 3.589214e-01 3.771377e-01 2.988568e-01 3.267425e-01
27t 6.431347e+01 1.041030e+02 7.310921e+01 1.122177e+02 6.868423e+01
28t 3.394035e+03 2.690255e+02 3.476318e+02 3.759277e+02 2.304052e+02
29t 3.042598e+02 2.987664e+02 2.493981e+02 3.178807e+02 3.006158e+02
30t 1.305080e+01 1.381127e+01 1.413178e+01 1.236433e+01 1.038654e+01
31t 2.010403e+02 2.571828e+02 1.907816e+02 1.978068e+02 1.430730e+02
32t 3.534104e+02 3.604918e+02 3.615563e+02 2.976441e+02 2.596915e+02
33t 1.176344e+02 1.151705e+02 1.036085e+02 1.088251e+02 1.150083e+02
34t 2.790902e+01 2.628781e+01 2.892680e+01 2.709393e+01 2.597047e+01
35t 1.260736e+04 1.292256e+04 1.238469e+04 1.268081e+04 1.256661e+04
36t 2.373945e+05 2.907950e+05 3.937091e+05 3.098470e+05 1.913286e+05
37t 5.877669e+01 5.808447e+01 5.881150e+01 5.863469e+01 5.932180e+01
38t 2.931255e+05 3.477910e+05 4.204445e+05 3.207291e+05 2.262039e+05
39t 8.912800e+00 6.189820e+00 6.529303e+00 6.070617e+00 6.331701e+00
40t 3.689058e+01 5.356070e+01 1.785874e+01 3.795068e+01 4.246537e+01
41t 4.498910e+02 4.504577e+02 4.546174e+02 4.509813e+02 4.498622e+02
42t 3.161882e+02 2.838006e+02 2.513106e+02 2.676567e+02 2.647304e+02
43t 3.332735e+02 4.317459e+02 3.001328e+02 3.510099e+02 3.719255e+02
44t 9.351258e+02 1.003188e+03 9.235831e+02 9.310131e+02 9.276116e+02
45t 9.381976e+02 9.287804e+02 9.220636e+02 9.324690e+02 9.399523e+02
46t 9.270637e+02 9.311344e+02 9.335600e+02 9.342882e+02 9.328831e+02
47t 5.729343e+02 5.455165e+02 1.020103e+03 1.022052e+03 1.020324e+03
48t 9.531171e+02 1.016892e+03 9.269077e+02 9.065813e+02 9.266791e+02
49t 1.023023e+03 1.018711e+03 1.021539e+03 1.018813e+03 1.019089e+03
50t 9.174897e+02 9.193689e+02 8.787876e+02 9.230650e+02 9.216080e+02
              41           42           43           44           45
1t  1.781756e+00 1.874083e+00 2.165691e+00 1.865239e+00 3.369357e+00
2t  3.608140e+07 1.460737e+07 1.217332e+07 7.330866e+06 2.834815e+07
3t  2.936040e+06 2.607404e+06 2.999540e+06 3.138241e+06 6.563065e+06
4t  1.108205e+05 9.794855e+04 9.396095e+04 7.940364e+04 8.949499e+04
5t  2.076753e+01 8.616115e+00 3.407095e+00 8.138562e+00 2.759207e+00
6t  2.681050e+02 1.580122e+02 9.024992e+01 1.363398e+02 4.870471e+02
7t  3.740536e+03 2.924767e+03 3.311901e+03 2.296825e+03 2.613653e+03
8t  7.496490e+00 7.187927e+00 7.972350e+00 7.853107e+00 9.461873e+00
9t  2.513418e+02 2.367317e+02 2.155433e+02 2.546339e+02 1.089077e+02
10t 3.134635e+01 3.080314e+01 3.386900e+01 3.226847e+01 3.992739e+01
11t 2.574924e+02 1.813334e+02 1.556151e+02 2.527397e+02 6.913882e+01
12t 2.487037e+02 1.568572e+02 1.946765e+02 2.073224e+02 2.561746e+02
13t 1.818911e+00 1.852648e+00 1.929696e+00 1.855177e+00 2.272869e+00
14t 2.106959e+01 2.114079e+01 2.112343e+01 2.109584e+01 2.117526e+01
15t 1.167779e+03 2.403032e+02 5.016120e+02 5.009806e+02 9.773519e+02
16t 5.023138e+01 4.645022e+01 4.816868e+01 4.793505e+01 4.853439e+01
17t 2.471350e+00 1.264215e-01 9.584495e-02 7.602550e-02 1.064935e+00
18t 1.025814e+00 1.006485e+00 1.021774e+00 9.881344e-01 1.052421e+00
19t 4.986399e+02 3.894922e+02 4.630310e+02 3.997444e+02 3.936477e+02
20t 2.475624e+02 1.790912e+02 1.964947e+02 2.107766e+02 2.018557e+02
21t 2.786345e+04 2.728090e+04 2.786661e+04 2.745329e+04 2.727184e+04
22t 2.889118e+04 2.801383e+04 2.811204e+04 2.807688e+04 2.755943e+04
23t 4.451297e+01 4.676839e+01 4.057271e+01 4.468854e+01 3.551517e+01
24t 6.130606e-01 5.933433e-01 6.522670e-01 4.255217e-01 1.091054e+00
25t 4.729848e-01 4.475531e-01 5.107256e-01 5.692075e-01 5.000227e-01
26t 8.593901e-01 2.997189e-01 4.036611e-01 7.113007e-01 3.931752e-01
27t 9.728961e+01 6.855864e+01 7.035227e+01 9.389515e+01 5.102249e+01
28t 2.651388e+02 3.002046e+02 2.775720e+02 2.537599e+02 3.628665e+02
29t 3.077256e+02 2.725431e+02 2.763508e+02 3.060382e+02 2.548918e+02
30t 1.259737e+01 1.246468e+01 1.309934e+01 1.234823e+01 1.596740e+01
31t 1.429510e+02 1.820980e+02 1.692364e+02 2.082876e+02 1.258810e+02
32t 3.850644e+02 3.777789e+02 4.950980e+02 4.013332e+02 3.684866e+02
33t 1.066393e+02 1.045421e+02 9.981695e+01 9.371630e+01 1.114245e+02
34t 3.006570e+01 2.732419e+01 2.831460e+01 2.778415e+01 3.192924e+01
35t 1.257874e+04 1.276200e+04 1.268974e+04 1.258467e+04 1.243107e+04
36t 1.938597e+05 2.583191e+05 3.004783e+05 2.987360e+05 3.424189e+05
37t 5.548603e+01 6.243716e+01 6.224101e+01 6.059847e+01 5.989233e+01
38t 3.925409e+05 3.688414e+05 2.217615e+05 3.480370e+05 2.847180e+05
39t 5.972666e+00 6.394657e+00 6.527111e+00 6.132077e+00 2.543160e+01
40t 3.863753e+01 2.069196e+01 1.779543e+01 2.794370e+01 1.658358e+01
41t 4.503055e+02 4.520770e+02 4.375434e+02 4.510327e+02 4.571513e+02
42t 3.139183e+02 2.966163e+02 3.136713e+02 2.792169e+02 2.505800e+02
43t 3.385809e+02 3.262126e+02 3.191986e+02 4.122281e+02 3.587056e+02
44t 9.263964e+02 9.256091e+02 9.350462e+02 9.275931e+02 9.207144e+02
45t 9.274102e+02 9.256147e+02 9.235276e+02 9.275459e+02 9.212550e+02
46t 9.348877e+02 9.306661e+02 9.267332e+02 9.294872e+02 9.233976e+02
47t 1.020187e+03 1.018556e+03 1.017537e+03 1.019631e+03 1.021588e+03
48t 9.223441e+02 9.613064e+02 9.152447e+02 9.258787e+02 9.201795e+02
49t 5.713708e+02 1.035053e+03 1.020807e+03 1.019325e+03 1.019198e+03
50t 8.898824e+02 9.279461e+02 8.956180e+02 8.867242e+02 8.838663e+02
              46           47           48           49           50
1t  5.426404e+00 4.451955e+00 9.982807e-01 1.913894e+00 1.731264e+00
2t  4.073943e+07 1.836486e+07 4.847852e+06 1.370361e+07 2.644501e+07
3t  7.904763e+06 8.829221e+06 1.554151e+06 2.789298e+06 2.984490e+06
4t  1.179229e+05 8.520554e+04 8.594061e+04 1.333387e+05 1.549987e+05
5t  4.258255e+01 7.933032e+00 3.838189e+01 5.976988e+01 3.784399e+01
6t  7.817316e+02 2.203155e+02 2.226295e+01 4.923040e+02 8.394221e+02
7t  7.115030e+03 2.064262e+03 5.176042e+03 1.114467e+04 6.490665e+03
8t  7.716018e+00 1.169813e+01 5.327433e+00 7.250550e+00 6.613727e+00
9t  3.001230e+02 2.575741e+02 2.995732e+02 3.531692e+02 2.804371e+02
10t 3.239735e+01 4.398585e+01 2.736348e+01 3.008555e+01 3.094031e+01
11t 3.010385e+02 2.762765e+02 3.155459e+02 3.662273e+02 2.678850e+02
12t 1.692821e+03 1.060000e+04 2.736272e+04 1.493197e+04 1.390243e+03
13t 2.466390e+00 2.581237e+00 1.998254e+01 2.033460e+01 1.582991e+00
14t 2.117138e+01 2.107845e+01 2.093457e+01 2.115233e+01 2.108638e+01
15t 2.993195e+03 5.398457e+02 1.166029e+02 5.333321e+02 2.723474e+02
16t 9.522860e+01 4.947666e+01 4.795597e+01 4.924659e+01 5.097337e+01
17t 2.891340e+00 1.516408e+00 5.765612e+00 1.274161e+01 3.260294e+00
18t 1.101059e+00 1.069278e+00 8.896324e-01 1.012020e+00 1.037155e+00
19t 5.190003e+02 3.879102e+02 6.074792e+02 9.490522e+02 5.092086e+02
20t 3.128471e+02 2.442986e+02 3.530421e+02 6.062286e+02 2.405106e+02
21t 2.822340e+04 2.797258e+04 2.747806e+04 3.527143e+04 2.774150e+04
22t 2.900923e+04 2.884917e+04 2.884139e+04 3.550358e+04 2.847504e+04
23t 5.218740e+01 4.158689e+01 5.115258e+01 6.922075e+01 4.599615e+01
24t 1.035935e+00 1.508496e+00 4.385127e-01 2.987337e+00 7.908693e-01
25t 4.886647e-01 3.906314e-01 6.294361e-01 5.581500e-01 6.593267e-01
26t 3.196344e-01 3.220396e-01 8.142437e-01 2.954478e-01 3.603214e-01
27t 7.026534e+01 1.202092e+02 9.124942e+01 7.217565e+01 8.659310e+01
28t 4.137825e+05 1.638397e+04 2.435142e+02 3.025551e+02 5.143880e+02
29t 3.327664e+02 3.013619e+02 3.667887e+02 4.318754e+02 3.325101e+02
30t 1.670580e+01 1.861445e+01 1.024049e+01 1.522294e+01 1.220645e+01
31t 1.709279e+02 2.600949e+02 2.036301e+02 1.319507e+02 1.559884e+02
32t 3.522681e+02 7.569673e+02 5.854669e+02 3.078785e+02 3.064088e+02
33t 1.050397e+02 1.203192e+02 1.305556e+02 1.406831e+02 1.153719e+02
34t 3.011783e+01 3.637004e+01 2.456075e+01 2.951643e+01 2.616568e+01
35t 1.240935e+04 1.271189e+04 1.320201e+04 1.322646e+04 1.280046e+04
36t 2.648709e+05 4.148354e+05 2.122137e+05 2.293124e+05 2.018111e+05
37t 6.119945e+01 6.116040e+01 5.625649e+01 6.241404e+01 5.932710e+01
38t 1.550714e+05 4.127858e+05 2.870983e+05 1.404327e+05 1.714262e+05
39t 8.475183e+00 8.224199e+00 5.516794e+00 6.268903e+00 5.748514e+00
40t 8.223605e+01 2.217075e+01 9.623912e+01 5.121957e+02 6.614726e+01
41t 4.519462e+02 4.607461e+02 4.479966e+02 4.511574e+02 4.503017e+02
42t 3.152676e+02 2.941724e+02 2.729258e+02 3.083851e+02 3.212769e+02
43t 4.447459e+02 3.587615e+02 4.351299e+02 4.106500e+02 4.597426e+02
44t 9.313505e+02 9.252309e+02 9.359115e+02 9.573757e+02 9.288813e+02
45t 9.300796e+02 9.251662e+02 9.444816e+02 9.638169e+02 9.225834e+02
46t 9.452957e+02 9.253896e+02 9.806631e+02 9.645166e+02 9.264456e+02
47t 5.770865e+02 1.022886e+03 5.333890e+02 5.650230e+02 5.422078e+02
48t 9.719487e+02 9.376089e+02 1.014851e+03 1.095047e+03 9.327505e+02
49t 5.906618e+02 1.020834e+03 9.137079e+02 5.782953e+02 5.696466e+02
50t 9.672727e+02 9.000114e+02 1.139810e+03 1.248994e+03 1.067255e+03
              51           52           53           54           55
1t  2.787591e+00 1.149657e+00 1.599661e+00 1.307821e+00 1.449529e+00
2t  5.172644e+06 9.375901e+06 8.645166e+06 1.728837e+07 7.071243e+06
3t  4.181082e+06 1.988512e+06 2.651893e+06 2.021272e+06 2.087107e+06
4t  9.656324e+04 1.222591e+05 1.210971e+05 8.681979e+04 7.626636e+04
5t  1.851539e+01 2.330521e+01 1.059935e+01 4.300486e+01 1.115828e+01
6t  3.358700e+02 4.540022e+02 4.840176e+02 1.663672e+02 2.203434e+02
7t  3.822001e+03 5.797430e+03 4.641619e+03 4.667705e+03 2.370461e+03
8t  9.574589e+00 5.660515e+00 6.613241e+00 6.259655e+00 6.893044e+00
9t  4.361190e+01 2.863660e+02 2.284139e+02 2.716531e+02 2.095322e+02
10t 3.510940e+01 2.554620e+01 2.993993e+01 2.895578e+01 3.100583e+01
11t 1.034143e+02 2.686193e+02 2.734443e+02 2.774443e+02 2.491578e+02
12t 9.737952e+02 1.474520e+04 3.245568e+02 3.203214e+02 2.453686e+02
13t 2.404341e+00 1.401004e+00 1.688714e+00 1.456924e+00 1.721288e+00
14t 2.117621e+01 2.099066e+01 2.116227e+01 2.112092e+01 2.112834e+01
15t 4.687002e+02 1.836607e+02 3.426345e+02 1.897695e+02 5.742360e+02
16t 4.922571e+01 7.389236e+01 9.680200e+01 4.715272e+01 4.898951e+01
17t 1.049978e-01 1.405637e+00 3.078657e-01 1.414930e-01 2.297311e-01
18t 1.047990e+00 8.980985e-01 9.989478e-01 9.544842e-01 9.840258e-01
19t 4.131380e+02 5.688285e+02 3.874710e+02 4.212977e+02 3.570549e+02
20t 1.909323e+02 3.136276e+02 2.154132e+02 2.470360e+02 2.363402e+02
21t 3.011224e+04 2.856755e+04 2.754803e+04 2.794934e+04 2.789913e+04
22t 3.420383e+04 2.874221e+04 2.811195e+04 2.822407e+04 2.887189e+04
23t 4.177954e+01 5.326952e+01 4.226381e+01 4.700368e+01 3.631996e+01
24t 3.663725e+00 8.253579e-01 4.936511e-01 5.349311e-01 6.268266e-01
25t 5.402529e-01 5.733793e-01 6.265959e-01 4.362598e-01 5.928077e-01
26t 3.301881e-01 3.314726e-01 2.980868e-01 3.246945e-01 3.272694e-01
27t 1.178386e+01 7.742361e+01 7.225118e+01 9.403195e+01 9.867352e+01
28t 3.556340e+02 2.282977e+02 2.538788e+02 2.516773e+02 2.612690e+02
29t 3.027335e+02 3.251727e+02 2.954522e+02 3.098970e+02 2.935037e+02
30t 1.631810e+01 1.482680e+01 1.139387e+01 1.160790e+01 1.162109e+01
31t 1.704973e+02 1.438587e+02 1.514596e+02 1.694986e+02 1.630952e+02
32t 2.929605e+02 2.988458e+02 3.245243e+02 4.632234e+02 6.288944e+02
33t 1.110331e+02 1.224115e+02 1.184598e+02 1.226078e+02 1.139350e+02
34t 3.382209e+01 2.302539e+01 2.474871e+01 2.324982e+01 2.047478e+01
35t 1.263588e+04 1.265701e+04 1.250660e+04 1.254662e+04 1.283807e+04
36t 5.777025e+05 2.000202e+05 2.350345e+05 2.349707e+05 2.720796e+05
37t 5.980078e+01 5.677041e+01 6.211091e+01 6.089687e+01 6.151160e+01
38t 1.550499e+05 1.669000e+05 3.403095e+05 2.152364e+05 3.241222e+05
39t 6.478649e+00 1.379728e+01 6.692765e+00 5.582309e+00 6.246308e+00
40t 2.651567e+01 8.066118e+01 3.948327e+01 4.477449e+01 2.504786e+01
41t 4.571226e+02 4.476556e+02 3.932077e+02 4.489713e+02 3.893416e+02
42t 2.669232e+02 3.501349e+02 3.014670e+02 3.428631e+02 2.970355e+02
43t 3.066901e+02 3.672335e+02 3.753042e+02 4.379622e+02 4.376254e+02
44t 9.371908e+02 9.296549e+02 9.284617e+02 9.285151e+02 9.308753e+02
45t 9.320486e+02 9.393826e+02 9.280545e+02 9.452289e+02 9.238265e+02
46t 9.730863e+02 9.406993e+02 9.352987e+02 9.371862e+02 9.315391e+02
47t 5.936585e+02 5.332020e+02 1.023396e+03 1.022335e+03 1.023880e+03
48t 9.586683e+02 1.004480e+03 9.306753e+02 9.771203e+02 9.095661e+02
49t 6.182804e+02 5.625000e+02 1.017750e+03 1.017959e+03 1.021942e+03
50t 7.724802e+02 9.663681e+02 9.128967e+02 9.475871e+02 9.093924e+02
              56           57           58           59           60
1t  9.732586e-01 1.262384e+00 1.002231e+00 1.409591e+00 1.060043e+00
2t  2.307355e+07 8.706272e+06 7.645627e+06 8.711747e+06 8.061731e+06
3t  2.323452e+06 1.831746e+06 1.417048e+06 2.395281e+06 1.706472e+06
4t  1.022139e+05 1.177113e+05 9.304719e+04 1.190395e+05 9.993206e+04
5t  4.792273e+01 1.761115e+01 2.901197e+01 2.794412e+01 3.730736e+01
6t  3.895352e+02 2.461088e+02 5.185847e+01 2.652861e+02 2.887100e+02
7t  5.243377e+03 3.699156e+03 3.244174e+03 4.640033e+03 4.521804e+03
8t  5.660067e+00 5.737614e+00 6.222593e+00 6.703541e+00 5.679858e+00
9t  2.775314e+02 2.701799e+02 2.887368e+02 2.604910e+02 2.855335e+02
10t 2.660243e+01 2.843797e+01 2.724568e+01 2.903274e+01 2.721146e+01
11t 2.796783e+02 2.587268e+02 2.968850e+02 2.700982e+02 2.919338e+02
12t 7.208522e+03 1.649467e+03 7.314859e+03 4.167291e+02 8.568144e+03
13t 1.434907e+00 1.506614e+00 1.383870e+00 1.641167e+00 1.360225e+00
14t 2.109587e+01 2.104337e+01 2.107703e+01 2.115086e+01 2.099987e+01
15t 2.615292e+02 1.746738e+02 1.607970e+02 1.888483e+02 2.948921e+03
16t 7.925744e+01 4.918671e+01 4.710741e+01 4.769330e+01 4.899384e+01
17t 1.041705e+00 1.483476e-01 5.488866e-01 1.350663e+00 1.101233e+00
18t 9.071467e-01 9.229606e-01 9.444132e-01 9.601989e-01 8.726337e-01
19t 5.690398e+02 5.398873e+02 5.103009e+02 3.939153e+02 5.742237e+02
20t 2.995305e+02 3.575746e+02 3.005007e+02 2.968184e+02 2.860760e+02
21t 2.755887e+04 2.677824e+04 2.740246e+04 2.731937e+04 2.728030e+04
22t 2.793423e+04 2.682936e+04 2.903212e+04 2.843325e+04 2.778674e+04
23t 5.533667e+01 5.078854e+01 4.840467e+01 4.758345e+01 4.981627e+01
24t 5.471376e-01 7.079267e-01 7.523447e-01 6.425663e-01 8.695330e-01
25t 6.277232e-01 6.132048e-01 6.894561e-01 5.109646e-01 6.145538e-01
26t 3.253648e-01 3.354389e-01 3.676039e-01 3.010768e-01 3.768330e-01
27t 7.303001e+01 7.184627e+01 1.102875e+02 9.777837e+01 7.298298e+01
28t 2.311802e+02 2.343299e+02 2.311188e+02 2.330761e+02 2.212550e+02
29t 3.687989e+02 3.364398e+02 3.271260e+02 3.478168e+02 2.876413e+02
30t 1.149231e+01 1.139562e+01 1.641059e+01 1.152639e+01 9.970836e+00
31t 1.811084e+02 1.659533e+02 2.106639e+02 1.498970e+02 1.444496e+02
32t 3.070904e+02 3.260906e+02 3.269374e+02 5.168306e+02 3.232736e+02
33t 1.167853e+02 1.279187e+02 1.071237e+02 1.329099e+02 1.293231e+02
34t 2.334082e+01 2.568551e+01 2.756314e+01 2.634578e+01 2.314686e+01
35t 1.272732e+04 1.258756e+04 1.272330e+04 1.283494e+04 1.254584e+04
36t 2.061675e+05 2.225947e+05 2.099689e+05 2.245344e+05 1.761715e+05
37t 5.809878e+01 6.601979e+01 6.318407e+01 6.290524e+01 5.944717e+01
38t 1.809484e+05 2.394318e+05 2.607005e+05 2.652017e+05 2.117359e+05
39t 6.947351e+00 6.507611e+00 6.231338e+00 7.276778e+00 7.388015e+00
40t 1.041028e+02 6.754788e+01 9.746319e+01 5.860631e+01 7.235888e+01
41t 4.486015e+02 4.487599e+02 3.679829e+02 4.498371e+02 4.483884e+02
42t 3.519561e+02 2.993538e+02 3.014234e+02 2.935275e+02 3.259109e+02
43t 4.462358e+02 4.189630e+02 3.609415e+02 4.106830e+02 4.004266e+02
44t 9.343295e+02 9.286236e+02 9.235499e+02 9.251758e+02 9.398530e+02
45t 9.421862e+02 9.396193e+02 9.329838e+02 9.252778e+02 9.262069e+02
46t 9.414094e+02 9.366859e+02 9.310160e+02 9.472544e+02 9.414868e+02
47t 5.377433e+02 5.426833e+02 5.429264e+02 1.023073e+03 1.023051e+03
48t 9.964585e+02 9.684976e+02 9.683720e+02 9.511944e+02 9.862905e+02
49t 5.526015e+02 1.020016e+03 5.657007e+02 5.681325e+02 5.548476e+02
50t 9.717327e+02 9.886731e+02 9.527106e+02 9.114036e+02 9.571872e+02
              61           62           63           64           65
1t  9.942550e-01 9.102049e+01 1.501699e+00 3.202659e+00 2.734119e+00
2t  1.175043e+07 2.799170e+07 1.396454e+07 2.736278e+06 4.689053e+06
3t  1.668645e+06 1.394732e+08 2.838614e+06 5.226547e+06 3.887623e+06
4t  1.321763e+05 9.624527e+04 9.633533e+04 1.789351e+04 1.111568e+05
5t  4.012905e+01 1.651173e+01 4.782008e+01 5.946885e-01 5.426524e+01
6t  3.078003e+02 1.453384e+03 3.519121e+02 1.191506e+01 7.748555e+01
7t  6.629631e+03 2.014547e+03 5.375950e+03 7.440424e+03 1.019091e+04
8t  5.697315e+00 1.711939e+01 7.168014e+00 8.905796e+00 8.904542e+00
9t  2.816136e+02 1.893554e+02 2.543027e+02 3.472153e+02 3.843211e+02
10t 2.601612e+01 5.752641e+01 3.140248e+01 3.811004e+01 3.456005e+01
11t 2.730764e+02 1.501250e+02 2.850355e+02 4.897291e+02 4.067412e+02
12t 8.076615e+03 6.881526e+03 1.784321e+04 2.521239e+02 2.229050e+04
13t 1.308722e+00 3.378153e+00 1.800575e+00 2.066895e+01 2.044004e+01
14t 2.106132e+01 2.110625e+01 2.101650e+01 2.117502e+01 2.117931e+01
15t 3.396770e+02 4.315123e+04 3.498170e+02 3.961390e+02 2.861271e+02
16t 6.179519e+01 7.248184e+01 1.048286e+02 4.907598e+01 4.937393e+01
17t 2.628917e+00 2.500234e+00 1.249528e+00 8.950041e-02 2.399289e+02
18t 9.279623e-01 3.492067e+00 9.935798e-01 1.049952e+00 1.027005e+00
19t 5.925127e+02 3.729326e+02 4.575212e+02 4.912222e+02 9.520312e+02
20t 2.632957e+02 1.839286e+02 3.094478e+02 5.079941e+02 6.975336e+02
21t 2.766629e+04 2.746470e+04 2.645577e+04 2.852706e+04 3.531192e+04
22t 2.940600e+04 2.918326e+04 2.828533e+04 3.900641e+04 3.532885e+04
23t 5.475919e+01 3.805977e+01 5.393425e+01 7.407916e+01 6.444652e+01
24t 6.842469e-01 1.051164e+00 5.357969e-01 6.948037e-01 3.571943e+00
25t 6.394482e-01 4.555395e-01 7.075614e-01 6.922068e-01 5.903258e-01
26t 3.382791e-01 2.463605e-01 3.762130e-01 4.053287e-01 2.921936e-01
27t 7.537374e+01 1.030928e+02 7.643915e+01 8.776669e+01 5.435910e+01
28t 2.092964e+02 1.603993e+05 9.129157e+04 3.287373e+02 2.749635e+02
29t 3.559125e+02 2.974449e+02 2.934024e+02 3.710116e+02 4.717209e+02
30t 1.224960e+01 2.728782e+01 1.480980e+01 1.520902e+01 1.901236e+01
31t 1.728650e+02 1.925946e+02 1.730326e+02 1.648963e+02 1.150418e+02
32t 3.070116e+02 4.127220e+02 2.623110e+02 3.658204e+02 4.474854e+02
33t 1.182864e+02 1.204439e+02 1.019003e+02 1.331454e+02 1.362233e+02
34t 2.508730e+01 4.707171e+01 2.933220e+01 4.265542e+01 3.536711e+01
35t 1.298371e+04 1.256645e+04 1.274869e+04 1.257548e+04 1.299782e+04
36t 1.828748e+05 6.234115e+05 2.341430e+05 3.048029e+05 1.660156e+05
37t 5.869141e+01 6.235476e+01 5.666759e+01 7.048220e+01 6.897015e+01
38t 1.674021e+05 4.254742e+05 2.394693e+05 3.215095e+05 1.615033e+05
39t 5.211525e+00 6.177814e+01 7.903182e+00 6.550286e+00 5.608896e+00
40t 7.024206e+01 2.003359e+01 5.330329e+01 1.231810e+01 2.116985e+02
41t 4.446335e+02 4.708152e+02 4.502888e+02 4.574084e+02 4.550640e+02
42t 3.359290e+02 2.781248e+02 2.816780e+02 2.668306e+02 2.933127e+02
43t 4.082017e+02 3.258038e+02 3.612534e+02 3.050824e+02 3.280888e+02
44t 9.282071e+02 9.292478e+02 9.274685e+02 9.315250e+02 9.945303e+02
45t 9.291481e+02 9.286265e+02 9.252198e+02 6.575539e+02 9.884685e+02
46t 9.339864e+02 9.297137e+02 9.335731e+02 9.294125e+02 9.870771e+02
47t 5.387189e+02 1.025612e+03 5.548336e+02 1.198119e+03 5.843664e+02
48t 9.776461e+02 9.138117e+02 1.009475e+03 9.920262e+02 1.007255e+03
49t 5.607739e+02 1.025587e+03 1.028987e+03 6.231037e+02 8.631460e+02
50t 1.005408e+03 8.913974e+02 1.031064e+03 3.885916e+02 1.184185e+03
              66           67           68           69           70
1t  2.930001e+03 1.198550e+00 5.209988e+00 2.232204e+00 1.327201e+00
2t  6.508346e+07 4.266050e+06 4.312013e+07 7.926089e+06 6.255646e+06
3t  5.017667e+09 1.928289e+06 4.763947e+06 3.495212e+06 1.836581e+06
4t  9.772839e+04 1.470123e+05 9.214021e+04 1.469556e+05 1.431800e+05
5t  6.214822e+01 3.976521e+01 3.321606e+01 2.824642e+01 4.922365e+01
6t  1.732400e+03 6.606633e+00 8.793770e+02 2.794110e+02 2.032027e+02
7t  1.211130e+04 8.030317e+03 4.313423e+03 5.149313e+03 9.254739e+03
8t  8.222804e+00 6.386278e+00 7.744492e+00 8.577127e+00 6.659274e+00
9t  2.812068e+02 3.307227e+02 3.024343e+02 2.644913e+02 3.438517e+02
10t 3.181411e+01 2.672498e+01 3.491900e+01 3.440965e+01 2.682692e+01
11t 2.928055e+02 3.067019e+02 2.817174e+02 2.732139e+02 3.059749e+02
12t 2.224036e+04 1.511624e+04 9.000962e+03 4.996065e+03 1.853404e+04
13t 1.992714e+01 1.914818e+01 2.204188e+00 2.045975e+00 1.910304e+01
14t 2.119007e+01 2.101924e+01 2.111772e+01 2.114316e+01 2.117606e+01
15t 1.518226e+07 1.526554e+02 7.702649e+05 4.754900e+02 1.950330e+02
16t 4.219981e+02 4.861135e+01 7.038281e+01 4.917608e+01 4.926445e+01
17t 7.860098e+01 2.048117e+00 3.559155e+00 7.706274e-02 5.572271e-02
18t 3.153347e+01 9.024895e-01 1.080854e+00 1.025861e+00 9.603448e-01
19t 6.418192e+02 5.997686e+02 5.520906e+02 5.260787e+02 1.025405e+03
20t 2.173098e+02 4.775739e+02 3.331311e+02 3.968875e+02 5.287813e+02
21t 2.948139e+04 2.931486e+04 2.836791e+04 3.302445e+04 3.468487e+04
22t 2.938846e+04 2.795146e+04 2.939137e+04 3.395920e+04 3.579003e+04
23t 6.247781e+01 5.448818e+01 4.808871e+01 5.547905e+01 5.510754e+01
24t 1.092115e+00 6.079821e-01 8.757414e-01 3.522587e+00 2.717577e+00
25t 7.174996e-01 6.488048e-01 4.889544e-01 5.589061e-01 6.032950e-01
26t 3.974721e-01 3.914664e-01 2.948418e-01 3.223712e-01 3.577205e-01
27t 3.975647e+02 1.348377e+02 9.646704e+01 4.328158e+01 5.085070e+01
28t 2.265366e+05 2.217947e+02 1.438728e+05 2.606442e+02 2.427073e+02
29t 3.674232e+02 3.538265e+02 3.673199e+02 3.655156e+02 4.299849e+02
30t 2.832994e+01 1.358295e+01 1.472070e+01 1.396761e+01 1.057685e+01
31t 2.521445e+02 2.198348e+02 1.608877e+02 1.235562e+02 1.567926e+02
32t 3.585953e+02 1.080079e+03 7.982275e+02 3.182006e+02 5.234442e+03
33t 1.168239e+02 1.250981e+02 1.202920e+02 1.102508e+02 1.400648e+02
34t 3.769622e+01 3.603094e+01 3.193649e+01 2.608912e+01 2.633191e+01
35t 1.303509e+04 1.300070e+04 1.262425e+04 1.262342e+04 1.307779e+04
36t 2.872708e+05 2.345741e+05 2.146652e+05 1.886001e+05 1.986125e+05
37t 6.141823e+01 5.800583e+01 5.990931e+01 5.995846e+01 6.022359e+01
38t 2.882800e+05 5.101085e+05 2.160623e+05 2.050958e+05 1.258731e+05
39t 2.146185e+03 6.507220e+00 6.392848e+00 5.798886e+00 5.581983e+00
40t 3.250137e+02 5.260888e+01 5.292090e+01 5.266099e+01 3.464842e+02
41t 4.503066e+02 4.485254e+02 4.526268e+02 4.538662e+02 4.496201e+02
42t 4.185787e+02 4.284609e+02 2.830325e+02 2.753519e+02 3.087065e+02
43t 4.442263e+02 4.342687e+02 4.421095e+02 3.465075e+02 4.008782e+02
44t 9.325419e+02 9.907133e+02 9.387712e+02 9.311299e+02 9.517359e+02
45t 9.417328e+02 9.336599e+02 9.305024e+02 9.228673e+02 9.486885e+02
46t 9.436752e+02 9.419202e+02 9.302525e+02 9.434237e+02 9.475617e+02
47t 1.195344e+03 5.378138e+02 1.035350e+03 5.836553e+02 5.478249e+02
48t 1.078345e+03 1.049583e+03 9.895659e+02 9.746366e+02 1.051722e+03
49t 1.202998e+03 1.200977e+03 9.377082e+02 5.909606e+02 5.682404e+02
50t 1.123983e+03 9.424581e+02 9.406652e+02 1.129523e+03 1.223094e+03
              71           72           73           74           75
1t  3.049974e+00 3.980598e+01 3.001855e+03 1.578703e+00 1.526558e+00
2t  1.552300e+07 2.693678e+07 1.526918e+07 9.289035e+06 1.675014e+07
3t  4.277700e+06 1.533220e+08 2.278922e+09 2.272787e+06 1.994196e+06
4t  1.135136e+05 1.461577e+05 9.975199e+04 7.909268e+04 9.250968e+04
5t  2.361786e+01 3.022639e+01 3.883992e+01 1.588671e+01 4.718854e+01
6t  6.370450e+02 1.746779e+03 5.109606e+02 7.516207e+00 3.983593e+02
7t  3.654877e+03 5.869413e+03 8.303029e+03 4.834640e+03 5.377021e+03
8t  9.051922e+00 8.076581e+00 6.882509e+00 1.800310e+02 6.182936e+00
9t  2.846467e+02 2.797136e+02 2.995779e+02 3.239715e+02 2.955487e+02
10t 3.908202e+01 3.531968e+01 3.196968e+01 2.947723e+01 2.930554e+01
11t 2.427129e+02 2.784821e+02 3.061215e+02 3.329172e+02 2.713333e+02
12t 4.931893e+03 2.216576e+03 2.644559e+04 1.113500e+04 1.233180e+04
13t 2.283558e+00 2.351936e+00 1.792145e+01 1.889454e+01 1.651050e+00
14t 2.107169e+01 2.108975e+01 2.090616e+01 2.103102e+01 2.098633e+01
15t 6.825236e+02 1.046699e+05 1.128591e+08 1.898817e+02 9.314070e+04
16t 4.785362e+01 9.953685e+01 1.791751e+02 4.752612e+01 6.711205e+01
17t 1.081583e+00 2.867462e+00 5.234600e+01 6.032945e-02 1.086910e+01
18t 1.053098e+00 2.104475e+00 1.611458e+01 9.716882e-01 9.481792e-01
19t 4.336733e+02 4.466862e+02 1.205991e+03 6.723005e+02 5.633476e+02
20t 2.800152e+02 2.774573e+02 2.927535e+02 2.463090e+02 3.794525e+02
21t 2.857676e+04 2.765440e+04 2.826545e+04 2.942028e+04 2.696409e+04
22t 2.846420e+04 2.924353e+04 2.858453e+04 2.954833e+04 2.754476e+04
23t 4.954701e+01 5.209447e+01 5.371509e+01 5.334936e+01 5.242568e+01
24t 7.306636e-01 9.123930e-01 6.616188e-01 4.404852e-01 5.188411e-01
25t 4.755826e-01 5.243499e-01 6.952783e-01 6.182082e-01 9.255235e-01
26t 3.637005e-01 3.606357e-01 8.007020e-01 3.715492e-01 3.405880e-01
27t 8.348528e+01 8.737063e+01 5.158232e+02 9.848663e+01 7.809363e+01
28t 3.354479e+02 6.917891e+04 5.686191e+06 2.350970e+02 1.364728e+05
29t 3.012760e+02 3.575702e+02 3.669725e+02 4.439072e+02 3.439476e+02
30t 1.417213e+01 1.624978e+01 1.653380e+01 1.143033e+01 1.175800e+01
31t 1.467627e+02 1.608860e+02 2.209573e+02 2.679677e+02 1.766737e+02
32t 3.790363e+02 3.056188e+02 3.193770e+03 1.552645e+03 4.084896e+02
33t 9.665331e+01 1.172495e+02 9.816473e+01 1.542603e+02 1.264089e+02
34t 3.322787e+01 3.257418e+01 2.936187e+01 3.023254e+01 2.851249e+01
35t 1.253129e+04 1.258527e+04 1.320668e+04 1.327493e+04 1.309221e+04
36t 2.691746e+05 1.949053e+05 1.689421e+05 3.815577e+05 2.164365e+05
37t 5.866274e+01 5.557074e+01 5.623973e+01 5.933124e+01 5.995751e+01
38t 2.150391e+05 2.626466e+05 2.039984e+05 4.016810e+05 1.654904e+05
39t 6.648166e+00 5.671158e+01 2.631892e+03 7.108736e+00 2.426821e+01
40t 2.925484e+01 5.224990e+01 2.679844e+02 2.589903e+01 4.415769e+01
41t 4.549241e+02 4.523500e+02 4.499154e+02 4.509985e+02 4.493457e+02
42t 2.785656e+02 2.896634e+02 4.288355e+02 4.157920e+02 3.104908e+02
43t 3.432192e+02 3.887558e+02 3.869226e+02 4.347926e+02 4.397637e+02
44t 9.244129e+02 9.304243e+02 9.305745e+02 9.297743e+02 9.293962e+02
45t 9.246668e+02 9.357627e+02 9.306006e+02 9.235026e+02 9.336098e+02
46t 9.276147e+02 9.359770e+02 9.414037e+02 9.310798e+02 9.368998e+02
47t 1.033624e+03 9.451436e+02 5.553463e+02 5.516622e+02 5.452345e+02
48t 9.389519e+02 9.480299e+02 1.014889e+03 9.710608e+02 9.739742e+02
49t 1.027440e+03 9.408004e+02 9.221581e+02 1.026662e+03 9.217357e+02
50t 8.910784e+02 9.523443e+02 9.717715e+02 9.162952e+02 1.010374e+03
              76           77           78           79           80
1t  1.643196e+00 1.956323e+00 2.037213e+00 1.704718e+00 1.491333e+00
2t  1.018112e+07 1.369144e+07 2.047629e+07 1.271506e+07 1.330646e+07
3t  2.941265e+06 5.143037e+06 2.439518e+07 2.418727e+06 2.601057e+06
4t  8.715849e+04 1.029261e+05 8.730593e+04 1.037463e+05 8.723351e+04
5t  5.177408e+01 4.673446e+01 4.985791e+01 2.935403e+01 4.874403e+01
6t  2.880625e+02 2.962116e+02 5.371125e+02 2.949854e+02 2.991062e+02
7t  5.202660e+03 5.982219e+03 3.752435e+03 5.038509e+03 8.498474e+03
8t  6.792394e+00 7.114858e+00 7.321821e+00 7.252840e+00 6.904683e+00
9t  2.863934e+02 2.948866e+02 3.169404e+02 2.897255e+02 2.788127e+02
10t 3.085598e+01 3.330840e+01 3.366286e+01 3.189235e+01 3.206190e+01
11t 2.862329e+02 2.667987e+02 2.923112e+02 2.809826e+02 2.945325e+02
12t 1.941174e+04 7.917261e+03 1.967313e+04 1.363680e+04 2.140931e+04
13t 1.941893e+00 1.862386e+00 1.939555e+00 1.727594e+00 1.786247e+00
14t 2.097631e+01 2.099312e+01 2.096513e+01 2.093550e+01 2.093851e+01
15t 3.203423e+04 4.514512e+02 1.651967e+03 6.120684e+03 4.563022e+03
16t 1.361838e+02 4.939667e+01 1.146125e+02 5.071722e+01 5.958442e+01
17t 1.845818e+01 1.335237e+00 1.522556e+01 1.171788e+00 3.527564e+00
18t 9.917593e-01 1.023175e+00 1.018572e+00 1.000968e+00 9.848536e-01
19t 5.140977e+02 5.020152e+02 5.292771e+02 4.231334e+02 5.173804e+02
20t 3.159739e+02 2.694127e+02 2.397427e+02 2.940620e+02 2.939990e+02
21t 2.795404e+04 2.835666e+04 2.848331e+04 2.801384e+04 2.832397e+04
22t 2.862058e+04 2.918372e+04 2.861040e+04 2.762326e+04 2.851127e+04
23t 5.523962e+01 4.976792e+01 4.383507e+01 4.883750e+01 5.494154e+01
24t 8.763180e-01 4.755813e-01 8.332728e-01 5.586786e-01 5.697979e-01
25t 7.636246e-01 5.829984e-01 6.293992e-01 5.799195e-01 8.125300e-01
26t 3.092060e-01 3.636159e-01 8.123579e-01 2.826804e-01 3.426988e-01
27t 6.090245e+01 8.269530e+01 7.699353e+01 8.063077e+01 8.695222e+01
28t 7.088982e+04 5.180326e+05 3.872718e+05 2.599817e+02 1.121671e+05
29t 3.327397e+02 2.935697e+02 3.218053e+02 3.552070e+02 2.525944e+02
30t 1.571138e+01 1.506171e+01 1.507436e+01 1.131095e+01 1.512710e+01
31t 1.528140e+02 1.528167e+02 1.741690e+02 1.877204e+02 1.821572e+02
32t 3.752122e+02 3.360842e+02 4.847921e+02 5.361430e+02 7.608707e+02
33t 1.031527e+02 8.984361e+01 1.110718e+02 1.132272e+02 1.014170e+02
34t 2.938031e+01 3.028861e+01 3.046328e+01 2.819306e+01 2.605373e+01
35t 1.260589e+04 1.258660e+04 1.258207e+04 1.278074e+04 1.232548e+04
36t 2.047574e+05 1.954818e+05 2.088252e+05 2.231886e+05 1.754493e+05
37t 5.630855e+01 5.555566e+01 5.964390e+01 5.663134e+01 5.664203e+01
38t 1.821635e+05 2.439830e+05 1.688402e+05 1.883894e+05 2.561780e+05
39t 1.072955e+01 8.620704e+00 1.293389e+02 7.707098e+00 7.307075e+00
40t 6.064455e+01 7.675650e+01 6.744511e+01 4.147410e+01 6.217460e+01
41t 4.501916e+02 4.508706e+02 4.506542e+02 4.508819e+02 4.497483e+02
42t 2.694566e+02 2.989110e+02 2.837692e+02 2.957353e+02 2.987729e+02
43t 4.427660e+02 3.637642e+02 3.479501e+02 4.041084e+02 3.199178e+02
44t 9.346811e+02 9.331442e+02 9.307870e+02 9.340255e+02 9.349314e+02
45t 9.309912e+02 9.371733e+02 9.368781e+02 9.396442e+02 9.412952e+02
46t 9.337953e+02 9.348431e+02 9.372684e+02 9.332597e+02 9.458475e+02
47t 1.030804e+03 1.031334e+03 1.037128e+03 1.028407e+03 1.024911e+03
48t 9.750252e+02 9.879509e+02 9.916540e+02 9.399369e+02 1.006420e+03
49t 5.829022e+02 1.035280e+03 9.300753e+02 5.775431e+02 9.239279e+02
50t 1.108265e+03 9.147831e+02 9.744918e+02 9.379870e+02 1.025483e+03
              81           82           83           84           85
1t  2.461073e+00 1.121141e+00 1.596757e+00 6.569641e+00 4.645513e+00
2t  1.476916e+07 7.254660e+06 1.225767e+07 2.203533e+07 7.956267e+06
3t  3.551628e+06 2.375393e+06 2.010673e+06 9.932694e+06 6.909958e+06
4t  1.099323e+05 9.079180e+04 1.115733e+05 1.377988e+05 1.242155e+05
5t  4.367154e+01 3.659065e+01 4.952896e+01 9.874542e+00 4.874700e+01
6t  2.489268e+02 2.634335e+02 2.927851e+02 1.028632e+03 5.837776e+01
7t  4.065750e+03 5.611084e+03 5.772034e+03 3.497168e+03 1.470901e+05
8t  7.382182e+00 6.243726e+00 6.037681e+00 9.402302e+00 1.214080e+01
9t  2.389856e+02 2.692007e+02 2.930487e+02 2.215304e+02 3.923874e+02
10t 3.372358e+01 3.045099e+01 2.941570e+01 3.508784e+01 4.685298e+01
11t 2.763525e+02 2.953942e+02 2.920198e+02 2.308926e+02 3.869851e+02
12t 1.555336e+04 1.700272e+04 1.989288e+04 4.443455e+02 1.024254e+04
13t 2.024111e+00 1.585575e+00 1.584760e+00 2.274489e+00 2.056662e+01
14t 2.106535e+01 2.101146e+01 2.096208e+01 2.113535e+01 2.117720e+01
15t 2.085527e+03 2.612743e+02 3.292076e+02 4.186551e+04 6.539232e+02
16t 5.120055e+01 7.524285e+01 1.121432e+02 7.253471e+01 4.951948e+01
17t 1.146253e+00 2.948623e+00 1.643748e+00 1.298415e+00 1.511096e-01
18t 1.021469e+00 8.991338e-01 9.756312e-01 1.160005e+00 1.066507e+00
19t 3.666195e+02 5.275209e+02 4.652318e+02 4.300643e+02 5.703236e+02
20t 2.484457e+02 3.009617e+02 2.612060e+02 1.913596e+02 4.457103e+02
21t 2.852386e+04 2.893076e+04 2.820239e+04 2.773703e+04 3.150752e+04
22t 2.797125e+04 2.894832e+04 2.948412e+04 2.883958e+04 2.987610e+04
23t 5.631981e+01 4.348846e+01 4.773585e+01 5.312639e+01 6.409223e+01
24t 7.146398e-01 6.780528e-01 8.812632e-01 8.953971e-01 2.615676e+00
25t 7.090010e-01 7.765450e-01 7.350136e-01 6.091162e-01 8.483248e-01
26t 6.691376e-01 3.374412e-01 3.502692e-01 3.557669e-01 3.925826e-01
27t 6.967653e+01 7.738146e+01 6.883380e+01 1.016500e+02 1.077983e+02
28t 4.375473e+02 1.443874e+05 3.727873e+04 6.374184e+02 4.613947e+02
29t 2.703440e+02 3.549603e+02 3.680041e+02 3.066067e+02 4.388947e+02
30t 1.432062e+01 1.248282e+01 1.316822e+01 1.434952e+01 2.471715e+01
31t 1.379273e+02 1.857607e+02 1.480146e+02 1.748161e+02 2.102198e+02
32t 3.852929e+02 3.218286e+02 3.930796e+02 3.326371e+02 1.636934e+03
33t 1.075601e+02 1.405806e+02 1.272683e+02 1.090002e+02 1.345915e+02
34t 2.704085e+01 2.716449e+01 2.648037e+01 2.959893e+01 4.892905e+01
35t 1.291118e+04 1.269237e+04 1.277757e+04 1.263674e+04 1.254359e+04
36t 1.983112e+05 1.820808e+05 2.011715e+05 3.056226e+05 5.260761e+05
37t 5.986112e+01 5.646946e+01 5.611601e+01 6.034960e+01 7.433322e+01
38t 1.879567e+05 1.891515e+05 1.829491e+05 2.367936e+05 4.642323e+05
39t 7.095512e+00 6.779551e+00 7.352517e+00 2.681489e+01 6.228689e+00
40t 6.180293e+01 6.852973e+01 8.792878e+01 3.088704e+01 1.879405e+01
41t 4.515206e+02 3.826815e+02 4.498970e+02 4.404498e+02 4.607512e+02
42t 2.870290e+02 3.390481e+02 3.041201e+02 3.146399e+02 3.236606e+02
43t 2.812093e+02 4.352192e+02 4.417065e+02 3.686627e+02 4.538969e+02
44t 9.328266e+02 9.353169e+02 9.370151e+02 9.344337e+02 9.337798e+02
45t 9.245323e+02 9.266478e+02 9.315868e+02 9.243282e+02 9.297329e+02
46t 9.331798e+02 9.377671e+02 9.253640e+02 9.273299e+02 9.763017e+02
47t 1.032449e+03 5.465795e+02 5.506191e+02 1.022626e+03 6.417739e+02
48t 9.821022e+02 9.722491e+02 9.990687e+02 9.259249e+02 9.631844e+02
49t 1.039036e+03 5.716337e+02 5.753375e+02 1.024234e+03 9.644934e+02
50t 9.855259e+02 9.719146e+02 1.002868e+03 9.085104e+02 9.225364e+02
              86           87           88           89           90
1t  1.069148e+00 1.745221e+00 1.693038e+00 2.964052e+00 1.855760e+00
2t  4.113564e+06 1.310198e+07 3.535229e+06 2.636820e+07 8.084831e+06
3t  1.794212e+06 2.891364e+06 2.560676e+06 6.988809e+06 2.701814e+06
4t  1.276127e+05 1.144930e+05 1.153959e+05 1.198181e+05 9.568570e+04
5t  5.276821e+01 3.555531e+01 4.697548e+01 6.187734e+00 2.505066e+01
6t  1.189190e+02 2.588617e+02 2.057593e+01 6.528705e+02 4.946991e+01
7t  8.962446e+03 3.769751e+03 1.347060e+04 3.382646e+03 3.402062e+03
8t  5.889913e+00 8.202105e+00 6.873168e+00 8.698778e+00 7.135545e+00
9t  3.504310e+02 3.321029e+02 3.531827e+02 2.520722e+02 2.957549e+02
10t 2.756949e+01 3.258536e+01 3.037012e+01 3.627579e+01 3.203911e+01
11t 3.377044e+02 3.329864e+02 3.475047e+02 1.818242e+02 2.983667e+02
12t 2.150167e+04 1.493100e+04 2.244269e+04 2.435259e+02 9.337909e+03
13t 2.043692e+01 1.985442e+01 2.045798e+01 2.130371e+00 1.724225e+00
14t 2.116982e+01 2.096297e+01 2.102917e+01 2.117377e+01 2.119960e+01
15t 1.676271e+02 2.248055e+02 1.767935e+02 7.930507e+02 2.281737e+02
16t 4.926963e+01 4.929634e+01 4.924193e+01 4.821273e+01 4.933900e+01
17t 6.638876e-02 6.726994e-01 4.594584e+02 1.139241e+00 1.193968e+00
18t 9.025268e-01 9.895055e-01 9.514242e-01 1.053808e+00 1.008647e+00
19t 1.266965e+03 5.384684e+02 7.630156e+02 4.375068e+02 4.939038e+02
20t 6.315881e+02 4.063665e+02 5.885365e+02 1.842305e+02 3.020406e+02
21t 3.493446e+04 2.889016e+04 3.637290e+04 2.681366e+04 2.870480e+04
22t 3.654792e+04 3.001299e+04 3.633063e+04 2.899179e+04 2.806312e+04
23t 6.474871e+01 5.144822e+01 7.243830e+01 4.270906e+01 4.478551e+01
24t 2.690386e+00 4.815770e-01 3.448356e+00 8.548864e-01 6.604928e-01
25t 5.517841e-01 4.698621e-01 5.626781e-01 4.763399e-01 7.190763e-01
26t 3.054471e-01 3.306299e-01 2.676974e-01 3.333435e-01 3.029596e-01
27t 5.766665e+01 9.976005e+01 6.181316e+01 6.394348e+01 1.328347e+02
28t 2.075768e+02 3.011556e+02 2.194847e+02 3.123999e+02 2.986989e+02
29t 4.063569e+02 3.558560e+02 4.173381e+02 2.946048e+02 3.175137e+02
30t 1.416352e+01 1.552905e+01 1.143989e+01 1.397797e+01 1.265172e+01
31t 1.413700e+02 2.323527e+02 1.591629e+02 1.269724e+02 2.207383e+02
32t 4.527843e+02 3.959871e+02 4.854059e+02 3.911334e+02 3.429643e+02
33t 1.451208e+02 1.455504e+02 1.155012e+02 1.050943e+02 1.119466e+02
34t 2.631270e+01 3.825767e+01 2.912691e+01 3.223323e+01 2.812936e+01
35t 1.356627e+04 1.316040e+04 1.321075e+04 1.249378e+04 1.294491e+04
36t 1.918805e+05 2.514180e+05 1.772798e+05 2.810341e+05 2.346003e+05
37t 6.549827e+01 5.875914e+01 6.563151e+01 6.034467e+01 5.922563e+01
38t 1.386055e+05 1.780236e+05 1.542538e+05 2.412683e+05 2.572357e+05
39t 5.090449e+00 5.659155e+00 5.926866e+00 6.735433e+00 7.053138e+00
40t 4.665288e+02 4.460373e+01 1.583259e+02 1.880371e+01 3.824455e+01
41t 4.499056e+02 4.500947e+02 4.497337e+02 4.536482e+02 4.521544e+02
42t 3.217373e+02 3.333875e+02 2.843709e+02 2.808682e+02 3.179756e+02
43t 4.070025e+02 3.646991e+02 4.342860e+02 3.165450e+02 4.068201e+02
44t 9.457976e+02 9.299400e+02 9.565454e+02 9.271183e+02 9.360210e+02
45t 9.483038e+02 9.973737e+02 9.521314e+02 9.226856e+02 9.677176e+02
46t 9.486695e+02 9.327159e+02 9.530751e+02 9.297069e+02 9.300824e+02
47t 5.492177e+02 1.027122e+03 5.583457e+02 1.028441e+03 1.023859e+03
48t 1.105039e+03 1.001751e+03 9.955779e+02 9.504130e+02 1.004031e+03
49t 1.207693e+03 1.033061e+03 5.705893e+02 1.019728e+03 5.906443e+02
50t 1.242065e+03 9.364701e+02 1.106567e+03 8.926040e+02 9.024207e+02
              91           92           93           94           95
1t  2.607450e+00 2.405093e+00 1.785626e+00 1.279977e+00 8.883662e-01
2t  1.516839e+07 7.433153e+06 1.567736e+07 2.898019e+07 4.262808e+06
3t  6.084920e+06 4.084407e+06 3.493282e+06 2.280210e+06 1.559868e+06
4t  1.209175e+05 1.214104e+05 1.382816e+05 1.297098e+05 1.634498e+05
5t  1.146266e+01 3.745913e+01 9.753752e+00 1.892288e+01 5.661598e+01
6t  6.463207e+02 4.248632e+02 6.669211e+02 5.210657e+02 2.684503e+02
7t  4.390304e+03 4.508151e+03 5.391491e+03 4.867696e+03 9.416179e+03
8t  8.120259e+00 7.754160e+00 6.463877e+00 6.469402e+00 5.272426e+00
9t  2.661330e+02 2.722889e+02 2.768015e+02 2.482087e+02 3.468725e+02
10t 3.225831e+01 3.729932e+01 3.131298e+01 3.048652e+01 2.383006e+01
11t 2.604600e+02 2.719028e+02 2.211307e+02 2.660177e+02 3.457443e+02
12t 3.469893e+02 5.327151e+03 1.305040e+03 3.708059e+02 2.746745e+04
13t 2.149430e+00 2.131683e+00 1.672336e+00 1.498630e+00 2.014805e+01
14t 2.100976e+01 2.112028e+01 2.114942e+01 2.111153e+01 2.112211e+01
15t 4.342187e+03 1.103004e+03 4.197782e+02 4.987788e+02 5.103868e+02
16t 4.850524e+01 4.917620e+01 4.875350e+01 4.881014e+01 4.888857e+01
17t 1.138082e+00 8.070715e-02 1.073883e+00 6.951541e-01 1.731958e-01
18t 1.035962e+00 1.024282e+00 1.016359e+00 9.913131e-01 8.478995e-01
19t 4.511321e+02 5.326841e+02 4.701190e+02 5.025068e+02 1.430573e+03
20t 2.591356e+02 3.413598e+02 2.737015e+02 2.304887e+02 5.266405e+02
21t 2.698822e+04 3.109792e+04 2.766728e+04 2.700777e+04 3.446463e+04
22t 2.809852e+04 3.261532e+04 2.855408e+04 2.888572e+04 3.514282e+04
23t 4.388741e+01 4.490185e+01 4.821166e+01 4.305459e+01 6.120784e+01
24t 8.847806e-01 3.177153e+00 1.067541e+00 9.116816e-01 2.700098e+00
25t 6.151113e-01 4.685133e-01 5.136771e-01 5.165729e-01 6.555633e-01
26t 2.980650e-01 2.708440e-01 3.375938e-01 3.352279e-01 3.143303e-01
27t 6.272716e+01 7.576197e+01 5.822681e+01 6.362658e+01 6.917071e+01
28t 3.064227e+02 2.851075e+02 2.778932e+02 2.444472e+02 1.694394e+02
29t 3.335364e+02 3.288737e+02 3.146906e+02 2.387703e+02 4.366873e+02
30t 1.524394e+01 1.656156e+01 1.310768e+01 1.128586e+01 1.458771e+01
31t 1.641693e+02 1.525098e+02 1.555185e+02 1.592558e+02 1.401383e+02
32t 3.550687e+02 2.824937e+02 3.296281e+02 3.128896e+02 3.795920e+02
33t 1.067195e+02 1.042983e+02 1.064446e+02 1.137292e+02 1.265945e+02
34t 3.108964e+01 3.190826e+01 2.801578e+01 2.666129e+01 2.294213e+01
35t 1.281638e+04 1.267631e+04 1.256653e+04 1.273810e+04 1.428003e+04
36t 3.064707e+05 3.295859e+05 2.226132e+05 2.065096e+05 1.036559e+05
37t 6.060981e+01 5.774912e+01 6.012116e+01 6.004644e+01 6.327007e+01
38t 1.673446e+05 2.309103e+05 2.014919e+05 2.912902e+05 1.525181e+05
39t 6.351740e+01 7.535558e+00 6.798227e+00 5.249717e+00 6.269954e+00
40t 3.522189e+01 5.432654e+01 4.781358e+01 3.890561e+01 7.600578e+02
41t 4.233417e+02 4.539564e+02 4.353712e+02 4.506140e+02 4.466578e+02
42t 2.992335e+02 3.110672e+02 3.097226e+02 2.947182e+02 3.984571e+02
43t 3.629127e+02 3.252075e+02 4.108528e+02 4.474046e+02 4.615170e+02
44t 9.362994e+02 9.340430e+02 9.302030e+02 9.234987e+02 9.387974e+02
45t 9.292590e+02 9.311503e+02 9.221505e+02 9.219121e+02 9.346302e+02
46t 9.332773e+02 9.335880e+02 9.315822e+02 9.207852e+02 9.378478e+02
47t 1.022076e+03 5.851594e+02 1.025903e+03 1.020319e+03 5.310868e+02
48t 9.253012e+02 9.775781e+02 9.247911e+02 9.762052e+02 1.223000e+03
49t 1.024129e+03 6.008026e+02 9.214439e+02 1.019875e+03 5.504055e+02
50t 8.984675e+02 1.052433e+03 9.159335e+02 9.099149e+02 1.282008e+03
              96           97           98           99          100
1t  1.430118e+00 1.851804e+00 1.536313e+00 1.536632e+00 1.333095e+00
2t  8.822760e+06 8.251008e+06 5.420382e+06 4.980054e+06 2.522943e+07
3t  2.601562e+06 3.091520e+06 2.275916e+06 2.494973e+06 1.690499e+06
4t  1.113744e+05 9.633119e+04 1.242647e+05 1.271419e+05 1.292181e+05
5t  3.667229e+01 4.159980e+01 1.819712e+01 3.280333e+01 2.934856e+01
6t  1.288902e+02 2.223865e+02 3.975254e+02 2.293275e+02 6.175817e+02
7t  4.839268e+03 1.899389e+04 5.829683e+03 4.935360e+03 4.777718e+03
8t  6.423215e+00 8.264354e+00 6.498857e+00 6.573452e+00 5.884685e+00
9t  2.865621e+02 2.730370e+02 2.679513e+02 2.952790e+02 2.769999e+02
10t 3.025275e+01 3.584616e+01 2.878966e+01 3.005303e+01 2.854023e+01
11t 2.857991e+02 2.710545e+02 2.385113e+02 2.765290e+02 2.713872e+02
12t 7.306112e+03 8.299387e+03 3.019574e+02 3.092343e+03 2.203464e+03
13t 1.819794e+00 2.038626e+00 1.630593e+00 1.810584e+00 1.551539e+00
14t 2.112797e+01 2.119561e+01 2.106898e+01 2.112649e+01 2.102664e+01
15t 1.885535e+02 2.832979e+02 2.169754e+02 2.178473e+02 2.110269e+02
16t 4.810769e+01 9.977850e+01 4.863023e+01 4.929472e+01 5.070574e+01
17t 2.361643e+00 7.245719e-02 5.444523e-01 5.766577e-02 1.118329e+00
18t 9.719694e-01 1.003443e+00 9.720105e-01 9.780293e-01 9.897210e-01
19t 4.981122e+02 4.585295e+02 4.710248e+02 5.114468e+02 5.314012e+02
20t 2.689553e+02 2.028559e+02 3.066140e+02 3.542054e+02 2.509334e+02
21t 2.826392e+04 2.844199e+04 2.758794e+04 3.152534e+04 2.837591e+04
22t 2.813083e+04 2.870353e+04 2.812208e+04 3.424186e+04 2.856704e+04
23t 5.205421e+01 3.208111e+01 5.311049e+01 4.642915e+01 4.317004e+01
24t 7.163852e-01 6.501763e-01 7.149476e-01 3.673827e+00 9.227864e-01
25t 8.008023e-01 6.644188e-01 5.170769e-01 5.795102e-01 5.655723e-01
26t 3.107932e-01 3.447918e-01 3.191008e-01 3.255027e-01 3.761088e-01
27t 9.134889e+01 1.227267e+02 8.382944e+01 6.596210e+01 6.804544e+01
28t 2.370397e+02 3.192531e+02 2.365431e+02 2.410962e+02 2.165489e+02
29t 3.513670e+02 3.422138e+02 3.025642e+02 3.180994e+02 3.296208e+02
30t 1.190563e+01 1.394735e+01 1.139167e+01 1.131665e+01 1.198198e+01
31t 2.040629e+02 2.836197e+02 1.313407e+02 1.371001e+02 1.763825e+02
32t 3.666936e+02 5.287212e+02 2.871399e+02 2.721311e+02 3.008813e+02
33t 1.263396e+02 1.454653e+02 1.142569e+02 1.128148e+02 1.117770e+02
34t 2.586366e+01 3.985246e+01 2.555851e+01 2.924595e+01 2.340170e+01
35t 1.293440e+04 1.283601e+04 1.261537e+04 1.269920e+04 1.261589e+04
36t 2.509220e+05 2.849049e+05 2.037803e+05 2.895231e+05 1.661414e+05
37t 6.007449e+01 6.150107e+01 5.956907e+01 5.944629e+01 6.070294e+01
38t 2.326015e+05 3.834071e+05 2.023883e+05 1.567126e+05 2.167470e+05
39t 6.448990e+00 5.650898e+00 4.923308e+00 6.841578e+00 8.773603e+00
40t 9.654079e+01 2.930088e+01 4.529274e+01 8.749148e+01 7.509213e+01
41t 4.483124e+02 4.515581e+02 4.494550e+02 4.516586e+02 3.880127e+02
42t 2.960556e+02 3.263275e+02 3.221047e+02 2.959816e+02 3.189067e+02
43t 4.023918e+02 4.407804e+02 3.628092e+02 3.580135e+02 3.959404e+02
44t 9.335227e+02 9.352994e+02 9.277160e+02 9.304275e+02 9.390461e+02
45t 9.248931e+02 9.307804e+02 9.241127e+02 8.255699e+02 9.290445e+02
46t 9.404893e+02 9.383410e+02 9.319606e+02 9.592016e+02 9.306140e+02
47t 1.029279e+03 5.730448e+02 1.023861e+03 5.595092e+02 1.024186e+03
48t 9.994496e+02 9.886322e+02 9.215123e+02 9.901505e+02 9.796133e+02
49t 5.757611e+02 5.931425e+02 1.022350e+03 5.726283e+02 5.605948e+02
50t 9.224976e+02 9.167307e+02 9.109276e+02 1.168126e+03 9.653373e+02
             101          102          103          104          105
1t  1.494432e+00 1.784000e+00 1.298605e+00 1.335173e+00 1.565006e+00
2t  9.440244e+06 1.409455e+07 1.012477e+07 1.014333e+07 1.219437e+07
3t  2.466324e+06 2.512519e+06 2.040103e+06 2.191802e+06 3.154623e+06
4t  1.240881e+05 1.166103e+05 1.096570e+05 1.113151e+05 1.157142e+05
5t  1.357751e+01 7.813395e+00 1.932429e+01 1.458832e+01 1.462658e+01
6t  3.915661e+02 4.005941e+02 5.238830e+02 3.467632e+02 5.732934e+02
7t  3.789362e+03 3.289673e+03 4.016717e+03 6.418630e+03 5.344975e+03
8t  6.187161e+00 6.581742e+00 6.120610e+00 6.301887e+00 6.464802e+00
9t  2.797227e+02 2.802187e+02 2.811941e+02 2.659573e+02 2.485522e+02
10t 3.090920e+01 3.007691e+01 2.918522e+01 2.826621e+01 3.062382e+01
11t 2.267566e+02 2.119248e+02 2.740618e+02 2.819701e+02 2.230219e+02
12t 4.319524e+02 2.545586e+02 5.409437e+02 4.960499e+02 3.223152e+02
13t 1.613812e+00 1.790116e+00 1.543712e+00 1.591919e+00 1.718910e+00
14t 2.104618e+01 2.111919e+01 2.100605e+01 2.105385e+01 2.109754e+01
15t 5.475307e+02 2.651638e+02 5.447644e+02 3.355064e+02 4.969311e+02
16t 4.900400e+01 4.827584e+01 4.837975e+01 4.925490e+01 4.923288e+01
17t 6.082898e-01 2.252289e-01 9.570456e-01 1.090333e+00 8.569025e-01
18t 9.915187e-01 9.773633e-01 9.545739e-01 9.347784e-01 1.003601e+00
19t 5.308057e+02 3.854668e+02 4.254173e+02 5.087744e+02 4.533564e+02
20t 2.807540e+02 2.372656e+02 2.858559e+02 2.611229e+02 2.362390e+02
21t 2.786794e+04 2.833936e+04 2.757104e+04 2.757613e+04 2.674208e+04
22t 2.901447e+04 2.757195e+04 2.809941e+04 2.916854e+04 2.838938e+04
23t 4.874101e+01 5.159599e+01 5.244815e+01 4.660807e+01 4.670206e+01
24t 7.648682e-01 6.731457e-01 6.872641e-01 8.839860e-01 8.917374e-01
25t 4.842709e-01 5.385658e-01 5.426126e-01 4.336426e-01 5.459176e-01
26t 3.677786e-01 3.725087e-01 3.602060e-01 3.275013e-01 3.407859e-01
27t 9.314952e+01 5.697006e+01 8.320154e+01 8.063833e+01 6.642174e+01
28t 2.501648e+02 2.519352e+02 5.265203e+02 4.436243e+03 2.552883e+02
29t 2.887640e+02 2.746354e+02 3.140503e+02 3.170168e+02 2.955651e+02
30t 1.189454e+01 1.166453e+01 1.193812e+01 1.184710e+01 1.196124e+01
31t 1.682880e+02 1.690433e+02 1.689817e+02 1.400810e+02 1.427947e+02
32t 2.882489e+02 3.294091e+02 3.290237e+02 3.156693e+02 3.161101e+02
33t 1.127302e+02 1.117663e+02 1.075914e+02 1.049950e+02 1.044177e+02
34t 2.696908e+01 2.904447e+01 2.520823e+01 2.755339e+01 2.662866e+01
35t 1.272506e+04 1.258250e+04 1.255865e+04 1.282781e+04 1.266632e+04
36t 2.036469e+05 2.663704e+05 2.060688e+05 2.218222e+05 2.444902e+05
37t 5.711466e+01 6.017789e+01 5.937068e+01 5.714603e+01 6.050265e+01
38t 2.838867e+05 1.982802e+05 2.238423e+05 2.263146e+05 2.570962e+05
39t 5.795779e+00 8.010064e+00 5.675981e+00 5.113454e+00 5.941917e+00
40t 5.428029e+01 3.806224e+01 6.789810e+01 3.971378e+01 3.615338e+01
41t 4.492299e+02 4.507034e+02 4.490421e+02 4.488008e+02 4.487702e+02
42t 3.033485e+02 3.330238e+02 2.947120e+02 3.149931e+02 3.151682e+02
43t 4.417119e+02 3.533190e+02 4.196089e+02 3.565750e+02 3.306088e+02
44t 9.310548e+02 9.384517e+02 9.278666e+02 9.324525e+02 9.281371e+02
45t 9.240681e+02 9.353718e+02 9.235125e+02 9.268359e+02 9.260808e+02
46t 9.214480e+02 9.334187e+02 9.385033e+02 9.313969e+02 9.346828e+02
47t 1.023655e+03 1.022507e+03 1.030943e+03 1.024168e+03 1.023834e+03
48t 9.557941e+02 9.614143e+02 9.822401e+02 9.449637e+02 9.169838e+02
49t 1.028142e+03 1.020439e+03 1.030484e+03 1.023109e+03 1.022069e+03
50t 9.438305e+02 9.131327e+02 9.625794e+02 9.503112e+02 8.979952e+02
             106          107          108          109          110
1t  1.797755e+00 1.195796e+00 1.151745e+02 7.346763e+00 1.608896e+00
2t  1.616598e+07 3.170746e+06 3.782911e+07 8.324529e+06 5.950402e+06
3t  2.572996e+06 1.671770e+06 2.160094e+07 1.106410e+07 2.501115e+06
4t  1.057371e+05 7.615383e+04 9.688807e+04 7.733371e+04 1.483454e+05
5t  1.983882e+01 4.762578e+01 4.658445e+01 4.254135e+01 4.877148e+01
6t  2.548871e+02 1.273920e+01 8.712051e+02 1.160167e+02 4.919579e+01
7t  3.356527e+03 1.576850e+04 2.472512e+03 7.352934e+03 8.302400e+03
8t  6.686004e+00 6.079259e+00 9.601347e+00 1.495433e+01 7.060512e+00
9t  2.901086e+02 4.223259e+02 2.885581e+02 3.695598e+02 3.868118e+02
10t 3.037255e+01 2.527153e+01 3.783196e+01 4.625000e+01 3.144103e+01
11t 2.320651e+02 4.871104e+02 2.848062e+02 3.775387e+02 3.988012e+02
12t 3.741863e+02 1.787870e+04 1.373476e+04 1.326040e+04 1.876768e+04
13t 1.628327e+00 2.032793e+01 2.270002e+00 2.032146e+01 2.037686e+01
14t 2.107769e+01 2.088050e+01 2.111138e+01 2.107229e+01 2.116936e+01
15t 2.208886e+02 1.706389e+02 1.003575e+06 9.024829e+02 2.944825e+03
16t 4.788239e+01 4.900236e+01 1.432976e+02 4.951384e+01 4.914153e+01
17t 2.031310e-01 6.718080e+02 5.869088e+00 2.411224e-01 5.045166e-02
18t 9.810792e-01 9.168109e-01 2.932723e+00 1.099177e+00 9.855774e-01
19t 4.307957e+02 1.687804e+03 4.569910e+02 4.671629e+02 1.327171e+03
20t 2.685399e+02 8.766284e+02 3.514647e+02 5.421291e+02 3.555524e+02
21t 2.779083e+04 3.865167e+04 2.783966e+04 3.278750e+04 3.626497e+04
22t 2.885219e+04 3.852857e+04 2.886292e+04 3.505243e+04 3.824419e+04
23t 4.435740e+01 7.136706e+01 5.202880e+01 6.080758e+01 5.554764e+01
24t 6.112386e-01 1.087664e+00 1.025103e+00 3.068850e+00 4.779804e+00
25t 4.853009e-01 5.629747e-01 5.026392e-01 6.197308e-01 5.198354e-01
26t 3.029206e-01 3.570658e-01 3.768217e-01 3.072704e-01 3.006400e-01
27t 5.598809e+01 7.662503e+01 7.907911e+01 6.903787e+01 6.977270e+01
28t 2.422550e+02 1.730765e+02 1.945716e+06 5.937263e+02 2.616459e+02
29t 2.692779e+02 5.508812e+02 2.849037e+02 3.518780e+02 4.524070e+02
30t 1.079190e+01 1.271609e+01 1.863297e+01 2.394135e+01 1.117823e+01
31t 1.694530e+02 1.223119e+02 1.597809e+02 1.774385e+02 2.189781e+02
32t 2.959223e+02 4.242821e+02 3.660608e+02 4.234697e+02 4.441182e+02
33t 1.064477e+02 1.981667e+02 1.118626e+02 1.178243e+02 1.515135e+02
34t 2.881144e+01 3.705567e+01 3.251699e+01 4.564802e+01 3.043572e+01
35t 1.244743e+04 1.372326e+04 1.277766e+04 1.247983e+04 1.356658e+04
36t 2.083816e+05 1.972529e+05 2.633535e+05 5.868733e+05 2.280508e+05
37t 5.512812e+01 7.131011e+01 5.944937e+01 6.590172e+01 6.103827e+01
38t 2.021516e+05 2.445937e+05 1.416989e+05 2.009770e+05 1.625256e+05
39t 5.977934e+00 5.641980e+00 5.031269e+02 8.776779e+00 5.178553e+00
40t 1.704832e+01 1.937552e+02 5.980475e+01 1.877861e+01 2.245219e+02
41t 4.508858e+02 4.481105e+02 4.541654e+02 4.692127e+02 8.725133e+02
42t 2.885034e+02 3.015527e+02 3.059281e+02 2.740302e+02 3.362744e+02
43t 3.537613e+02 4.324630e+02 3.621448e+02 3.196720e+02 3.172709e+02
44t 9.262245e+02 9.422898e+02 9.396322e+02 9.398685e+02 9.587040e+02
45t 9.240238e+02 9.376342e+02 9.295226e+02 9.435740e+02 9.600841e+02
46t 9.306118e+02 9.440486e+02 9.406900e+02 9.706083e+02 9.604893e+02
47t 1.032664e+03 5.346928e+02 1.037288e+03 6.813165e+02 5.571470e+02
48t 9.126418e+02 1.064829e+03 9.693303e+02 9.700353e+02 1.035713e+03
49t 1.025199e+03 5.805801e+02 1.041041e+03 7.242301e+02 1.198195e+03
50t 9.238594e+02 1.266318e+03 1.011314e+03 9.101450e+02 1.182480e+03
             111          112          113          114          115
1t  2.083819e+00 1.378290e+00 1.087856e+00 6.624595e-01 6.501944e+00
2t  3.586145e+07 4.333873e+06 3.390114e+06 2.155176e+06 1.356621e+07
3t  5.673368e+06 1.988497e+06 1.680614e+06 8.049476e+05 1.086853e+07
4t  1.021292e+05 1.056267e+05 1.090977e+05 7.698873e+04 1.451432e+05
5t  4.204984e+01 4.908034e+01 4.344532e+01 1.929539e+01 5.228475e+01
6t  1.787735e+02 2.624635e+01 7.591372e+00 1.651735e+00 5.567619e+02
7t  5.304915e+03 1.528022e+04 1.447641e+04 4.172818e+04 6.226787e+03
8t  7.129683e+00 7.322521e+00 5.509066e+00 4.375326e+00 1.524130e+01
9t  3.123052e+02 3.822683e+02 3.675961e+02 4.473365e+02 3.448264e+02
10t 2.875184e+01 2.788964e+01 2.751827e+01 2.196709e+01 5.571575e+01
11t 3.103025e+02 4.047888e+02 3.943975e+02 4.573137e+02 3.637117e+02
12t 2.170633e+04 2.121805e+04 2.048875e+04 3.817517e+03 2.163556e+04
13t 2.009721e+01 2.029909e+01 2.049854e+01 1.995394e+01 2.027318e+01
14t 2.116001e+01 2.110143e+01 2.116807e+01 2.119833e+01 2.107531e+01
15t 1.149255e+05 1.851050e+02 1.722392e+02 1.125236e+02 1.270349e+03
16t 1.631740e+02 4.916648e+01 4.918205e+01 4.812039e+01 1.024803e+02
17t 2.449087e+01 3.027185e+02 6.550550e+02 2.035640e-02 2.708055e-01
18t 1.024275e+00 9.679229e-01 8.823814e-01 6.840949e-01 1.106904e+00
19t 5.879215e+02 1.337434e+03 1.360035e+03 3.545380e+03 4.946852e+02
20t 3.996820e+02 7.096656e+02 4.267424e+02 4.740308e+02 5.269231e+02
21t 2.880719e+04 3.532611e+04 3.676369e+04 3.665279e+04 3.236035e+04
22t 2.787162e+04 3.505298e+04 3.596610e+04 3.632449e+04 3.465865e+04
23t 5.817096e+01 6.807374e+01 7.839170e+01 8.163734e+01 5.279163e+01
24t 1.129682e+00 3.496787e+00 3.364261e+00 3.274883e+00 3.162327e+00
25t 7.628116e-01 5.384241e-01 6.097570e-01 6.597002e-01 6.017415e-01
26t 3.739386e-01 2.988024e-01 3.266617e-01 2.901582e-01 3.145651e-01
27t 9.104251e+01 5.906661e+01 7.014122e+01 6.129118e+01 6.869342e+01
28t 1.293156e+05 1.830657e+02 1.802348e+02 1.388220e+02 8.602905e+02
29t 3.384783e+02 4.828422e+02 4.882837e+02 5.242080e+02 3.438248e+02
30t 1.458029e+01 1.683439e+01 1.162140e+01 7.520166e+00 2.415731e+01
31t 1.956473e+02 1.435453e+02 1.581313e+02 1.453490e+02 1.564194e+02
32t 5.007641e+02 5.396070e+02 4.164344e+02 4.227857e+02 4.193886e+02
33t 1.287644e+02 1.594188e+02 1.530644e+02 1.966295e+02 1.135026e+02
34t 2.713511e+01 2.859594e+01 2.830460e+01 3.452158e+01 4.864098e+01
35t 1.293804e+04 1.333456e+04 1.313119e+04 1.578867e+04 1.275262e+04
36t 2.781942e+05 1.471370e+05 1.448153e+05 1.380896e+05 5.692789e+05
37t 6.286861e+01 6.756100e+01 6.974402e+01 7.220545e+01 6.524368e+01
38t 1.709768e+05 1.602616e+05 1.877615e+05 1.669495e+05 1.584786e+05
39t 5.576351e+00 5.448912e+00 5.301377e+00 5.377466e+00 8.936670e+00
40t 1.073822e+02 3.722878e+02 3.177283e+02 2.349629e+02 6.112997e+01
41t 4.510135e+02 4.505368e+02 4.483719e+02 4.444948e+02 4.667478e+02
42t 2.942599e+02 3.212875e+02 2.956748e+02 3.553781e+02 2.929730e+02
43t 3.725187e+02 4.192912e+02 4.313135e+02 4.186679e+02 3.336259e+02
44t 9.384668e+02 9.606371e+02 9.352229e+02 9.267613e+02 9.441312e+02
45t 9.665487e+02 9.471162e+02 9.389980e+02 1.159814e+03 9.931700e+02
46t 9.390165e+02 9.541891e+02 9.388037e+02 1.077453e+03 9.562224e+02
47t 5.605613e+02 1.199819e+03 5.411360e+02 1.213358e+03 6.654486e+02
48t 9.824407e+02 1.059943e+03 1.036599e+03 1.277441e+03 9.729552e+02
49t 5.851461e+02 5.774103e+02 5.597564e+02 1.239034e+03 7.282520e+02
50t 9.724223e+02 1.229361e+03 1.253562e+03 1.311456e+03 9.291276e+02
             116          117          118          119          120
1t  1.829881e+00 6.087463e-01 6.463847e-01 6.808276e-01 6.520167e-01
2t  1.037040e+07 2.314650e+06 2.706119e+06 3.088880e+06 3.099195e+06
3t  2.794675e+06 8.741681e+05 9.922147e+05 1.062523e+06 1.103039e+06
4t  1.237908e+05 1.252125e+05 9.009995e+04 1.254909e+05 1.339580e+05
5t  5.823128e+01 2.379811e+01 3.783557e+01 5.468667e+01 5.412731e+01
6t  1.727651e+02 1.734661e+00 3.476309e+00 1.501554e+01 1.924948e+01
7t  9.117586e+03 2.850806e+04 1.087969e+04 1.136486e+04 1.122180e+04
8t  6.764819e+00 4.210495e+00 4.377168e+00 4.563718e+00 4.489865e+00
9t  3.808070e+02 4.388513e+02 3.996345e+02 3.977972e+02 3.892192e+02
10t 2.976998e+01 1.808912e+01 2.032102e+01 1.975947e+01 2.230398e+01
11t 3.886025e+02 4.686651e+02 4.162991e+02 3.853394e+02 3.814623e+02
12t 2.918289e+04 4.741965e+03 1.207626e+04 2.561490e+04 2.851078e+04
13t 2.043876e+01 1.997722e+01 2.052797e+01 2.050161e+01 2.038366e+01
14t 2.115977e+01 2.101792e+01 2.116918e+01 2.120601e+01 2.114907e+01
15t 2.459511e+02 1.075761e+02 1.047683e+02 1.134198e+02 1.157738e+02
16t 4.930666e+01 4.919111e+01 4.917079e+01 4.913303e+01 4.920467e+01
17t 6.235982e+02 2.388914e-02 3.431440e+02 5.577253e+02 6.941613e+02
18t 9.604874e-01 5.624091e-01 6.668609e-01 7.195981e-01 7.224649e-01
19t 1.498807e+03 4.147952e+03 3.103186e+03 2.354661e+03 2.506948e+03
20t 6.630468e+02 4.044280e+02 7.786064e+02 6.630793e+02 7.580791e+02
21t 3.548070e+04 3.855075e+04 3.602935e+04 3.646949e+04 3.585807e+04
22t 3.598133e+04 3.921834e+04 3.756094e+04 3.542971e+04 3.597282e+04
23t 6.761912e+01 8.592422e+01 8.091350e+01 7.217418e+01 7.365462e+01
24t 3.522021e+00 5.819287e+00 3.804002e+00 3.348603e+00 3.530712e+00
25t 5.827091e-01 6.068005e-01 5.825828e-01 5.322676e-01 5.757775e-01
26t 2.897875e-01 3.004175e-01 3.054558e-01 2.775948e-01 2.561204e-01
27t 5.093354e+01 6.229789e+01 6.595475e+01 5.755461e+01 6.962485e+01
28t 2.077491e+02 1.511848e+02 1.596749e+02 1.499113e+02 1.264972e+02
29t 4.338153e+02 5.045655e+02 4.720608e+02 4.357069e+02 4.407669e+02
30t 1.123303e+01 4.276429e+02 1.108391e+01 2.085903e+01 2.583588e+02
31t 1.033425e+02 1.516815e+02 1.461796e+02 1.420849e+02 1.303166e+02
32t 3.539688e+02 4.920175e+02 3.933441e+02 3.902677e+02 8.469410e+02
33t 1.363835e+02 1.865955e+02 1.671106e+02 1.420080e+02 1.730426e+02
34t 3.125604e+01 2.838329e+01 2.946853e+01 2.460371e+01 2.386436e+01
35t 1.367797e+04 1.694971e+04 1.550135e+04 1.524874e+04 1.515024e+04
36t 1.517910e+05 1.150019e+05 1.066430e+05 1.260497e+05 1.269742e+05
37t 6.712209e+01 6.036290e+01 6.835339e+01 6.718588e+01 6.885884e+01
38t 1.420648e+05 1.901243e+05 1.643507e+05 1.212603e+05 1.281194e+05
39t 6.003651e+00 4.834839e+00 5.240038e+00 5.544204e+00 5.309056e+00
40t 8.370011e+02 3.081905e+02 5.496778e+02 1.127022e+03 1.150658e+03
41t 4.499628e+02 4.430446e+02 4.448475e+02 4.441302e+02 4.429066e+02
42t 2.865511e+02 5.240236e+02 3.219117e+02 3.294174e+02 3.394816e+02
43t 3.873750e+02 4.561014e+02 4.317243e+02 4.300567e+02 4.339922e+02
44t 9.558448e+02 1.163919e+03 9.275859e+02 9.255234e+02 9.251222e+02
45t 9.498008e+02 9.247011e+02 9.270917e+02 9.282270e+02 9.243419e+02
46t 9.564568e+02 1.168574e+03 9.243926e+02 9.259867e+02 9.263453e+02
47t 5.520086e+02 1.194105e+03 5.259395e+02 1.210550e+03 1.206334e+03
48t 1.063888e+03 1.317881e+03 1.335850e+03 1.318101e+03 1.266405e+03
49t 9.252539e+02 1.214299e+03 1.222052e+03 1.224960e+03 1.213182e+03
50t 1.212110e+03 1.370641e+03 1.342378e+03 1.308645e+03 1.309383e+03
             121          122          123          124          125
1t  7.507536e-01 6.577553e-01 2.497274e+03 1.598781e+00 2.703484e+03
2t  3.357431e+06 4.611028e+06 1.311697e+07 5.526113e+06 1.279368e+07
3t  1.070137e+06 9.319714e+05 3.918177e+08 2.562472e+06 1.329694e+08
4t  1.277767e+05 1.265167e+05 1.357928e+05 1.239092e+05 1.346829e+05
5t  5.456216e+01 5.857620e+01 5.931156e+01 5.193317e+01 6.064820e+01
6t  1.939270e+01 6.522144e+01 3.054093e+02 7.906600e+01 2.761568e+02
7t  1.088604e+04 9.840263e+03 7.895540e+03 9.617188e+03 1.218063e+04
8t  4.600013e+00 4.828008e+00 6.774879e+00 6.757664e+00 6.722891e+00
9t  3.798812e+02 3.776670e+02 3.871215e+02 3.792337e+02 3.750453e+02
10t 2.224806e+01 2.103363e+01 2.950972e+01 3.058513e+01 2.868122e+01
11t 3.884659e+02 3.914837e+02 3.805575e+02 3.864616e+02 3.885362e+02
12t 2.287708e+04 2.807869e+04 3.077258e+04 2.531464e+04 2.999254e+04
13t 2.056415e+01 2.052754e+01 2.025354e+01 2.037912e+01 2.046861e+01
14t 2.118823e+01 2.119851e+01 2.116770e+01 2.116933e+01 2.111337e+01
15t 1.202101e+02 1.206102e+02 1.029726e+05 2.244079e+02 2.823520e+05
16t 4.922705e+01 4.921168e+01 1.034584e+02 4.928671e+01 5.590834e+01
17t 5.924776e+02 7.933861e+02 6.939396e+02 5.974236e+02 7.523817e+02
18t 7.525886e-01 7.475172e-01 1.065583e+00 9.842410e-01 1.019690e+00
19t 2.678188e+03 2.684335e+03 1.065047e+03 1.313449e+03 1.110871e+03
20t 6.536900e+02 7.175663e+02 5.932339e+02 7.171707e+02 7.238282e+02
21t 3.549618e+04 3.568500e+04 3.449954e+04 3.529809e+04 3.602685e+04
22t 3.530879e+04 3.584361e+04 3.523620e+04 3.492249e+04 3.611527e+04
23t 6.850540e+01 7.131049e+01 6.730264e+01 6.762145e+01 7.117745e+01
24t 2.783658e+00 2.985467e+00 3.426069e+00 2.868102e+00 2.757216e+00
25t 5.785075e-01 5.823348e-01 5.534504e-01 5.713627e-01 5.881378e-01
26t 2.639341e-01 2.653612e-01 2.612906e-01 2.510991e-01 2.919861e-01
27t 6.199271e+01 4.925742e+01 6.231003e+01 4.099459e+01 5.020841e+01
28t 1.379625e+02 1.391866e+02 7.126447e+05 1.846440e+02 2.108707e+05
29t 4.625180e+02 4.417079e+02 4.594741e+02 4.493323e+02 4.323414e+02
30t 3.265219e+01 9.105020e+01 1.454153e+01 1.325338e+01 1.426001e+01
31t 1.244867e+02 1.063223e+02 1.129210e+02 1.013989e+02 9.919231e+01
32t 3.833126e+02 4.349428e+02 3.550425e+02 7.850260e+02 3.731076e+02
33t 1.591966e+02 1.463444e+02 1.478019e+02 1.291398e+02 1.350183e+02
34t 2.455158e+01 2.333691e+01 3.131050e+01 3.080214e+01 3.166022e+01
35t 1.514173e+04 1.564389e+04 1.418477e+04 1.350494e+04 1.402546e+04
36t 1.204890e+05 1.061497e+05 1.814891e+05 1.416552e+05 1.909144e+05
37t 6.760344e+01 6.978122e+01 6.368695e+01 6.855238e+01 6.728797e+01
38t 1.141646e+05 1.567223e+05 1.529540e+05 1.739067e+05 1.654745e+05
39t 4.894685e+00 4.900158e+00 6.606619e+00 5.397723e+00 6.289961e+00
40t 1.141702e+03 1.665026e+03 9.417711e+02 5.274898e+02 9.826182e+02
41t 4.423888e+02 4.434564e+02 4.511375e+02 4.506425e+02 4.504013e+02
42t 3.475715e+02 3.466490e+02 3.108912e+02 3.065975e+02 3.129238e+02
43t 5.115417e+02 4.340844e+02 3.897661e+02 3.721208e+02 4.241651e+02
44t 9.279342e+02 9.217863e+02 9.649828e+02 9.611437e+02 9.496886e+02
45t 9.280556e+02 9.266449e+02 9.565259e+02 9.614870e+02 9.530639e+02
46t 9.281636e+02 9.278246e+02 9.619716e+02 9.543894e+02 9.567552e+02
47t 5.263861e+02 1.216111e+03 5.513146e+02 5.574602e+02 5.482306e+02
48t 1.322855e+03 1.343894e+03 1.049532e+03 1.055847e+03 1.058211e+03
49t 1.218602e+03 1.225541e+03 5.887639e+02 5.767575e+02 5.838274e+02
50t 1.316022e+03 1.326630e+03 1.204673e+03 1.185509e+03 1.209800e+03
             126          127          128          129          130
1t  1.115835e+00 1.383920e+00 1.356925e+00 1.087238e+00 1.472451e+00
2t  1.158209e+07 5.482028e+06 6.272792e+06 1.273869e+07 6.009494e+06
3t  2.108678e+06 2.266641e+06 2.186418e+06 1.974087e+06 2.795585e+06
4t  1.094703e+05 1.339633e+05 1.179138e+05 1.140693e+05 1.064625e+05
5t  4.909137e+01 5.624168e+01 5.824782e+01 3.731791e+01 5.204712e+01
6t  1.590331e+02 1.098520e+02 1.078092e+02 2.526132e+02 6.647131e+01
7t  6.619678e+03 7.114238e+03 9.757648e+03 8.444561e+03 5.714564e+03
8t  5.312733e+00 6.864778e+00 6.359160e+00 5.701509e+00 6.558455e+00
9t  3.060211e+02 3.759326e+02 3.964406e+02 3.106482e+02 3.790018e+02
10t 2.595004e+01 3.072488e+01 2.852799e+01 2.529798e+01 2.792861e+01
11t 2.996753e+02 3.919597e+02 3.936484e+02 3.084704e+02 4.028241e+02
12t 2.367445e+04 2.753145e+04 2.662668e+04 2.639793e+04 2.595478e+04
13t 2.002843e+01 2.036568e+01 2.055102e+01 2.005613e+01 2.051907e+01
14t 2.082763e+01 2.110360e+01 2.114019e+01 2.109479e+01 2.117324e+01
15t 3.855118e+02 2.058862e+02 2.024964e+02 1.714471e+02 2.140401e+02
16t 4.897771e+01 4.923044e+01 4.930079e+01 4.811794e+01 4.929968e+01
17t 2.538601e+01 4.862156e+02 5.849664e+02 3.349094e+01 6.936502e+02
18t 9.248029e-01 9.658289e-01 9.811003e-01 9.423470e-01 9.951694e-01
19t 6.331055e+02 1.356464e+03 1.434482e+03 6.251605e+02 1.292333e+03
20t 3.998912e+02 6.550299e+02 6.675255e+02 3.860410e+02 6.393367e+02
21t 2.782041e+04 3.574022e+04 3.492036e+04 2.728128e+04 3.698447e+04
22t 2.812749e+04 3.397994e+04 3.474367e+04 2.784948e+04 3.608896e+04
23t 6.010863e+01 6.854391e+01 6.869503e+01 5.606462e+01 7.012516e+01
24t 4.571919e-01 3.559684e+00 3.420336e+00 1.685298e+00 3.856530e+00
25t 7.767330e-01 5.530843e-01 5.862984e-01 6.237440e-01 6.125696e-01
26t 3.796608e-01 3.019037e-01 2.804362e-01 3.042949e-01 2.672782e-01
27t 9.130355e+01 6.656888e+01 4.070368e+01 8.846488e+01 5.419290e+01
28t 2.022411e+02 1.968049e+02 1.916949e+02 3.237043e+04 2.132122e+02
29t 4.288069e+02 4.237179e+02 4.553286e+02 4.190794e+02 4.643565e+02
30t 1.384542e+01 1.326245e+01 1.220871e+01 1.075449e+01 1.240886e+01
31t 1.712827e+02 9.579779e+01 1.030265e+02 1.750666e+02 1.294250e+02
32t 5.487154e+02 4.168510e+02 7.920493e+02 4.507211e+02 4.383932e+02
33t 1.382032e+02 1.430620e+02 1.550810e+02 1.295859e+02 1.523933e+02
34t 2.328925e+01 2.806625e+01 2.494654e+01 2.823336e+01 2.979070e+01
35t 1.356762e+04 1.365161e+04 1.373234e+04 1.344914e+04 1.338248e+04
36t 2.201549e+05 1.716009e+05 1.514413e+05 1.526357e+05 1.581069e+05
37t 6.021205e+01 6.776622e+01 6.620919e+01 6.509009e+01 6.648716e+01
38t 1.951896e+05 1.558113e+05 1.491189e+05 2.565341e+05 1.669724e+05
39t 1.179481e+01 5.602476e+00 5.207981e+00 5.843634e+00 5.177259e+00
40t 2.487084e+02 6.517540e+02 7.142110e+02 2.439833e+02 4.637048e+02
41t 4.487878e+02 4.509058e+02 4.501050e+02 4.482911e+02 4.508733e+02
42t 3.523675e+02 3.069800e+02 3.484795e+02 4.191702e+02 2.826665e+02
43t 4.208246e+02 4.384567e+02 3.753111e+02 4.365819e+02 3.604652e+02
44t 9.331733e+02 9.592548e+02 9.556391e+02 9.355313e+02 9.458625e+02
45t 9.361362e+02 9.555710e+02 9.511637e+02 9.338714e+02 9.555053e+02
46t 9.393513e+02 9.521949e+02 9.438132e+02 9.378810e+02 9.584117e+02
47t 5.337731e+02 5.513917e+02 5.512953e+02 5.423333e+02 5.593897e+02
48t 1.028603e+03 1.043062e+03 1.078835e+03 1.009939e+03 1.033995e+03
49t 9.226469e+02 5.836548e+02 5.843497e+02 9.143220e+02 9.305706e+02
50t 1.195932e+03 1.184531e+03 1.225978e+03 1.170176e+03 1.173466e+03
             131          132          133          134          135
1t  1.310049e+00 9.434158e+00 2.926110e+00 2.633779e+00 2.117046e+00
2t  7.727132e+06 5.641091e+06 1.085631e+07 5.360905e+06 4.809329e+06
3t  2.437123e+06 1.422283e+07 4.029087e+06 3.843038e+06 2.462902e+06
4t  1.231159e+05 8.852655e+04 1.204729e+05 8.662573e+04 5.038852e+04
5t  5.976888e+01 2.760488e+01 3.124992e+01 3.017591e+01 1.068658e+01
6t  1.154234e+02 1.810527e+02 2.413738e+02 1.848181e+01 1.033494e+01
7t  8.213197e+03 6.711604e+03 4.926014e+03 3.525237e+03 1.378070e+03
8t  6.655498e+00 1.706147e+01 9.833254e+00 8.622839e+00 7.661976e+00
9t  3.743678e+02 2.728635e+02 2.762977e+02 2.583873e+02 2.970889e+02
10t 2.851827e+01 5.587421e+01 3.972380e+01 3.665147e+01 3.452853e+01
11t 3.763313e+02 2.528862e+02 2.798090e+02 2.845063e+02 3.082507e+02
12t 2.800095e+04 1.037119e+04 3.557159e+02 1.322869e+04 6.599651e+03
13t 2.048774e+01 3.355536e+00 1.958893e+01 2.027639e+01 2.004408e+01
14t 2.114862e+01 2.117940e+01 2.118542e+01 2.104228e+01 2.108280e+01
15t 2.180726e+02 1.319509e+03 4.060528e+02 2.990734e+02 2.481464e+02
16t 4.929379e+01 4.886614e+01 4.795883e+01 4.910640e+01 4.876950e+01
17t 6.749994e+02 2.826765e-01 2.228100e-01 1.687143e-01 6.302084e-02
18t 9.695479e-01 1.146601e+00 1.039529e+00 1.019170e+00 1.003581e+00
19t 1.178693e+03 3.976717e+02 4.863048e+02 6.015853e+02 7.168588e+02
20t 6.398500e+02 2.011719e+02 2.573276e+02 2.515916e+02 3.301023e+02
21t 3.543800e+04 2.731523e+04 2.941615e+04 2.947784e+04 2.887237e+04
22t 3.575157e+04 3.587085e+04 2.793902e+04 2.929689e+04 2.899162e+04
23t 6.971681e+01 3.810857e+01 6.025007e+01 4.708475e+01 5.736274e+01
24t 3.138806e+00 3.355186e+00 5.301713e-01 5.751292e-01 9.092819e-01
25t 5.627667e-01 8.062165e-01 7.353029e-01 4.909561e-01 8.046791e-01
26t 2.928405e-01 3.952012e-01 6.313175e-01 3.834258e-01 3.888374e-01
27t 3.892373e+01 1.420213e+02 1.383850e+02 1.121215e+02 1.177786e+02
28t 2.110507e+02 7.525889e+02 3.513386e+02 3.056073e+02 2.843522e+02
29t 4.164266e+02 3.052761e+02 3.501224e+02 4.195797e+02 4.165508e+02
30t 1.356104e+01 2.865046e+01 1.733401e+01 1.817356e+01 1.372159e+01
31t 1.134913e+02 2.453125e+02 2.220179e+02 2.032806e+02 2.216807e+02
32t 3.962628e+02 4.366244e+02 4.144642e+02 5.436818e+02 3.813645e+02
33t 1.457957e+02 1.121719e+02 1.116256e+02 1.398785e+02 1.332012e+02
34t 2.768776e+01 5.121486e+01 3.459824e+01 3.807920e+01 4.215971e+01
35t 1.395902e+04 1.277144e+04 1.265860e+04 1.326029e+04 1.335682e+04
36t 1.843757e+05 8.153286e+05 3.262096e+05 2.388170e+05 2.953775e+05
37t 6.663680e+01 6.477168e+01 6.351202e+01 5.941506e+01 6.185559e+01
38t 1.543411e+05 3.232252e+05 3.942012e+05 2.154324e+05 2.765964e+05
39t 5.483285e+00 1.266836e+01 5.663809e+00 6.091359e+00 6.068741e+00
40t 7.985726e+02 1.254348e+01 2.868000e+01 3.317665e+01 3.310196e+01
41t 4.500265e+02 4.739642e+02 4.554820e+02 4.531516e+02 4.520307e+02
42t 3.321333e+02 2.896869e+02 3.113544e+02 4.004027e+02 3.113951e+02
43t 3.917946e+02 4.654343e+02 4.463581e+02 4.379235e+02 4.370747e+02
44t 9.467940e+02 9.282056e+02 9.331935e+02 9.420071e+02 9.277215e+02
45t 9.509349e+02 9.342253e+02 9.317590e+02 9.433670e+02 9.292890e+02
46t 9.524511e+02 9.328841e+02 9.344897e+02 9.394088e+02 9.491914e+02
47t 5.453645e+02 1.022049e+03 1.031025e+03 9.327300e+02 1.205386e+03
48t 1.097990e+03 9.730456e+02 1.018945e+03 1.016416e+03 1.028753e+03
49t 1.198285e+03 1.022875e+03 1.027183e+03 1.211358e+03 5.876853e+02
50t 1.222426e+03 8.916666e+02 9.000101e+02 9.167866e+02 1.150517e+03
             136          137          138          139          140
1t  2.641842e+00 2.677531e+00 9.924812e+02 1.850923e+02 6.037275e+00
2t  5.412812e+06 2.691129e+07 5.526513e+07 8.080164e+07 7.954291e+06
3t  4.316197e+06 4.820659e+06 4.248004e+08 3.860165e+08 9.576223e+06
4t  1.187152e+05 7.893564e+04 1.587766e+05 1.258561e+05 2.411098e+04
5t  5.217386e+01 7.230597e+00 5.665338e+01 1.376800e+01 2.787766e+00
6t  1.049094e+02 2.379174e+02 6.742453e+02 3.285987e+03 6.397734e+01
7t  7.337560e+03 3.776996e+03 3.091711e+04 1.833918e+04 5.246789e+03
8t  8.825348e+00 9.310454e+00 5.418622e+00 1.991334e+01 1.488474e+01
9t  3.534772e+02 2.077089e+02 2.819103e+02 1.119190e+02 2.412159e+02
10t 3.458399e+01 3.621791e+01 2.366553e+01 6.642031e+01 5.214402e+01
11t 3.724033e+02 2.806172e+02 2.766386e+02 1.116603e+02 2.586801e+02
12t 2.565055e+04 2.073308e+02 2.795029e+04 1.171017e+03 3.393365e+02
13t 2.049213e+01 2.207669e+00 1.969791e+01 4.609693e+00 2.994905e+00
14t 2.113122e+01 2.104634e+01 2.112994e+01 2.111668e+01 2.116290e+01
15t 3.362103e+02 4.204624e+02 1.514245e+06 7.824063e+05 7.788159e+02
16t 4.936576e+01 4.935412e+01 2.199384e+02 7.880209e+01 4.694008e+01
17t 5.805857e+02 1.056058e+00 1.888216e+02 5.286335e+00 1.544274e-01
18t 1.035028e+00 1.048975e+00 3.325363e+00 3.786036e+00 1.112743e+00
19t 8.408394e+02 3.941812e+02 1.342357e+03 4.472953e+02 4.428169e+02
20t 6.860424e+02 2.175000e+02 2.126174e+02 2.511803e+02 4.045483e+02
21t 3.643281e+04 2.797787e+04 3.044240e+04 2.844364e+04 2.995730e+04
22t 3.543987e+04 2.808299e+04 2.987156e+04 2.990531e+04 2.991135e+04
23t 7.009444e+01 3.967928e+01 6.102364e+01 3.540233e+01 3.250472e+01
24t 3.288168e+00 5.623033e-01 3.828099e-01 1.251085e+00 8.236253e-01
25t 5.714275e-01 4.949915e-01 7.164370e-01 4.727691e-01 7.255935e-01
26t 2.692076e-01 3.333522e-01 8.585340e-01 3.662559e-01 1.008054e+00
27t 4.610782e+01 8.416754e+01 1.488426e+02 2.596699e+02 1.469412e+02
28t 2.584865e+02 4.697969e+02 7.385434e+05 1.260375e+05 7.137992e+02
29t 4.287842e+02 2.759486e+02 4.314140e+02 2.877962e+02 2.825200e+02
30t 1.586791e+01 1.562687e+01 1.670587e+01 3.238725e+01 2.842885e+01
31t 9.932068e+01 2.067381e+02 2.242825e+02 2.740428e+02 3.258077e+02
32t 3.832510e+02 3.821598e+02 3.980688e+02 4.710698e+02 5.269121e+02
33t 1.359451e+02 1.136350e+02 1.462027e+02 1.279608e+02 1.275735e+02
34t 3.420464e+01 3.108566e+01 3.413216e+01 5.761083e+01 6.541933e+01
35t 1.304152e+04 1.270498e+04 1.404036e+04 1.249413e+04 1.233449e+04
36t 2.496773e+05 3.858306e+05 2.606876e+05 8.814804e+05 5.707969e+05
37t 6.677523e+01 6.214264e+01 5.697200e+01 6.218156e+01 6.071899e+01
38t 1.488535e+05 3.596917e+05 1.777895e+05 2.052844e+05 5.351290e+05
39t 5.543733e+00 5.620200e+00 6.063125e+02 2.355007e+02 1.520708e+01
40t 2.385117e+02 1.440908e+01 4.759744e+02 3.295253e+01 1.358531e+01
41t 4.552782e+02 4.151067e+02 4.468219e+02 4.725455e+02 4.654269e+02
42t 2.962679e+02 2.747420e+02 3.855213e+02 3.909713e+02 3.838893e+02
43t 3.428916e+02 3.164013e+02 4.321656e+02 3.402541e+02 4.608558e+02
44t 1.004061e+03 9.230362e+02 1.083570e+03 9.259240e+02 9.300380e+02
45t 9.963583e+02 9.389034e+02 9.332677e+02 9.246527e+02 9.232272e+02
46t 9.882321e+02 9.270991e+02 1.006565e+03 9.258636e+02 9.313431e+02
47t 5.918596e+02 1.022926e+03 5.320705e+02 1.023319e+03 1.019611e+03
48t 9.979848e+02 9.138035e+02 1.218747e+03 9.087393e+02 9.968718e+02
49t 9.404529e+02 1.019371e+03 5.480526e+02 1.023911e+03 7.125160e+02
50t 1.108099e+03 8.873426e+02 1.268684e+03 8.815813e+02 8.913810e+02
             141          142          143          144          145
1t  3.210698e+00 1.546829e+00 3.028381e+00 1.574683e+01 9.821721e+00
2t  1.025854e+07 4.448274e+06 1.941706e+07 3.732535e+07 2.877456e+07
3t  6.339435e+06 2.373705e+06 4.395344e+06 2.613727e+07 1.390243e+07
4t  1.248070e+05 1.299898e+05 9.298235e+04 1.346921e+05 6.794803e+04
5t  3.513830e+01 3.021231e+01 1.191172e+01 7.882230e+00 7.539125e+00
6t  6.142494e+02 2.792381e+01 3.669222e+02 1.116615e+03 7.959986e+02
7t  3.847739e+03 4.830539e+03 2.538304e+03 3.888045e+03 1.785636e+03
8t  1.064234e+01 7.077419e+00 8.838444e+00 1.145411e+01 1.283584e+01
9t  2.470191e+02 2.911559e+02 2.583602e+02 1.731092e+02 1.067178e+02
10t 3.792655e+01 2.995265e+01 3.715597e+01 4.013855e+01 4.621203e+01
11t 2.306476e+02 2.646825e+02 2.162579e+02 9.456859e+01 1.198441e+02
12t 3.490026e+03 3.603143e+03 2.880918e+02 4.984223e+02 5.535552e+02
13t 2.213126e+00 1.725322e+01 2.151262e+00 2.813754e+00 2.763851e+00
14t 2.110737e+01 2.109983e+01 2.111797e+01 2.116764e+01 2.113703e+01
15t 4.415812e+02 4.745582e+02 3.446673e+02 6.965993e+03 1.570700e+03
16t 4.907767e+01 4.924059e+01 4.867597e+01 5.244230e+01 5.014647e+01
17t 1.368023e-01 4.869174e-02 1.140543e+00 1.505339e+00 1.275643e+00
18t 1.050602e+00 9.878722e-01 1.036480e+00 1.226732e+00 1.178006e+00
19t 4.242003e+02 5.976577e+02 3.979338e+02 3.992841e+02 3.952411e+02
20t 2.665747e+02 3.316932e+02 2.891989e+02 2.003442e+02 1.805997e+02
21t 3.052515e+04 3.294971e+04 2.735110e+04 2.675052e+04 2.845538e+04
22t 3.369512e+04 3.251166e+04 2.789521e+04 2.844306e+04 2.933524e+04
23t 4.042608e+01 5.867563e+01 3.848050e+01 3.249076e+01 4.746230e+01
24t 3.933798e+00 2.452965e+00 5.089737e-01 8.578634e-01 8.592120e-01
25t 5.232346e-01 6.041018e-01 4.813840e-01 4.429060e-01 4.961175e-01
26t 3.385628e-01 3.595221e-01 3.261685e-01 2.799355e-01 2.957788e-01
27t 4.750132e+01 9.276825e+01 8.668415e+01 8.259421e+01 8.377709e+01
28t 3.231800e+02 2.993861e+02 3.648021e+02 1.146579e+03 2.216893e+03
29t 3.220642e+02 3.808004e+02 2.772372e+02 2.592763e+02 2.730669e+02
30t 1.841385e+01 1.317354e+01 1.466930e+01 1.818530e+01 1.760652e+01
31t 1.078600e+02 1.665524e+02 1.891231e+02 1.115979e+02 1.995753e+02
32t 3.572620e+02 4.332868e+02 4.581145e+02 3.714713e+02 4.718003e+02
33t 1.056725e+02 1.057369e+02 1.107351e+02 1.131003e+02 1.133736e+02
34t 3.540857e+01 2.587527e+01 3.101867e+01 3.485954e+01 3.963858e+01
35t 1.269784e+04 1.302291e+04 1.254183e+04 1.255882e+04 1.241637e+04
36t 5.684865e+05 1.886037e+05 3.027015e+05 3.903923e+05 5.336217e+05
37t 6.058211e+01 6.125292e+01 6.085312e+01 6.206525e+01 6.047846e+01
38t 1.912575e+05 1.634316e+05 2.769387e+05 2.540960e+05 4.593312e+05
39t 6.581041e+00 5.215999e+00 5.210685e+00 1.612427e+01 1.130239e+01
40t 2.936592e+01 7.502247e+01 1.937681e+01 1.559465e+01 1.609037e+01
41t 4.589472e+02 4.515818e+02 4.539880e+02 4.618621e+02 5.295591e+02
42t 2.773052e+02 3.621562e+02 2.777177e+02 2.998240e+02 2.787212e+02
43t 3.518876e+02 3.358729e+02 3.208691e+02 3.406033e+02 3.146069e+02
44t 9.381365e+02 9.957076e+02 9.216346e+02 9.251336e+02 9.246636e+02
45t 9.320452e+02 9.892224e+02 9.234706e+02 9.230924e+02 9.229560e+02
46t 9.287294e+02 9.941525e+02 9.244715e+02 9.294583e+02 9.343206e+02
47t 6.171151e+02 5.577370e+02 1.021460e+03 1.022794e+03 1.025640e+03
48t 9.786197e+02 9.678116e+02 9.292028e+02 9.154205e+02 9.242146e+02
49t 6.320157e+02 9.255980e+02 1.019301e+03 1.020399e+03 1.022071e+03
50t 5.722710e+02 1.163821e+03 8.910607e+02 8.866685e+02 8.994113e+02
             146          147          148          149          150
1t  4.825009e+00 2.301842e+00 4.807209e+00 1.636374e+00 1.912945e+00
2t  2.071636e+07 4.752712e+07 3.644057e+07 7.812888e+06 2.076917e+07
3t  8.328213e+06 4.563078e+06 7.513989e+06 2.591818e+06 3.325555e+06
4t  9.050426e+04 1.040761e+05 6.497612e+04 1.042083e+05 1.066742e+05
5t  9.903225e+00 1.083212e+01 2.776111e+00 7.684106e+00 1.200494e+01
6t  8.440132e+02 6.871028e+02 3.121485e+02 2.643950e+02 3.260933e+02
7t  3.257246e+03 3.233866e+03 2.817677e+03 3.298078e+03 3.313768e+03
8t  1.064091e+01 8.954700e+00 1.037500e+01 6.920538e+00 7.731841e+00
9t  2.067531e+02 2.377954e+02 8.724772e+01 2.816091e+02 2.380389e+02
10t 4.181578e+01 3.568144e+01 4.281301e+01 3.207434e+01 3.296178e+01
11t 1.745325e+02 2.473693e+02 2.115011e+02 2.741631e+02 2.776955e+02
12t 5.846489e+03 3.232704e+02 2.540976e+04 2.651175e+02 2.470350e+02
13t 2.604246e+00 2.040505e+00 2.562500e+00 1.814919e+00 1.907330e+00
14t 2.107027e+01 2.104952e+01 2.107816e+01 2.113790e+01 2.108692e+01
15t 2.589464e+03 4.128125e+02 1.007437e+03 1.004814e+03 1.104759e+03
16t 4.970816e+01 4.916750e+01 4.854342e+01 4.935504e+01 4.793310e+01
17t 1.196467e+00 1.697243e+00 1.575760e+00 1.776602e+00 1.063017e+00
18t 1.125796e+00 1.042792e+00 1.062692e+00 1.002565e+00 1.032667e+00
19t 3.762050e+02 4.014011e+02 3.756503e+02 4.507945e+02 4.528538e+02
20t 1.974647e+02 1.948572e+02 1.424068e+02 2.712900e+02 2.151231e+02
21t 2.756787e+04 2.726487e+04 2.783811e+04 2.818494e+04 2.788070e+04
22t 2.812954e+04 2.896437e+04 2.938133e+04 2.822747e+04 2.748529e+04
23t 3.999436e+01 4.933938e+01 3.951295e+01 4.996239e+01 4.123005e+01
24t 8.235146e-01 7.158072e-01 8.269704e-01 6.415806e-01 5.806927e-01
25t 4.879313e-01 5.515021e-01 5.044202e-01 5.969735e-01 6.453882e-01
26t 2.934088e-01 3.089314e-01 3.686977e-01 2.999756e-01 2.686631e-01
27t 1.014601e+02 6.772557e+01 1.236312e+02 7.954088e+01 7.632055e+01
28t 2.480076e+04 3.820217e+02 4.073495e+02 2.724879e+02 2.628248e+02
29t 2.793328e+02 2.985491e+02 2.710420e+02 3.455409e+02 2.642412e+02
30t 1.518047e+01 1.399376e+01 1.708297e+01 1.195168e+01 1.379383e+01
31t 1.761117e+02 1.838243e+02 2.115104e+02 1.518622e+02 1.461301e+02
32t 3.810733e+02 4.824346e+02 4.966580e+02 5.298680e+02 3.631324e+02
33t 1.136711e+02 1.013533e+02 1.105767e+02 1.139227e+02 1.155546e+02
34t 3.478883e+01 2.897754e+01 3.495892e+01 3.043913e+01 2.922314e+01
35t 1.258642e+04 1.228398e+04 1.236146e+04 1.258409e+04 1.268453e+04
36t 4.078911e+05 2.810970e+05 4.759657e+05 2.813700e+05 2.652921e+05
37t 6.075668e+01 6.069979e+01 5.911261e+01 6.004405e+01 5.840433e+01
38t 3.724904e+05 4.101770e+05 2.398859e+05 3.105207e+05 3.380068e+05
39t 7.295955e+00 6.573000e+00 8.063129e+00 5.807072e+00 6.296015e+00
40t 1.813891e+01 1.698422e+01 1.060813e+01 2.271523e+01 2.300602e+01
41t 4.582993e+02 4.532726e+02 4.577999e+02 4.515581e+02 4.522441e+02
42t 2.619936e+02 2.705980e+02 2.914094e+02 3.212187e+02 2.875937e+02
43t 3.319561e+02 3.652717e+02 2.741917e+02 3.641135e+02 4.166520e+02
44t 9.259696e+02 9.212226e+02 9.209473e+02 9.318682e+02 9.211473e+02
45t 9.348084e+02 9.223732e+02 9.241276e+02 9.342514e+02 9.247385e+02
46t 9.254850e+02 9.278095e+02 9.221691e+02 9.319707e+02 9.337035e+02
47t 1.023258e+03 1.021679e+03 1.020862e+03 1.024027e+03 1.021226e+03
48t 9.311636e+02 9.537991e+02 9.136066e+02 9.182196e+02 9.299313e+02
49t 1.022407e+03 1.020934e+03 1.021839e+03 1.018404e+03 1.020360e+03
50t 9.042246e+02 8.994923e+02 8.933394e+02 9.102211e+02 8.947357e+02
             151          152          153          154          155
1t  1.642183e+00 2.145665e+00 3.611843e+00 1.107612e+00 1.263169e+00
2t  5.341679e+06 2.699444e+07 1.866124e+07 8.461778e+06 3.009393e+06
3t  1.797110e+06 3.135891e+06 4.638798e+06 1.803277e+06 1.912078e+06
4t  6.577457e+04 8.928526e+04 5.470884e+04 1.621478e+05 1.036544e+05
5t  1.782920e+01 9.110738e+00 7.066230e+00 5.112740e+01 3.940910e+01
6t  1.990204e+01 2.831390e+02 6.125375e+01 1.162577e+02 1.160130e+01
7t  4.049926e+03 1.705634e+03 1.336609e+03 7.528757e+03 1.149372e+04
8t  6.700958e+00 7.699595e+00 1.020956e+01 5.744862e+00 6.459584e+00
9t  3.036797e+02 2.518957e+02 2.352618e+02 2.810357e+02 3.819017e+02
10t 2.947346e+01 3.349313e+01 3.977584e+01 2.844678e+01 2.776101e+01
11t 2.985860e+02 2.647839e+02 2.468997e+02 2.956909e+02 3.980704e+02
12t 1.654804e+02 2.409531e+02 6.345330e+02 1.901672e+04 1.147896e+04
13t 1.519605e+00 2.007716e+00 2.490377e+00 1.965623e+01 2.031054e+01
14t 2.092606e+01 2.092816e+01 2.104236e+01 2.120477e+01 2.111665e+01
15t 7.880644e+03 1.035411e+03 3.688059e+02 1.172548e+05 1.687975e+02
16t 4.925940e+01 4.909474e+01 4.902776e+01 5.824936e+01 4.918340e+01
17t 1.266326e-01 1.215536e+00 1.486790e-01 1.248358e+02 4.889447e+01
18t 9.562726e-01 1.017042e+00 1.047213e+00 9.409090e-01 9.553940e-01
19t 4.413769e+02 4.434476e+02 4.177798e+02 8.287238e+02 1.349300e+03
20t 2.909302e+02 2.252703e+02 1.681403e+02 2.147513e+02 6.147660e+02
21t 2.729402e+04 2.802608e+04 2.915300e+04 2.982012e+04 3.600333e+04
22t 2.771434e+04 2.907798e+04 2.842704e+04 2.886410e+04 3.530384e+04
23t 5.205718e+01 4.155450e+01 4.061746e+01 5.664469e+01 7.190479e+01
24t 4.387176e-01 1.109616e+00 6.956778e-01 4.932876e-01 2.518303e+00
25t 7.156073e-01 5.224924e-01 5.122825e-01 5.731823e-01 5.243247e-01
26t 3.604673e-01 3.497251e-01 2.777518e-01 4.183988e-01 3.002680e-01
27t 1.281118e+02 8.233984e+01 1.036395e+02 9.750140e+01 5.911928e+01
28t 2.917935e+02 2.920671e+02 3.259514e+02 1.529165e+03 1.802564e+02
29t 3.169242e+02 3.013864e+02 2.764384e+02 3.540484e+02 4.207794e+02
30t 1.193341e+01 1.423144e+01 1.709643e+01 9.781335e+00 1.178572e+01
31t 2.661439e+02 1.898755e+02 1.750330e+02 2.493398e+02 1.592002e+02
32t 4.750603e+02 5.287499e+02 3.601155e+02 7.657123e+02 4.883316e+02
33t 9.652106e+01 1.117443e+02 1.015860e+02 1.307275e+02 1.560597e+02
34t 2.889794e+01 2.979453e+01 3.421859e+01 3.471129e+01 2.514374e+01
35t 1.267792e+04 1.260740e+04 1.263800e+04 1.308479e+04 1.355948e+04
36t 2.731134e+05 2.965233e+05 3.599479e+05 1.852620e+05 1.483322e+05
37t 6.103033e+01 6.084188e+01 6.022696e+01 5.680632e+01 6.588078e+01
38t 2.340064e+05 1.886712e+05 3.805201e+05 1.487491e+05 2.008679e+05
39t 5.440153e+00 5.490808e+00 6.186313e+00 7.340229e+00 5.147391e+00
40t 2.539443e+01 3.035121e+01 1.359691e+01 1.117560e+02 2.195537e+02
41t 4.501288e+02 4.174875e+02 4.566979e+02 4.480311e+02 4.496347e+02
42t 3.033509e+02 2.869665e+02 2.975075e+02 4.535368e+02 3.252541e+02
43t 4.371942e+02 3.503340e+02 3.324907e+02 4.328973e+02 4.326526e+02
44t 9.272104e+02 9.267381e+02 9.250742e+02 9.385776e+02 9.481027e+02
45t 9.304400e+02 9.241998e+02 9.226670e+02 9.282112e+02 9.380490e+02
46t 9.390124e+02 9.248861e+02 9.241388e+02 9.764772e+02 9.495336e+02
47t 5.492705e+02 1.021249e+03 1.027576e+03 1.204868e+03 5.498148e+02
48t 9.431114e+02 9.247290e+02 9.307712e+02 1.053528e+03 1.090535e+03
49t 1.025098e+03 1.018279e+03 1.025414e+03 5.611036e+02 5.630565e+02
50t 9.062309e+02 9.132978e+02 8.923963e+02 1.108219e+03 1.271244e+03
             156          157          158          159          160
1t  5.537455e+02 1.021225e+00 1.511113e+00 1.940715e+00 1.063472e+00
2t  4.045266e+07 1.038030e+07 7.308762e+06 5.397829e+06 2.328294e+07
3t  3.091248e+06 1.610533e+06 2.166101e+06 3.043536e+06 1.805731e+06
4t  1.766433e+05 1.529186e+05 1.574565e+05 5.812676e+04 1.089401e+05
5t  4.895201e+01 5.358203e+01 4.412066e+01 3.359354e+01 5.450879e+01
6t  1.668931e+01 3.816705e+02 5.357434e+02 1.138314e+01 3.969904e+02
7t  1.131595e+04 8.551633e+03 8.164001e+03 2.398442e+03 6.188228e+03
8t  5.757036e+00 5.457336e+00 6.609549e+00 1.669229e+02 5.579336e+00
9t  2.675528e+02 3.466502e+02 3.162396e+02 3.150745e+02 3.056133e+02
10t 3.018719e+01 2.430591e+01 2.969759e+01 3.854112e+01 2.606987e+01
11t 3.025245e+02 3.420058e+02 2.913607e+02 3.263351e+02 2.892624e+02
12t 2.193196e+04 2.300164e+04 1.118952e+04 1.102829e+04 2.193685e+04
13t 1.965456e+01 1.984178e+01 1.949573e+01 1.987334e+01 1.992318e+01
14t 2.102711e+01 2.116190e+01 2.112380e+01 2.099700e+01 2.092834e+01
15t 5.610247e+04 1.921929e+02 2.145922e+02 2.947179e+02 3.969981e+05
16t 5.786448e+01 4.921810e+01 4.929908e+01 4.889595e+01 1.142961e+02
17t 3.340537e+02 6.953006e-01 6.437723e-02 3.196630e+00 4.881158e+00
18t 9.527656e-01 8.792824e-01 9.833380e-01 1.016859e+00 9.080378e-01
19t 2.236519e+03 1.072058e+03 6.570804e+02 6.236414e+02 5.281144e+02
20t 2.913520e+02 5.546561e+02 4.841384e+02 2.899615e+02 3.440017e+02
21t 2.955063e+04 3.456137e+04 3.419642e+04 3.011601e+04 2.712457e+04
22t 2.957642e+04 3.601215e+04 3.350473e+04 2.861599e+04 2.900156e+04
23t 5.839752e+01 6.177980e+01 5.451852e+01 5.788071e+01 5.811823e+01
24t 5.318555e-01 3.694852e+00 3.096657e+00 9.305458e-01 7.809878e-01
25t 5.786634e-01 5.864911e-01 5.106304e-01 6.759928e-01 8.215164e-01
26t 3.998926e-01 3.029964e-01 3.382613e-01 4.055751e-01 3.567245e-01
27t 1.050634e+02 6.411844e+01 6.526225e+01 1.076258e+02 9.404546e+01
28t 7.704815e+04 1.884085e+02 2.245028e+02 2.975092e+02 2.757917e+05
29t 3.939015e+02 4.446224e+02 3.685256e+02 3.930544e+02 3.975761e+02
30t 1.583849e+01 1.321157e+01 1.263277e+01 3.570236e+01 1.365885e+01
31t 2.040755e+02 1.124929e+02 1.159259e+02 2.473660e+02 1.782411e+02
32t 2.880068e+02 4.147527e+02 4.610678e+02 3.740433e+02 8.569546e+02
33t 1.172248e+02 1.472792e+02 1.230277e+02 1.165442e+02 1.343762e+02
34t 4.224995e+01 2.502739e+01 2.440367e+01 5.545406e+01 2.553708e+01
35t 1.435568e+04 1.340184e+04 1.304787e+04 1.361023e+04 1.318116e+04
36t 1.789173e+05 1.436405e+05 1.744121e+05 3.199605e+05 1.836935e+05
37t 5.383069e+01 6.524223e+01 5.806592e+01 5.944415e+01 5.728071e+01
38t 1.986662e+05 1.590183e+05 1.425005e+05 3.038302e+05 1.654939e+05
39t 8.301564e+00 6.339682e+00 5.753678e+00 6.163718e+00 7.215885e+01
40t 2.608861e+02 8.301734e+02 1.355979e+02 3.633645e+01 1.858585e+02
41t 4.485409e+02 4.477907e+02 4.501237e+02 4.525649e+02 4.475637e+02
42t 4.663250e+02 3.686899e+02 3.297439e+02 4.810009e+02 4.128405e+02
43t 4.338923e+02 4.595689e+02 3.373974e+02 4.418221e+02 4.328344e+02
44t 9.445094e+02 9.333776e+02 9.609121e+02 9.557828e+02 9.339651e+02
45t 9.397284e+02 9.358554e+02 9.604806e+02 9.315236e+02 9.373625e+02
46t 9.588578e+02 9.358438e+02 9.478734e+02 9.490255e+02 9.356652e+02
47t 1.224480e+03 5.348691e+02 5.610433e+02 5.701198e+02 5.297269e+02
48t 1.214135e+03 1.188058e+03 1.052267e+03 1.185610e+03 9.963127e+02
49t 1.214346e+03 5.518768e+02 5.694406e+02 6.029403e+02 5.544516e+02
50t 1.175391e+03 1.266342e+03 1.210012e+03 1.291517e+03 1.225572e+03
             161          162          163          164          165
1t  1.409778e+00 9.637943e-01 1.331345e+00 2.775937e+00 1.122986e+00
2t  1.497068e+07 4.755061e+06 2.838693e+06 8.328095e+06 3.961220e+06
3t  2.295257e+06 1.459624e+06 1.714193e+06 3.636999e+06 1.432697e+06
4t  1.482894e+05 1.230925e+05 7.260301e+04 1.012928e+05 7.157481e+04
5t  5.895078e+01 4.466428e+01 2.744212e+01 4.540260e+01 2.601528e+01
6t  3.304440e+02 2.182434e+01 9.202642e+00 2.780542e+01 1.361286e+01
7t  8.551829e+03 7.983373e+03 7.978276e+03 4.800753e+03 6.473893e+03
8t  7.015793e+00 5.148943e+00 6.221341e+00 8.533066e+00 5.796427e+00
9t  3.411402e+02 3.610150e+02 3.816343e+02 3.225346e+02 2.948482e+02
10t 2.755723e+01 2.325356e+01 2.791433e+01 3.363924e+01 2.361574e+01
11t 3.207245e+02 3.675198e+02 3.887112e+02 2.924917e+02 2.914923e+02
12t 2.589194e+04 2.388851e+04 4.005944e+03 1.869412e+04 9.615577e+03
13t 2.000457e+01 2.032731e+01 2.046385e+01 1.970944e+01 1.902103e+01
14t 2.119250e+01 2.108862e+01 2.121383e+01 2.115076e+01 2.104217e+01
15t 7.056364e+02 1.579572e+02 1.765098e+02 7.070088e+02 2.395772e+03
16t 4.943722e+01 4.906094e+01 4.927693e+01 1.038587e+02 4.709779e+01
17t 2.076357e+01 2.876713e-02 3.976066e-02 9.424484e+00 2.547178e-01
18t 9.640876e-01 8.290603e-01 9.383836e-01 1.019926e+00 8.565453e-01
19t 9.139600e+02 1.433269e+03 1.082950e+03 5.538404e+02 5.097678e+02
20t 5.468659e+02 4.903036e+02 7.263243e+02 2.157117e+02 2.377023e+02
21t 3.448678e+04 3.396208e+04 3.593835e+04 2.877095e+04 2.860002e+04
22t 3.506804e+04 3.528245e+04 3.614940e+04 3.088988e+04 2.861359e+04
23t 6.050244e+01 6.646796e+01 7.250951e+01 5.326314e+01 5.178933e+01
24t 3.363493e+00 3.192304e+00 3.912276e+00 4.910262e-01 5.721188e-01
25t 6.241332e-01 4.386468e-01 5.682351e-01 5.377375e-01 7.312429e-01
26t 3.380413e-01 2.609049e-01 3.617522e-01 3.496323e-01 3.610586e-01
27t 7.863418e+01 8.303086e+01 9.310634e+01 8.819058e+01 1.090501e+02
28t 2.585759e+02 1.947058e+02 2.472340e+02 2.911478e+02 2.406219e+02
29t 4.185704e+02 4.091471e+02 4.314938e+02 4.057822e+02 3.068607e+02
30t 1.222254e+01 1.111049e+01 9.523152e+00 1.381569e+01 1.272444e+01
31t 1.559982e+02 1.848812e+02 1.628349e+02 2.146723e+02 2.159665e+02
32t 7.790405e+02 1.325609e+03 4.861031e+02 3.645523e+02 3.872834e+02
33t 1.418897e+02 1.291585e+02 1.640347e+02 1.613597e+02 1.160332e+02
34t 2.344427e+01 2.420497e+01 2.969142e+01 3.746089e+01 2.531247e+01
35t 1.319195e+04 1.337710e+04 1.329555e+04 1.306181e+04 1.309044e+04
36t 1.445296e+05 1.736389e+05 2.474311e+05 2.223029e+05 2.085696e+05
37t 6.294375e+01 6.551237e+01 6.337785e+01 5.892377e+01 6.144513e+01
38t 1.540675e+05 1.928833e+05 2.907649e+05 2.512347e+05 3.886992e+05
39t 7.167405e+00 6.473112e+00 5.771297e+00 6.989434e+00 6.017065e+00
40t 5.604537e+02 3.045580e+02 8.367312e+01 3.216134e+01 8.324644e+01
41t 4.487830e+02 4.488799e+02 4.489231e+02 4.542928e+02 4.486751e+02
42t 4.290556e+02 3.075534e+02 3.525593e+02 3.894504e+02 2.834176e+02
43t 4.375504e+02 3.816653e+02 3.970769e+02 4.387675e+02 3.675864e+02
44t 9.502055e+02 9.451351e+02 9.936295e+02 9.277761e+02 9.413156e+02
45t 9.468178e+02 9.425571e+02 9.515843e+02 9.307201e+02 9.400297e+02
46t 9.442614e+02 9.477100e+02 9.995343e+02 9.373442e+02 9.399357e+02
47t 5.500603e+02 5.419417e+02 5.476806e+02 5.800647e+02 1.192193e+03
48t 1.026481e+03 1.043214e+03 1.071566e+03 9.973841e+02 1.013586e+03
49t 5.646176e+02 5.547968e+02 5.632130e+02 6.005778e+02 5.499256e+02
50t 1.202602e+03 1.215351e+03 1.233806e+03 9.225898e+02 9.243311e+02
             166          167          168          169          170
1t  4.769094e+00 2.017587e+00 2.348357e+00 2.819162e+00 9.685723e-01
2t  1.165200e+07 1.025494e+07 5.285843e+06 5.292832e+06 4.321083e+06
3t  7.264719e+06 3.288720e+06 3.335823e+06 5.525527e+06 1.449053e+06
4t  1.055601e+05 9.400065e+04 1.270203e+05 1.183506e+05 9.502606e+04
5t  1.186744e+01 2.633152e+01 3.126809e+01 1.131215e+00 4.277820e+01
6t  4.972567e+02 4.200693e+02 8.528750e+01 5.526375e+01 1.213783e+01
7t  3.047272e+03 3.587524e+03 4.580121e+03 3.984201e+03 6.001124e+03
8t  1.241773e+01 7.459607e+00 7.743875e+00 9.488565e+00 5.700334e+00
9t  5.634793e+01 2.785560e+02 2.755679e+02 2.276335e+02 2.830982e+02
10t 4.530057e+01 3.379938e+01 3.308158e+01 3.932249e+01 2.608714e+01
11t 6.262191e+01 2.933091e+02 2.461547e+02 2.053683e+02 3.043245e+02
12t 2.456351e+03 5.748896e+02 7.517204e+03 1.452160e+03 1.055053e+04
13t 2.659367e+00 1.897026e+00 2.068517e+00 2.396534e+00 1.953783e+01
14t 2.117149e+01 2.098370e+01 2.119517e+01 2.109277e+01 2.096274e+01
15t 7.602678e+02 2.973459e+02 2.695420e+02 6.284171e+02 1.325081e+02
16t 4.946398e+01 4.934361e+01 4.930948e+01 4.943876e+01 4.906257e+01
17t 1.622120e-01 1.020182e+00 8.497051e-02 1.036038e-01 7.936686e-02
18t 1.061122e+00 1.024940e+00 1.022103e+00 1.048757e+00 8.688873e-01
19t 3.788360e+02 3.429284e+02 5.188830e+02 3.899735e+02 4.694476e+02
20t 2.687784e+02 2.448736e+02 3.457589e+02 2.798230e+02 2.565062e+02
21t 2.898351e+04 2.874576e+04 3.376265e+04 3.001104e+04 2.856470e+04
22t 3.470811e+04 2.911026e+04 3.403535e+04 3.148856e+04 2.875279e+04
23t 3.788143e+01 4.747954e+01 5.317372e+01 4.594822e+01 4.583044e+01
24t 3.482689e+00 7.945616e-01 2.701961e+00 3.463148e+00 3.799994e-01
25t 4.793961e-01 4.794051e-01 6.443584e-01 3.767560e-01 8.020550e-01
26t 2.781597e-01 3.280919e-01 2.864537e-01 3.020425e-01 2.863487e-01
27t 6.906067e+01 9.625025e+01 7.238869e+01 8.627624e+01 8.409697e+01
28t 5.329866e+02 2.585618e+04 3.012006e+02 3.677160e+02 2.314509e+02
29t 2.956472e+02 2.759602e+02 3.181467e+02 2.938015e+02 3.385005e+02
30t 1.704980e+01 1.248110e+01 1.362335e+01 1.549924e+01 1.062771e+01
31t 1.258654e+02 1.621267e+02 1.602301e+02 1.607029e+02 2.146738e+02
32t 3.347837e+02 3.222300e+02 3.319092e+02 4.002364e+02 4.159864e+02
33t 1.030416e+02 1.074456e+02 1.166671e+02 1.034710e+02 1.383684e+02
34t 3.876683e+01 2.777072e+01 2.949755e+01 3.132716e+01 2.826986e+01
35t 1.260605e+04 1.255434e+04 1.270744e+04 1.253294e+04 1.320789e+04
36t 1.173266e+06 1.837855e+05 1.949998e+05 2.836361e+05 1.745725e+05
37t 5.853284e+01 6.112624e+01 6.253498e+01 5.791040e+01 5.608684e+01
38t 2.146758e+05 1.732052e+05 1.941432e+05 1.783882e+05 2.820254e+05
39t 7.977309e+00 6.034484e+00 6.741974e+00 6.076284e+00 5.545359e+00
40t 1.714962e+01 3.334596e+01 5.115527e+01 1.787009e+01 7.700351e+01
41t 4.640817e+02 4.515427e+02 4.520869e+02 4.587744e+02 4.468670e+02
42t 2.866261e+02 2.720983e+02 2.699554e+02 2.589167e+02 3.961343e+02
43t 3.225726e+02 3.328340e+02 2.974256e+02 3.002594e+02 4.307614e+02
44t 9.287474e+02 9.247228e+02 9.316206e+02 9.351473e+02 9.799507e+02
45t 9.287204e+02 9.223778e+02 9.315233e+02 9.343095e+02 9.226382e+02
46t 9.348443e+02 9.361488e+02 9.346024e+02 9.227171e+02 9.296679e+02
47t 6.524161e+02 1.026813e+03 5.801050e+02 6.196450e+02 5.314217e+02
48t 9.656434e+02 9.697433e+02 9.595993e+02 9.204774e+02 1.016673e+03
49t 6.600320e+02 1.028666e+03 5.777207e+02 6.449754e+02 5.500184e+02
50t 8.688954e+02 9.083933e+02 1.100338e+03 4.252923e+02 9.534613e+02
             171          172          173          174          175
1t  7.798221e-01 4.163208e+00 9.175304e-01 2.694056e+00 1.443509e+00
2t  6.088345e+06 1.369971e+07 5.416667e+06 5.869113e+06 3.133506e+06
3t  1.449355e+06 6.188272e+06 1.334374e+06 3.586294e+06 2.033940e+06
4t  7.958940e+04 1.081226e+05 9.406906e+04 1.080202e+05 9.235142e+04
5t  2.928631e+01 2.169561e+01 3.215982e+01 1.547221e+01 3.976516e+01
6t  8.298821e+00 5.318561e+02 1.114316e+01 4.341600e+01 1.207599e+01
7t  6.134757e+03 3.994843e+03 5.705465e+03 3.450573e+03 1.391304e+04
8t  5.233562e+00 1.059275e+01 5.224734e+00 8.551103e+00 6.056131e+00
9t  3.129495e+02 8.174358e+01 2.894626e+02 2.560832e+02 3.559960e+02
10t 2.281412e+01 4.147021e+01 2.606954e+01 3.511328e+01 2.885829e+01
11t 2.814995e+02 7.846450e+01 3.075958e+02 2.433273e+02 3.968993e+02
12t 1.381215e+04 2.719528e+03 1.813190e+04 1.612277e+03 1.306935e+04
13t 1.991620e+01 2.545823e+00 2.002999e+01 2.076763e+00 2.044116e+01
14t 2.103908e+01 2.117316e+01 2.098001e+01 2.122762e+01 2.108720e+01
15t 1.363540e+02 4.232547e+02 1.499344e+02 2.641484e+02 1.952875e+02
16t 4.895946e+01 4.946870e+01 4.908244e+01 4.918589e+01 4.928187e+01
17t 2.236346e-01 1.128442e-01 1.167615e+00 7.401767e-02 7.522514e+00
18t 8.888669e-01 1.060613e+00 8.604678e-01 1.029032e+00 9.642929e-01
19t 6.626301e+02 4.196837e+02 5.336915e+02 4.699327e+02 1.227897e+03
20t 3.351215e+02 2.548907e+02 2.862426e+02 2.943205e+02 6.817681e+02
21t 2.785619e+04 2.976041e+04 2.793140e+04 3.146915e+04 3.520727e+04
22t 2.754802e+04 3.277472e+04 2.936803e+04 3.336650e+04 3.528534e+04
23t 4.882276e+01 4.132932e+01 5.142840e+01 2.797810e+01 7.692755e+01
24t 6.121452e-01 3.329967e+00 7.564254e-01 2.739468e+00 3.720409e+00
25t 6.024939e-01 5.246109e-01 5.185512e-01 5.388643e-01 5.788131e-01
26t 3.354568e-01 3.123620e-01 3.094965e-01 3.114136e-01 3.438131e-01
27t 1.259146e+02 3.392820e+01 1.272331e+02 8.011548e+01 5.867209e+01
28t 2.076569e+02 3.367859e+02 2.213521e+02 3.043754e+02 2.113213e+02
29t 3.403200e+02 3.029354e+02 3.438455e+02 2.804826e+02 4.336715e+02
30t 8.926714e+00 1.765013e+01 1.040196e+01 1.554637e+01 1.775946e+01
31t 1.823828e+02 1.115426e+02 1.850885e+02 1.958578e+02 1.747208e+02
32t 6.790363e+02 3.073113e+02 4.134804e+02 3.886591e+02 4.926284e+02
33t 1.262651e+02 1.093439e+02 1.023962e+02 1.051303e+02 1.444402e+02
34t 2.710559e+01 3.556661e+01 1.936246e+01 2.963458e+01 3.038157e+01
35t 1.368962e+04 1.251209e+04 1.320360e+04 1.271095e+04 1.293161e+04
36t 1.661080e+05 7.489130e+05 1.935864e+05 2.361482e+05 2.022083e+05
37t 5.554532e+01 6.043820e+01 5.357144e+01 6.007848e+01 6.397380e+01
38t 2.926861e+05 1.875715e+05 3.039976e+05 1.973779e+05 1.516062e+05
39t 4.997225e+00 6.668521e+00 6.659117e+00 6.309225e+00 6.262835e+00
40t 1.151001e+02 2.189263e+01 1.140803e+02 2.418403e+01 1.311809e+02
41t 4.466312e+02 4.607395e+02 4.472698e+02 4.534490e+02 4.494056e+02
42t 3.229708e+02 2.820042e+02 3.863511e+02 2.731328e+02 3.099031e+02
43t 5.312453e+02 3.089278e+02 5.293959e+02 2.912240e+02 4.339243e+02
44t 1.002112e+03 9.329698e+02 9.388801e+02 9.352853e+02 9.546215e+02
45t 9.365368e+02 9.327760e+02 9.303973e+02 9.317755e+02 9.784529e+02
46t 9.394981e+02 9.340162e+02 9.348958e+02 9.293035e+02 9.523636e+02
47t 5.308836e+02 6.222141e+02 5.362692e+02 5.775136e+02 5.457235e+02
48t 1.041827e+03 9.634219e+02 1.071132e+03 9.731430e+02 1.053533e+03
49t 5.516472e+02 6.476253e+02 9.211325e+02 9.410170e+02 9.203574e+02
50t 9.563813e+02 4.715588e+02 1.156318e+03 9.948265e+02 1.222442e+03
             176          177          178          179          180
1t  1.231216e+00 1.178513e+00 1.337158e+02 1.619293e+02 9.151592e-01
2t  5.256067e+06 8.455207e+06 4.057635e+07 5.417867e+07 3.447441e+06
3t  1.951199e+06 1.699195e+06 1.050322e+09 2.195181e+08 1.394267e+06
4t  1.127664e+05 8.586544e+04 1.251378e+05 1.416817e+05 7.545940e+04
5t  5.107239e+01 4.237826e+01 4.490759e+01 4.460652e+01 2.730330e+01
6t  6.543447e+01 1.514299e+01 1.902093e+03 8.242472e+02 5.970734e+00
7t  5.375774e+03 1.357675e+04 7.841151e+03 5.915444e+03 2.085087e+04
8t  6.155470e+00 5.259330e+00 1.612526e+02 8.615721e+00 5.874597e+00
9t  3.276426e+02 3.029560e+02 2.748737e+02 3.073316e+02 2.874397e+02
10t 2.785496e+01 2.825518e+01 5.801877e+01 3.520496e+01 2.494201e+01
11t 3.611321e+02 3.224534e+02 2.881099e+02 2.762503e+02 3.148069e+02
12t 1.739636e+04 2.574525e+04 1.707114e+03 2.679094e+04 1.448736e+04
13t 2.030386e+01 2.004258e+01 3.859456e+00 2.042394e+01 1.987192e+01
14t 2.115424e+01 2.095368e+01 2.118156e+01 2.111622e+01 2.089612e+01
15t 1.570935e+02 2.424841e+02 6.389011e+06 9.312961e+04 1.647801e+02
16t 4.893614e+01 4.782008e+01 1.268201e+02 9.743309e+01 4.760203e+01
17t 3.970991e-02 2.747867e+01 5.073858e+01 3.161924e+01 2.402763e+02
18t 9.295491e-01 9.220548e-01 4.049006e+00 1.505189e+00 9.307488e-01
19t 1.101006e+03 9.761712e+02 4.840929e+02 6.486157e+02 2.447622e+03
20t 4.797590e+02 3.131442e+02 4.301735e+02 2.970854e+02 2.385679e+02
21t 3.227286e+04 2.834290e+04 2.741069e+04 2.964865e+04 2.814402e+04
22t 3.539622e+04 2.935884e+04 3.224663e+04 2.806447e+04 3.056679e+04
23t 6.575672e+01 6.003019e+01 4.319730e+01 5.787761e+01 6.089362e+01
24t 3.569162e+00 6.460783e-01 3.591273e+00 1.329507e+00 6.100442e-01
25t 5.779248e-01 6.478662e-01 1.034361e+00 5.425475e-01 5.056383e-01
26t 3.353092e-01 8.103624e-01 1.038310e+00 3.451261e-01 3.700619e-01
27t 9.440374e+01 1.558568e+02 2.003094e+02 1.097528e+02 1.118929e+02
28t 2.039019e+02 4.063936e+02 8.120138e+04 2.411305e+05 2.565876e+02
29t 4.284256e+02 4.077830e+02 3.490786e+02 3.555218e+02 4.011701e+02
30t 1.248430e+01 1.007946e+01 5.104586e+01 1.530577e+01 1.628089e+01
31t 1.802283e+02 3.087287e+02 2.462611e+02 2.764290e+02 2.668125e+02
32t 4.963659e+02 7.114767e+03 4.862222e+02 3.803901e+02 5.066996e+02
33t 1.285187e+02 1.474370e+02 1.356763e+02 1.332518e+02 1.154756e+02
34t 2.751657e+01 2.812247e+01 5.956545e+01 3.290303e+01 2.871874e+01
35t 1.321357e+04 1.421209e+04 1.254921e+04 1.272487e+04 1.380024e+04
36t 2.059595e+05 3.411307e+05 4.802659e+05 2.744983e+05 2.456894e+05
37t 6.354878e+01 5.913596e+01 6.258753e+01 5.973882e+01 5.638183e+01
38t 1.593394e+05 2.173683e+05 5.248129e+05 2.674617e+05 2.449250e+05
39t 6.643453e+00 6.139901e+00 1.292102e+02 5.064265e+01 7.839094e+00
40t 3.612301e+02 9.736536e+01 5.350172e+01 9.803057e+01 1.448450e+02
41t 4.495563e+02 4.482534e+02 4.733702e+02 4.533311e+02 4.477720e+02
42t 3.390839e+02 4.556582e+02 3.950515e+02 3.098031e+02 4.863740e+02
43t 4.257315e+02 4.181899e+02 4.743207e+02 4.413352e+02 4.609108e+02
44t 1.003110e+03 9.365991e+02 9.475878e+02 9.345903e+02 1.139169e+03
45t 9.486379e+02 9.303524e+02 9.281546e+02 9.390079e+02 9.424411e+02
46t 9.533651e+02 9.375393e+02 9.503487e+02 9.374628e+02 9.470549e+02
47t 5.473506e+02 1.037525e+03 1.029529e+03 5.787006e+02 5.339332e+02
48t 1.051774e+03 1.109021e+03 9.330601e+02 1.011969e+03 1.187030e+03
49t 1.197201e+03 9.103101e+02 1.033422e+03 5.995549e+02 1.029033e+03
50t 1.236471e+03 1.163289e+03 8.921099e+02 1.052335e+03 1.258483e+03
             181          182          183          184          185
1t  1.617410e+00 2.287015e+00 6.565104e-01 2.150438e+00 1.033518e+00
2t  2.464781e+06 1.382521e+07 4.282875e+06 2.674740e+06 2.335831e+06
3t  2.583471e+06 3.828485e+06 9.540827e+05 3.710143e+06 1.651671e+06
4t  3.956017e+04 7.846932e+04 1.575438e+05 2.048645e+04 6.472831e+04
5t  1.576119e+01 4.174422e+01 5.616776e+01 2.237023e+00 2.708351e+01
6t  5.028824e+00 3.071781e+02 4.811533e+01 9.876830e+00 4.355012e+00
7t  2.926506e+03 3.805469e+03 1.696890e+04 1.169188e+04 2.063137e+04
8t  7.561537e+00 8.728447e+00 1.415797e+02 8.172049e+00 5.935761e+00
9t  2.742910e+02 3.009307e+02 4.224211e+02 2.737502e+02 3.847708e+02
10t 3.172334e+01 3.674838e+01 1.970888e+01 3.446263e+01 2.627501e+01
11t 2.731588e+02 2.895608e+02 4.151574e+02 3.001104e+02 4.369174e+02
12t 4.615567e+02 1.358716e+04 2.821704e+04 2.071986e+02 2.699899e+03
13t 1.959873e+01 2.021159e+00 1.999190e+01 1.976660e+01 2.027155e+01
14t 2.103698e+01 2.118479e+01 2.094875e+01 2.118439e+01 2.119056e+01
15t 2.412829e+02 3.738171e+02 1.129647e+02 3.008419e+02 1.596403e+02
16t 1.032963e+02 4.933579e+01 4.923840e+01 4.766513e+01 4.926733e+01
17t 7.112194e-02 2.123133e+00 9.211815e+02 7.453100e-02 3.403650e-02
18t 9.409420e-01 1.024003e+00 6.825885e-01 1.035975e+00 8.466503e-01
19t 5.586205e+02 4.019770e+02 3.979140e+03 5.980418e+02 1.564370e+03
20t 2.909149e+02 2.580602e+02 8.229160e+02 2.375225e+02 4.287399e+02
21t 3.047954e+04 2.813125e+04 3.843815e+04 2.883165e+04 3.608278e+04
22t 2.918320e+04 2.850329e+04 3.713205e+04 2.958825e+04 3.608437e+04
23t 4.890575e+01 5.044023e+01 8.318080e+01 4.825059e+01 7.727180e+01
24t 9.183170e-01 8.599377e-01 3.720281e+00 4.947637e-01 3.052300e+00
25t 6.234392e-01 5.231518e-01 5.842133e-01 5.958432e-01 4.957861e-01
26t 4.442201e-01 3.923213e-01 2.735142e-01 7.897851e-01 3.394535e-01
27t 1.043002e+02 1.041263e+02 4.117536e+01 1.164859e+02 7.513104e+01
28t 2.529345e+02 2.054393e+04 1.363139e+02 2.677685e+02 2.068013e+02
29t 2.852372e+02 3.345652e+02 4.337972e+02 3.906764e+02 4.504677e+02
30t 1.174517e+01 1.237106e+01 1.694867e+01 1.583089e+01 9.842451e+00
31t 2.567884e+02 2.126878e+02 9.094733e+01 2.447062e+02 1.708974e+02
32t 3.627983e+02 4.184973e+02 3.662258e+02 1.410727e+03 4.908718e+02
33t 1.110164e+02 1.003625e+02 1.710446e+02 1.357247e+02 1.527914e+02
34t 3.553980e+01 3.295206e+01 2.502438e+01 3.026602e+01 3.717924e+01
35t 1.343092e+04 1.287541e+04 1.969241e+04 1.314954e+04 1.354195e+04
36t 3.040253e+05 3.581064e+05 1.138839e+05 4.788271e+05 1.891211e+05
37t 6.228206e+01 6.046559e+01 5.843537e+01 6.132804e+01 6.844787e+01
38t 4.072522e+05 2.809611e+05 1.352962e+05 4.205426e+05 3.038863e+05
39t 5.766483e+00 5.657119e+00 5.424849e+00 6.857256e+00 5.276268e+00
40t 4.470032e+01 3.643381e+01 1.968797e+03 2.176340e+01 9.722009e+01
41t 4.505671e+02 4.533980e+02 1.100241e+03 4.533369e+02 4.483127e+02
42t 4.130457e+02 2.804725e+02 4.235527e+02 4.266184e+02 3.128706e+02
43t 3.331322e+02 4.102606e+02 5.514663e+02 3.521530e+02 3.681064e+02
44t 9.383831e+02 9.319388e+02 9.211841e+02 9.195761e+02 1.018018e+03
45t 9.264579e+02 9.267340e+02 9.247849e+02 9.334653e+02 9.444904e+02
46t 9.378668e+02 9.812897e+02 9.221456e+02 9.231400e+02 9.873900e+02
47t 1.021882e+03 1.031438e+03 1.231780e+03 9.266365e+02 1.194391e+03
48t 1.028991e+03 9.655312e+02 1.395490e+03 9.742939e+02 1.142214e+03
49t 5.879939e+02 9.381593e+02 1.294522e+03 1.030139e+03 5.613019e+02
50t 9.458751e+02 9.114187e+02 1.367177e+03 8.953172e+02 1.249236e+03
             186          187          188          189          190
1t  1.850147e+00 1.418119e+00 1.189691e+00 9.466274e-01 1.013155e+00
2t  4.043080e+06 4.229402e+06 4.242857e+06 3.459950e+06 4.094829e+06
3t  3.229308e+06 2.172050e+06 1.923868e+06 1.625524e+06 1.753412e+06
4t  5.810480e+04 5.420350e+04 4.907597e+04 7.638425e+04 7.910256e+04
5t  1.880571e+01 1.721874e+01 2.196138e+01 3.293684e+01 3.525709e+01
6t  7.186626e+00 9.523276e+00 1.019212e+01 5.923695e+00 6.292098e+00
7t  6.368225e+03 5.191252e+03 1.902412e+03 2.277736e+04 1.693444e+04
8t  7.310126e+00 6.452688e+00 6.654573e+00 5.559838e+00 5.881692e+00
9t  3.434689e+02 3.336888e+02 2.959738e+02 3.061179e+02 2.902221e+02
10t 3.313332e+01 3.367177e+01 3.424893e+01 2.544434e+01 2.525939e+01
11t 3.059052e+02 2.725916e+02 2.996807e+02 3.025983e+02 3.068630e+02
12t 4.010569e+03 2.271445e+03 3.375513e+03 1.279457e+04 1.550463e+04
13t 1.940763e+01 1.976724e+01 1.886023e+01 1.976024e+01 1.979509e+01
14t 2.115975e+01 2.108319e+01 2.105554e+01 2.090943e+01 2.087084e+01
15t 2.389760e+02 2.041751e+02 2.041725e+02 1.379060e+02 1.572694e+02
16t 4.928192e+01 4.799582e+01 4.825668e+01 4.740978e+01 4.778628e+01
17t 6.916945e-02 5.833785e-02 5.076557e-02 3.244889e+02 2.507018e+02
18t 9.858140e-01 9.608854e-01 9.796905e-01 8.928797e-01 8.945322e-01
19t 5.239128e+02 6.240781e+02 7.288419e+02 2.124952e+03 1.970854e+03
20t 2.077131e+02 2.916605e+02 2.192257e+02 2.633997e+02 2.863211e+02
21t 2.737198e+04 2.889811e+04 2.942165e+04 3.031131e+04 2.898311e+04
22t 2.834531e+04 3.038793e+04 2.991419e+04 3.068064e+04 2.839475e+04
23t 4.826080e+01 5.896481e+01 4.545617e+01 6.487414e+01 5.833514e+01
24t 7.484242e-01 5.041899e-01 5.971627e-01 1.176607e+00 7.639321e-01
25t 7.929178e-01 7.379150e-01 6.491434e-01 5.189789e-01 4.728672e-01
26t 4.618779e-01 4.120850e-01 3.640088e-01 3.538049e-01 3.279963e-01
27t 1.288097e+02 1.180347e+02 1.142657e+02 1.461108e+02 1.399182e+02
28t 2.591673e+02 3.053745e+02 2.532313e+02 2.491488e+02 2.611823e+02
29t 3.884799e+02 3.976050e+02 3.476966e+02 3.366428e+02 4.189566e+02
30t 1.736388e+01 1.209980e+01 1.663477e+01 2.479505e+01 1.829563e+01
31t 2.301352e+02 2.449231e+02 2.504854e+02 2.700175e+02 2.386886e+02
32t 4.548518e+02 6.253072e+02 3.859865e+02 3.186152e+02 3.996069e+02
33t 1.379171e+02 1.430426e+02 1.433020e+02 1.561579e+02 1.448745e+02
34t 3.545163e+01 3.370014e+01 4.295009e+01 3.209156e+01 3.819948e+01
35t 1.290272e+04 1.314810e+04 1.300129e+04 1.447897e+04 1.377285e+04
36t 3.952551e+05 2.896684e+05 3.140499e+05 2.009202e+05 1.931957e+05
37t 6.056251e+01 6.409383e+01 5.897728e+01 5.951129e+01 6.271833e+01
38t 3.631541e+05 3.423055e+05 3.079426e+05 3.233314e+05 2.387866e+05
39t 6.022949e+00 5.393509e+00 5.175243e+00 5.533903e+00 5.792621e+00
40t 2.873979e+01 2.871283e+01 4.251334e+01 1.196625e+02 2.141709e+02
41t 4.504032e+02 4.500571e+02 4.513846e+02 4.473747e+02 4.479370e+02
42t 3.395022e+02 4.299575e+02 3.752127e+02 3.835645e+02 4.331970e+02
43t 4.384431e+02 3.499196e+02 4.347472e+02 5.011899e+02 5.738982e+02
44t 9.984048e+02 9.290815e+02 9.944325e+02 9.522968e+02 1.058953e+03
45t 9.617930e+02 9.369289e+02 9.330911e+02 9.600796e+02 9.409631e+02
46t 9.318686e+02 9.345675e+02 9.505245e+02 9.531256e+02 1.077480e+03
47t 5.667561e+02 1.027325e+03 5.581788e+02 5.308869e+02 1.199830e+03
48t 1.034693e+03 1.066993e+03 1.092579e+03 1.261962e+03 1.231826e+03
49t 1.029805e+03 5.742559e+02 1.037090e+03 5.509395e+02 1.230430e+03
50t 1.223113e+03 9.304418e+02 1.176870e+03 1.288064e+03 1.255449e+03
             191          192          193          194          195
1t  1.573425e+00 1.230391e+00 8.097904e+02 4.321671e+01 2.597231e+00
2t  1.714255e+07 1.407623e+07 3.007877e+07 3.447598e+07 2.019946e+07
3t  3.054663e+06 1.519754e+06 1.132232e+09 5.480906e+08 5.194662e+06
4t  1.264702e+05 1.199362e+05 1.311069e+05 1.156737e+05 1.110128e+05
5t  2.948384e+01 5.082555e+01 2.363064e+01 5.357669e+01 4.898610e+01
6t  7.321390e+02 9.926094e+01 3.214872e+03 7.160819e+02 1.928170e+02
7t  4.485163e+03 9.312679e+03 1.162794e+04 8.653280e+03 7.546619e+03
8t  6.124474e+00 5.097421e+00 2.377752e+01 5.635051e+00 1.512488e+01
9t  2.536287e+02 2.813250e+02 1.680636e+02 3.153073e+02 3.265221e+02
10t 2.952336e+01 2.279401e+01 8.360052e+01 2.643976e+01 3.660436e+01
11t 2.566054e+02 2.654410e+02 1.986519e+02 2.974338e+02 3.595117e+02
12t 3.033501e+02 2.475233e+04 8.160310e+03 1.405499e+04 1.440431e+04
13t 1.636542e+00 1.944789e+01 6.551023e+00 1.981617e+01 2.088569e+01
14t 2.115216e+01 2.110236e+01 2.099812e+01 2.110816e+01 2.116783e+01
15t 4.751611e+02 1.752695e+02 7.175157e+06 9.815002e+05 1.228094e+03
16t 6.375246e+01 1.513385e+02 1.904959e+02 1.227068e+02 9.973353e+01
17t 1.158495e+00 1.400262e+02 9.183447e+00 1.283738e+01 5.019774e+00
18t 9.574119e-01 8.770658e-01 1.790295e+01 1.758951e+00 1.025969e+00
19t 4.301449e+02 1.774584e+03 5.486521e+02 7.506289e+02 5.355098e+02
20t 2.703751e+02 2.922121e+02 2.925373e+02 3.711581e+02 4.070262e+02
21t 2.755835e+04 2.869103e+04 2.824979e+04 2.811848e+04 2.798707e+04
22t 2.833026e+04 2.927220e+04 3.113207e+04 2.872498e+04 2.740058e+04
23t 4.689054e+01 5.844787e+01 4.019986e+01 5.919205e+01 5.700876e+01
24t 8.919767e-01 1.082650e+00 1.009692e+00 6.267451e-01 4.441115e-01
25t 5.043774e-01 4.659681e-01 3.547588e-01 7.332185e-01 6.903593e-01
26t 3.493562e-01 3.745031e-01 4.022386e-01 3.648332e-01 4.344253e-01
27t 7.968565e+01 1.332322e+02 4.203177e+02 9.308475e+01 1.323878e+02
28t 2.532974e+02 2.722134e+02 1.446087e+06 7.437307e+05 3.727040e+02
29t 2.883839e+02 3.406709e+02 2.889036e+02 3.450564e+02 4.830467e+02
30t 1.283638e+01 1.518591e+01 3.395951e+01 1.905816e+01 3.507600e+01
31t 1.470781e+02 2.669532e+02 3.717902e+02 1.483552e+02 2.657763e+02
32t 3.197443e+02 3.387793e+02 5.486255e+02 3.992303e+02 3.853393e+02
33t 1.085478e+02 1.230873e+02 1.211417e+02 1.396556e+02 1.516528e+02
34t 2.803339e+01 3.209353e+01 5.672247e+01 2.499953e+01 3.651053e+01
35t 1.267009e+04 1.384903e+04 1.272166e+04 1.339991e+04 1.420441e+04
36t 1.733904e+05 1.972150e+05 1.087277e+06 2.083290e+05 3.537927e+05
37t 6.132578e+01 6.296333e+01 6.025265e+01 6.118030e+01 6.627547e+01
38t 2.384412e+05 2.093804e+05 4.398979e+05 2.004079e+05 3.593936e+05
39t 7.981528e+00 7.804970e+00 1.121032e+03 1.140400e+02 6.168056e+00
40t 5.017024e+01 2.864429e+02 5.962988e+01 1.938130e+02 7.571652e+01
41t 4.066183e+02 4.469994e+02 4.744018e+02 4.474507e+02 4.540413e+02
42t 3.175115e+02 4.785673e+02 3.019717e+02 4.278215e+02 3.908500e+02
43t 3.849032e+02 4.326535e+02 3.365553e+02 4.505738e+02 4.391921e+02
44t 9.339248e+02 1.017469e+03 9.299342e+02 9.359700e+02 9.330292e+02
45t 9.309199e+02 9.454361e+02 9.306797e+02 9.327817e+02 9.858687e+02
46t 9.308106e+02 9.788871e+02 9.267598e+02 9.378465e+02 9.474156e+02
47t 5.620688e+02 5.533137e+02 1.027641e+03 5.348952e+02 1.030458e+03
48t 9.657450e+02 1.225550e+03 9.226526e+02 1.053066e+03 1.062333e+03
49t 1.024094e+03 1.225197e+03 1.025259e+03 5.524048e+02 1.031068e+03
50t 9.204431e+02 1.195719e+03 8.872194e+02 1.173293e+03 9.546733e+02
             196          197          198          199          200
1t  3.566951e+00 1.819896e+01 1.141732e+00 4.395749e+00 3.533320e+00
2t  2.540726e+07 2.258868e+07 1.083091e+07 6.392310e+06 1.011511e+07
3t  5.482846e+06 2.484319e+07 1.810995e+06 7.216270e+06 5.497054e+06
4t  1.070752e+05 3.568466e+04 1.355069e+05 8.499567e+03 2.013166e+04
5t  4.653894e+00 3.107966e+00 2.846560e+01 9.498401e-01 4.289358e+00
6t  5.736576e+02 6.991264e+02 1.567761e+02 3.403676e+01 2.530837e+01
7t  3.452782e+03 2.959685e+03 4.533551e+03 2.035587e+03 5.634440e+03
8t  9.414498e+00 1.994262e+01 6.100280e+00 1.286666e+01 1.037822e+01
9t  1.929228e+02 8.471054e+01 2.590008e+02 2.157951e+02 2.455560e+02
10t 3.851146e+01 6.781611e+01 2.891638e+01 4.701855e+01 4.182080e+01
11t 1.975252e+02 7.688528e+01 2.447835e+02 2.292620e+02 2.521629e+02
12t 3.466420e+02 2.963936e+03 7.654312e+02 2.688201e+02 4.492320e+04
13t 2.390899e+00 3.713651e+00 1.344506e+00 2.810523e+00 2.425512e+00
14t 2.109935e+01 2.110880e+01 2.098554e+01 2.119124e+01 2.113784e+01
15t 5.872429e+02 2.994517e+03 1.641374e+02 1.148215e+03 4.596971e+02
16t 5.667984e+01 4.953870e+01 4.813965e+01 1.004785e+02 4.920396e+01
17t 9.526375e-01 2.344435e+00 8.193375e-01 1.770052e-01 1.081285e-01
18t 1.047662e+00 1.307081e+00 9.361208e-01 1.074138e+00 1.050277e+00
19t 3.772943e+02 4.078780e+02 5.231415e+02 4.266728e+02 3.703470e+02
20t 2.093125e+02 1.892360e+02 2.710113e+02 1.850182e+02 3.231076e+02
21t 2.712876e+04 2.857903e+04 2.806304e+04 2.913669e+04 2.835987e+04
22t 2.860455e+04 2.975150e+04 2.873265e+04 2.937420e+04 3.020274e+04
23t 3.135744e+01 3.053035e+01 4.718617e+01 4.360384e+01 5.675922e+01
24t 1.091927e+00 1.025423e+00 9.863331e-01 7.611448e-01 6.404627e-01
25t 3.455984e-01 4.381151e-01 4.811792e-01 5.912598e-01 5.657267e-01
26t 3.493206e-01 2.967803e-01 3.040193e-01 3.653140e-01 8.742674e-01
27t 7.129979e+01 1.263790e+02 6.561400e+01 1.388479e+02 1.327690e+02
28t 3.926085e+02 1.260117e+03 2.189920e+02 8.258192e+02 3.725695e+02
29t 2.847615e+02 2.945292e+02 3.415330e+02 3.201283e+02 2.814096e+02
30t 1.466253e+01 3.019843e+01 1.010307e+01 2.041671e+01 1.565614e+01
31t 1.714228e+02 2.150721e+02 1.686125e+02 2.489290e+02 2.733114e+02
32t 3.737244e+02 5.698768e+02 3.318093e+02 5.585269e+02 5.934969e+02
33t 1.095701e+02 1.124635e+02 1.085202e+02 1.330926e+02 1.153942e+02
34t 3.247047e+01 5.612821e+01 2.074934e+01 4.230798e+01 4.014606e+01
35t 1.249924e+04 1.232607e+04 1.269332e+04 1.257969e+04 1.269508e+04
36t 3.510966e+05 9.141568e+05 1.853474e+05 4.178985e+05 3.932581e+05
37t 6.029335e+01 6.024622e+01 6.056604e+01 6.179371e+01 6.085844e+01
38t 2.602330e+05 3.332932e+05 1.925157e+05 3.144025e+05 4.499006e+05
39t 9.374838e+00 1.980922e+01 5.225133e+00 1.176113e+01 7.369694e+00
40t 1.927491e+01 1.168843e+01 4.964156e+01 1.118361e+01 1.133282e+01
41t 4.367741e+02 6.002851e+02 4.493971e+02 4.613261e+02 4.578006e+02
42t 3.172710e+02 2.801021e+02 3.276652e+02 3.926883e+02 2.605534e+02
43t 3.376984e+02 3.283070e+02 4.464365e+02 4.538448e+02 3.003088e+02
44t 9.224709e+02 9.311848e+02 9.271751e+02 9.296315e+02 9.306405e+02
45t 9.260564e+02 9.250362e+02 9.224237e+02 9.248321e+02 9.282802e+02
46t 9.235553e+02 9.274720e+02 9.326484e+02 9.335841e+02 9.296187e+02
47t 1.022046e+03 1.024396e+03 1.028454e+03 6.437821e+02 1.021093e+03
48t 9.217439e+02 9.270836e+02 9.778765e+02 9.774454e+02 9.473719e+02
49t 1.022716e+03 1.021777e+03 5.755558e+02 1.021910e+03 1.018947e+03
50t 8.886983e+02 8.816187e+02 9.539927e+02 8.889867e+02 8.959513e+02
             201          202          203          204          205
1t  2.192304e+00 2.858288e+00 2.101949e+00 1.356915e+00 1.187978e+00
2t  3.863414e+06 6.253977e+06 1.768919e+07 1.472978e+07 1.431345e+07
3t  3.554321e+06 4.235310e+06 4.042039e+06 3.068368e+06 1.904335e+06
4t  3.622613e+04 4.928458e+04 1.030480e+05 1.199050e+05 1.147893e+05
5t  1.875509e+01 7.195127e-01 6.309496e+00 1.031188e+01 2.045669e+01
6t  3.024476e+01 4.871516e+01 5.518624e+02 3.813259e+02 3.616201e+02
7t  2.869238e+03 1.793570e+03 2.839441e+03 5.263904e+03 5.153945e+03
8t  8.811159e+00 9.636762e+00 7.148692e+00 6.510424e+00 6.114491e+00
9t  2.912473e+02 2.263758e+02 2.368232e+02 2.551787e+02 2.860634e+02
10t 3.681993e+01 3.732621e+01 3.398447e+01 3.049478e+01 2.617648e+01
11t 2.784409e+02 2.169671e+02 1.958413e+02 2.269790e+02 2.754065e+02
12t 9.846678e+03 2.247672e+02 2.580592e+02 3.537051e+02 1.402254e+04
13t 2.145493e+00 2.249285e+00 1.970219e+00 1.551469e+00 1.434551e+00
14t 2.107771e+01 2.119844e+01 2.119374e+01 2.093036e+01 2.114844e+01
15t 5.056967e+02 3.793435e+02 3.241419e+02 2.588404e+02 2.140169e+02
16t 4.754855e+01 4.837518e+01 4.758455e+01 4.951343e+01 4.946669e+01
17t 1.468097e-01 1.062571e-01 1.082549e+00 1.107382e+00 8.035623e-01
18t 1.030295e+00 1.042416e+00 1.003882e+00 9.826034e-01 9.127477e-01
19t 4.350688e+02 3.624630e+02 3.879317e+02 4.900607e+02 5.106552e+02
20t 2.289665e+02 1.413887e+02 2.014034e+02 2.656263e+02 3.242601e+02
21t 2.803152e+04 2.850443e+04 2.743674e+04 2.840273e+04 2.792308e+04
22t 2.885969e+04 2.825254e+04 2.791882e+04 2.889486e+04 2.797225e+04
23t 4.545167e+01 4.179606e+01 4.649672e+01 4.306169e+01 5.273199e+01
24t 3.652999e-01 7.333284e-01 8.638353e-01 8.296358e-01 1.063221e+00
25t 4.567883e-01 4.427201e-01 4.869098e-01 5.369762e-01 6.572094e-01
26t 3.437623e-01 3.730767e-01 3.229927e-01 3.026407e-01 3.602629e-01
27t 1.102768e+02 1.216837e+02 7.767944e+01 6.965590e+01 9.181487e+01
28t 2.998300e+02 3.331424e+02 2.620468e+02 2.271604e+02 2.176379e+02
29t 2.887890e+02 2.670021e+02 3.172145e+02 2.257913e+02 3.867293e+02
30t 1.574162e+01 1.476287e+01 1.319340e+01 1.142450e+01 1.082592e+01
31t 1.955058e+02 2.266143e+02 1.637238e+02 1.720228e+02 1.411476e+02
32t 4.277238e+02 4.917256e+02 3.048916e+02 2.511766e+02 5.176475e+02
33t 1.160773e+02 1.140439e+02 1.160511e+02 1.015924e+02 1.061248e+02
34t 2.996785e+01 3.221012e+01 2.762076e+01 2.704865e+01 2.512901e+01
35t 1.294949e+04 1.272820e+04 1.245585e+04 1.259919e+04 1.290004e+04
36t 2.737336e+05 4.185446e+05 2.496326e+05 1.553827e+05 1.546828e+05
37t 6.035385e+01 5.831156e+01 5.981638e+01 5.704321e+01 5.993796e+01
38t 2.280346e+05 6.273735e+05 2.281939e+05 2.268955e+05 2.395049e+05
39t 5.913470e+00 6.956603e+00 6.036068e+00 6.553899e+00 6.153318e+00
40t 2.063688e+01 1.509778e+01 2.681712e+01 4.395616e+01 7.299029e+01
41t 4.539986e+02 4.545265e+02 4.519753e+02 4.490234e+02 4.496483e+02
42t 2.917434e+02 2.821691e+02 3.074736e+02 3.103073e+02 3.584752e+02
43t 3.503262e+02 4.433299e+02 3.423275e+02 4.449670e+02 4.403236e+02
44t 9.378980e+02 9.267610e+02 9.244587e+02 9.310829e+02 9.393557e+02
45t 9.338717e+02 9.198548e+02 9.214062e+02 9.234248e+02 9.366107e+02
46t 9.251909e+02 9.210032e+02 9.258335e+02 9.336586e+02 9.433324e+02
47t 1.027931e+03 1.023050e+03 1.020523e+03 5.541258e+02 1.023392e+03
48t 9.638637e+02 9.135561e+02 9.545065e+02 9.660848e+02 9.963389e+02
49t 1.023190e+03 1.022068e+03 1.018867e+03 1.021011e+03 5.594026e+02
50t 9.315492e+02 8.930017e+02 9.155465e+02 9.251505e+02 1.125569e+03
             206          207          208          209          210
1t  9.649633e-01 1.469849e+00 1.281476e+00 1.578326e+00 1.198552e+00
2t  1.416862e+07 1.337267e+07 6.970910e+06 1.136066e+07 2.095665e+07
3t  1.789409e+06 2.393814e+06 2.094602e+06 2.598213e+06 1.778680e+06
4t  1.115568e+05 1.092116e+05 1.231164e+05 1.156261e+05 1.085494e+05
5t  3.787559e+01 2.198150e+01 2.967101e+01 1.406535e+01 3.612349e+01
6t  3.240123e+02 2.290106e+02 1.827010e+02 3.593912e+02 1.754469e+02
7t  6.035722e+03 3.693414e+03 6.083556e+03 3.722322e+03 5.363222e+03
8t  4.828338e+00 6.045065e+00 6.299168e+00 6.853019e+00 6.135739e+00
9t  2.778487e+02 2.156762e+02 2.922100e+02 2.374674e+02 2.943892e+02
10t 2.623275e+01 2.946518e+01 2.759378e+01 2.917296e+01 2.785306e+01
11t 2.839036e+02 2.374212e+02 2.753302e+02 2.588663e+02 2.866048e+02
12t 1.074614e+04 3.002281e+02 2.976497e+02 4.637589e+02 1.436396e+04
13t 1.225638e+00 1.645565e+00 1.396337e+00 1.727564e+00 1.962368e+01
14t 2.098372e+01 2.102794e+01 2.111924e+01 2.106506e+01 2.115054e+01
15t 3.181376e+02 1.945837e+02 1.892114e+02 2.293570e+02 4.034455e+02
16t 9.029496e+01 8.011065e+01 4.897105e+01 1.071325e+02 4.831037e+01
17t 1.211945e+00 4.004914e-01 1.658767e-01 5.859446e-01 1.743493e+00
18t 9.270781e-01 9.785582e-01 9.153247e-01 9.740327e-01 9.173266e-01
19t 5.587970e+02 3.938842e+02 4.923930e+02 4.989951e+02 5.477448e+02
20t 2.676860e+02 2.672581e+02 2.865978e+02 3.059869e+02 3.324809e+02
21t 2.762969e+04 2.767739e+04 2.739731e+04 2.711118e+04 2.772257e+04
22t 2.922690e+04 2.843323e+04 2.901160e+04 2.885317e+04 2.898214e+04
23t 4.988394e+01 5.058510e+01 4.376535e+01 4.030578e+01 4.683053e+01
24t 9.635899e-01 7.591898e-01 7.209251e-01 7.967235e-01 8.178222e-01
25t 7.336355e-01 4.603373e-01 7.772196e-01 5.906902e-01 7.030883e-01
26t 3.056706e-01 3.275822e-01 3.773521e-01 3.055867e-01 3.399552e-01
27t 6.651935e+01 8.474940e+01 9.076430e+01 8.559858e+01 7.794775e+01
28t 2.283501e+02 2.370118e+02 2.612716e+02 2.349850e+02 2.239055e+02
29t 3.622123e+02 3.199392e+02 3.538738e+02 2.628816e+02 3.507146e+02
30t 1.093094e+01 1.148286e+01 1.012645e+01 1.188868e+01 1.028405e+01
31t 1.456816e+02 1.479845e+02 1.364361e+02 1.539199e+02 1.567831e+02
32t 2.724095e+02 6.212165e+02 3.352340e+02 3.308857e+02 2.980556e+02
33t 1.370000e+02 1.025187e+02 1.085379e+02 1.111640e+02 1.250520e+02
34t 2.273721e+01 2.427691e+01 2.414923e+01 2.936344e+01 2.493744e+01
35t 1.284659e+04 1.262465e+04 1.311528e+04 1.253147e+04 1.273754e+04
36t 1.927465e+05 2.374189e+05 2.042867e+05 2.271010e+05 2.076382e+05
37t 6.140427e+01 5.850426e+01 5.852490e+01 5.864694e+01 6.432545e+01
38t 2.042485e+05 2.222195e+05 1.649242e+05 2.570510e+05 2.371290e+05
39t 7.525255e+00 6.147367e+00 6.040003e+00 6.049417e+00 5.249575e+00
40t 7.388224e+01 2.794277e+01 8.382309e+01 3.761221e+01 9.587605e+01
41t 4.479762e+02 4.499036e+02 4.144058e+02 4.502324e+02 4.495057e+02
42t 3.217331e+02 3.151428e+02 3.189242e+02 3.021455e+02 3.463249e+02
43t 4.341966e+02 3.479903e+02 4.428653e+02 3.624622e+02 4.076551e+02
44t 9.315010e+02 9.362468e+02 9.379068e+02 9.289775e+02 9.335159e+02
45t 9.279985e+02 9.318533e+02 9.332912e+02 9.280975e+02 9.423682e+02
46t 9.329462e+02 9.228572e+02 9.327136e+02 9.292530e+02 9.411297e+02
47t 1.035420e+03 1.023440e+03 5.505204e+02 1.022842e+03 5.417484e+02
48t 1.000291e+03 9.680938e+02 9.907444e+02 9.475308e+02 1.006256e+03
49t 1.026596e+03 1.021901e+03 5.683188e+02 1.020606e+03 9.147354e+02
50t 9.774659e+02 9.298591e+02 9.769082e+02 9.285570e+02 9.661398e+02
             211          212          213          214          215
1t  1.194550e+00 1.433706e+00 9.959678e-01 1.958556e+00 4.478957e+00
2t  9.075241e+06 1.275726e+07 2.415650e+07 2.075853e+07 1.430155e+07
3t  1.963110e+06 2.545838e+06 1.729050e+06 3.301590e+06 7.527724e+06
4t  9.904165e+04 1.228236e+05 1.347975e+05 1.073210e+05 7.014893e+04
5t  3.023133e+01 1.128428e+01 3.922459e+01 2.541096e+01 3.238249e+01
6t  1.501504e+02 4.167668e+02 3.441541e+02 2.794490e+02 8.795960e+01
7t  4.423892e+03 5.020428e+03 6.633320e+03 2.684195e+03 1.316456e+04
8t  5.913158e+00 6.513296e+00 5.247367e+00 7.758912e+00 1.215012e+01
9t  2.751750e+02 1.629935e+02 2.878349e+02 2.968138e+02 2.869397e+02
10t 2.877720e+01 3.125699e+01 2.370368e+01 3.455038e+01 4.309598e+01
11t 2.740486e+02 2.153256e+02 2.684689e+02 3.024237e+02 2.282308e+02
12t 3.046214e+02 3.604728e+02 1.541051e+04 1.493585e+04 8.289291e+03
13t 1.534888e+00 1.819283e+00 1.645255e+01 1.986231e+00 2.721519e+00
14t 2.113356e+01 2.100433e+01 2.095092e+01 2.101974e+01 2.121790e+01
15t 8.647907e+02 2.293849e+02 1.640098e+02 4.694419e+02 5.594943e+02
16t 4.784161e+01 4.929485e+01 4.926310e+01 4.918679e+01 4.760216e+01
17t 8.819037e-02 9.824255e-01 1.952587e+00 1.436598e+00 1.899606e-01
18t 9.386451e-01 9.855694e-01 8.961687e-01 1.028423e+00 1.067790e+00
19t 4.745140e+02 4.198331e+02 5.247177e+02 3.889358e+02 3.887720e+02
20t 3.164875e+02 2.359833e+02 3.292704e+02 3.554634e+02 2.932478e+02
21t 2.753408e+04 2.660960e+04 2.810428e+04 2.834245e+04 2.782334e+04
22t 2.785039e+04 2.788334e+04 2.838319e+04 2.930412e+04 2.906104e+04
23t 5.252245e+01 4.278360e+01 5.472330e+01 3.667520e+01 4.755518e+01
24t 8.249364e-01 7.059305e-01 7.938413e-01 6.586773e-01 9.478009e-01
25t 5.639656e-01 4.567729e-01 5.513120e-01 6.996190e-01 6.744307e-01
26t 3.268128e-01 2.791895e-01 3.460539e-01 3.688852e-01 8.526569e-01
27t 7.577044e+01 7.645915e+01 8.784274e+01 7.545756e+01 1.157629e+02
28t 2.361794e+02 2.618498e+02 9.399454e+04 2.234654e+03 5.615028e+02
29t 3.101897e+02 2.828377e+02 3.553882e+02 2.972974e+02 3.214020e+02
30t 1.095937e+01 1.260903e+01 1.162927e+01 1.815337e+01 1.986312e+01
31t 1.567515e+02 1.543024e+02 1.564016e+02 1.489973e+02 3.036273e+02
32t 5.079912e+02 3.143635e+02 2.754138e+02 3.371704e+02 3.883875e+02
33t 1.182166e+02 9.877422e+01 1.269204e+02 1.231788e+02 1.275307e+02
34t 2.937105e+01 2.687153e+01 2.585435e+01 3.070556e+01 4.262577e+01
35t 1.268556e+04 1.260367e+04 1.274298e+04 1.263011e+04 1.231584e+04
36t 2.653510e+05 2.452056e+05 1.708258e+05 2.657184e+05 5.446893e+05
37t 5.978455e+01 5.647425e+01 6.037029e+01 6.142571e+01 6.188979e+01
38t 2.385058e+05 2.597871e+05 2.011109e+05 3.762391e+05 3.230176e+05
39t 5.491354e+00 7.919090e+00 6.670964e+00 6.461989e+00 6.915651e+00
40t 5.145701e+01 2.706648e+01 6.477261e+01 2.519922e+01 1.140690e+01
41t 4.496371e+02 4.509452e+02 4.481648e+02 4.514263e+02 4.600082e+02
42t 3.931221e+02 3.096468e+02 3.317979e+02 2.693245e+02 2.599707e+02
43t 3.629021e+02 3.320113e+02 4.437628e+02 2.811139e+02 4.493035e+02
44t 9.279172e+02 9.280206e+02 9.361144e+02 9.259302e+02 9.343553e+02
45t 9.241806e+02 9.292556e+02 9.395411e+02 9.331911e+02 9.333132e+02
46t 9.344958e+02 9.238804e+02 9.365034e+02 9.275713e+02 9.327374e+02
47t 1.020598e+03 1.020167e+03 5.348215e+02 1.030031e+03 6.528980e+02
48t 9.790478e+02 9.669112e+02 1.006589e+03 9.764943e+02 9.762851e+02
49t 5.751736e+02 1.022872e+03 5.529659e+02 1.029098e+03 6.654554e+02
50t 9.685067e+02 9.299127e+02 1.046239e+03 9.732110e+02 8.858745e+02
             216          217          218          219          220
1t  1.970106e+00 1.642177e+00 1.641399e+00 3.333382e+00 9.391418e-01
2t  3.868792e+06 4.776301e+06 3.204536e+06 4.098279e+07 3.363476e+06
3t  3.276404e+06 3.075626e+06 2.233539e+06 6.607864e+06 1.576856e+06
4t  5.936769e+04 1.373359e+05 5.617502e+04 1.123564e+05 1.413906e+05
5t  1.574272e+01 6.174668e+01 2.799203e+01 1.888422e+01 4.909863e+01
6t  8.969138e+00 4.504124e+01 6.977127e+00 5.062366e+02 6.150490e+01
7t  2.444129e+03 1.411146e+05 2.000267e+04 7.162663e+03 8.003146e+03
8t  7.917632e+00 1.071721e+02 6.887799e+00 7.155246e+00 5.819066e+00
9t  3.282618e+02 4.720536e+02 4.216965e+02 2.771250e+02 3.291506e+02
10t 3.416785e+01 3.462625e+01 3.131750e+01 3.254845e+01 2.727193e+01
11t 3.099815e+02 4.358542e+02 4.291535e+02 3.106537e+02 3.144766e+02
12t 2.633230e+03 2.494138e+04 6.414321e+03 8.354919e+03 1.663485e+04
13t 2.016224e+01 2.069438e+01 2.063638e+01 1.777172e+00 2.019216e+01
14t 2.115111e+01 2.114975e+01 2.113360e+01 2.093216e+01 2.116755e+01
15t 2.247978e+02 4.084599e+02 1.948051e+02 1.685196e+03 1.452862e+02
16t 4.932560e+01 4.914959e+01 4.924855e+01 5.333664e+01 4.912579e+01
17t 5.241803e-02 7.879072e+02 1.053834e+01 1.779618e+00 3.107102e-02
18t 9.886775e-01 1.013994e+00 9.800646e-01 1.049840e+00 8.877854e-01
19t 5.562400e+02 1.838430e+03 1.199388e+03 3.654893e+02 1.118912e+03
20t 3.020629e+02 7.448682e+02 6.792259e+02 3.263013e+02 4.864840e+02
21t 2.947615e+04 3.891478e+04 3.658300e+04 2.765603e+04 3.256688e+04
22t 2.966863e+04 3.788907e+04 3.719558e+04 2.816383e+04 3.543197e+04
23t 5.544364e+01 7.887643e+01 7.835911e+01 4.520905e+01 5.650013e+01
24t 4.734190e-01 4.700826e+00 2.935549e+00 7.031061e-01 2.397984e+00
25t 5.655737e-01 6.739647e-01 6.451702e-01 7.338665e-01 7.023459e-01
26t 3.675239e-01 3.174507e-01 3.266584e-01 3.792169e-01 2.863765e-01
27t 1.036551e+02 6.922575e+01 7.403575e+01 7.910952e+01 5.640266e+01
28t 2.898274e+02 2.736604e+02 2.264449e+02 3.452301e+05 1.855038e+02
29t 4.655908e+02 5.142348e+02 5.225861e+02 3.581422e+02 3.725840e+02
30t 2.168028e+01 4.226087e+02 1.291548e+01 1.436488e+01 1.498397e+01
31t 2.203284e+02 1.643685e+02 1.635043e+02 1.664994e+02 1.824532e+02
32t 7.215344e+02 3.145480e+02 4.565137e+02 3.321494e+02 4.250039e+02
33t 1.360789e+02 1.830975e+02 1.708482e+02 9.860905e+01 1.417253e+02
34t 3.120337e+01 3.222674e+01 3.439284e+01 2.972067e+01 2.684904e+01
35t 1.317335e+04 1.417326e+04 1.327646e+04 1.263662e+04 1.306151e+04
36t 2.686258e+05 2.201954e+05 1.762622e+05 1.701753e+05 1.745519e+05
37t 6.372006e+01 7.278045e+01 6.784898e+01 5.915190e+01 6.437883e+01
38t 2.981641e+05 2.879911e+05 1.932127e+05 1.851606e+05 1.640263e+05
39t 7.614319e+00 5.853093e+00 5.718123e+00 7.086089e+00 6.262111e+00
40t 3.630517e+01 6.083373e+02 6.558437e+01 4.807430e+01 2.017150e+02
41t 4.526495e+02 4.515853e+02 4.506170e+02 4.501797e+02 4.469599e+02
42t 3.166668e+02 2.995868e+02 3.356137e+02 3.164547e+02 3.346629e+02
43t 3.990424e+02 4.404855e+02 4.337493e+02 3.653801e+02 3.598297e+02
44t 9.305687e+02 9.872251e+02 1.177745e+03 9.300760e+02 9.402721e+02
45t 9.324309e+02 1.002830e+03 1.004183e+03 9.276220e+02 9.448469e+02
46t 9.847226e+02 1.012594e+03 9.812051e+02 9.252226e+02 9.367115e+02
47t 1.026097e+03 5.629010e+02 5.564396e+02 5.569372e+02 5.392162e+02
48t 1.013196e+03 1.217539e+03 1.060387e+03 9.759634e+02 1.025894e+03
49t 1.020311e+03 1.199951e+03 9.232118e+02 1.032758e+03 1.191272e+03
50t 1.155325e+03 1.314647e+03 1.216271e+03 1.083257e+03 1.215810e+03
             221          222          223          224          225
1t  2.560884e+00 1.644724e+00 1.318813e+00 1.287772e+00 1.371637e+00
2t  3.891923e+06 1.667756e+07 6.131836e+06 4.640061e+06 4.685490e+06
3t  3.871696e+06 2.452736e+06 1.818509e+06 1.647842e+06 2.239249e+06
4t  2.698420e+04 7.123414e+04 4.585149e+04 1.122234e+05 1.240178e+05
5t  1.134322e+01 2.273904e+01 2.315151e+01 4.675224e+01 3.830838e+01
6t  1.497517e+01 2.634493e+02 9.874953e+00 5.066480e+01 8.671678e+01
7t  7.944331e+02 3.738296e+03 3.213638e+03 6.708921e+03 5.454950e+03
8t  9.032333e+00 6.325872e+00 6.805957e+00 5.977260e+00 6.837445e+00
9t  3.333080e+02 2.922894e+02 2.927653e+02 3.075423e+02 2.926704e+02
10t 3.510138e+01 3.190058e+01 2.982001e+01 2.788055e+01 3.009227e+01
11t 3.226676e+02 2.890145e+02 3.010425e+02 3.402449e+02 3.082542e+02
12t 6.090905e+03 3.011230e+03 4.520599e+03 1.313150e+04 5.460026e+03
13t 1.991886e+01 1.731996e+00 1.953492e+01 2.039046e+01 1.930162e+01
14t 2.116537e+01 2.102631e+01 2.107387e+01 2.117977e+01 2.117414e+01
15t 3.837648e+02 3.091941e+02 1.788728e+02 1.778601e+02 1.904114e+02
16t 4.933221e+01 4.829134e+01 4.905971e+01 4.927656e+01 4.926018e+01
17t 9.019479e-02 1.126649e+00 5.061775e-02 3.465380e-02 4.332682e-02
18t 1.040519e+00 9.868698e-01 9.256078e-01 8.855098e-01 9.197993e-01
19t 6.724659e+02 4.538087e+02 5.790407e+02 1.100921e+03 6.713150e+02
20t 2.869161e+02 3.102054e+02 1.931391e+02 4.547767e+02 4.290974e+02
21t 3.007046e+04 2.829285e+04 2.749736e+04 3.337984e+04 3.363442e+04
22t 2.930633e+04 2.837815e+04 2.890772e+04 3.522709e+04 3.469218e+04
23t 5.777763e+01 5.002964e+01 3.896070e+01 5.499658e+01 5.767838e+01
24t 5.942981e-01 7.096817e-01 8.146033e-01 3.520187e+00 3.213134e+00
25t 5.707369e-01 4.761748e-01 5.292977e-01 6.968515e-01 6.365646e-01
26t 3.596807e-01 7.668240e-01 3.428869e-01 3.824134e-01 3.660841e-01
27t 1.159698e+02 1.061361e+02 1.280034e+02 6.123885e+01 6.591393e+01
28t 2.976857e+02 2.767779e+02 2.323206e+02 1.891848e+02 2.260652e+02
29t 3.440522e+02 3.359512e+02 3.354143e+02 4.035637e+02 3.564820e+02
30t 1.426981e+01 1.317993e+01 1.400649e+01 1.194013e+01 1.130261e+01
31t 2.605483e+02 1.885411e+02 2.429300e+02 1.778511e+02 1.701227e+02
32t 4.241649e+02 2.985212e+02 3.971431e+02 4.445763e+02 2.997138e+02
33t 1.426996e+02 1.290524e+02 1.950113e+02 1.276078e+02 1.106029e+02
34t 3.439743e+01 2.674422e+01 3.160896e+01 2.617531e+01 2.615539e+01
35t 1.306726e+04 1.244834e+04 1.321627e+04 1.331337e+04 1.278726e+04
36t 3.096334e+05 2.469541e+05 3.477346e+05 1.937739e+05 1.665067e+05
37t 6.069526e+01 5.624977e+01 6.355003e+01 6.323212e+01 6.177954e+01
38t 3.080337e+05 2.721288e+05 3.741950e+05 1.609578e+05 1.790381e+05
39t 6.723124e+00 5.761802e+00 6.948623e+00 4.181174e+00 6.252326e+00
40t 2.500415e+01 4.724436e+01 3.486090e+01 2.131375e+02 1.226810e+02
41t 4.565244e+02 4.504168e+02 4.490417e+02 4.485640e+02 4.502492e+02
42t 3.567431e+02 2.822065e+02 3.508465e+02 3.621178e+02 3.503231e+02
43t 3.833570e+02 4.130660e+02 4.349292e+02 3.994081e+02 4.354259e+02
44t 9.303529e+02 9.292590e+02 9.313641e+02 9.512606e+02 9.303667e+02
45t 9.439416e+02 9.251074e+02 9.335894e+02 9.513906e+02 9.335154e+02
46t 9.361790e+02 9.373014e+02 9.466140e+02 9.298873e+02 9.364784e+02
47t 1.025697e+03 1.025964e+03 5.501123e+02 5.422375e+02 5.514787e+02
48t 1.045721e+03 9.894552e+02 1.136871e+03 1.015969e+03 9.444453e+02
49t 6.468978e+02 1.028924e+03 9.240592e+02 5.676156e+02 5.659114e+02
50t 9.134278e+02 9.564300e+02 1.216293e+03 1.206555e+03 1.190039e+03
             226          227          228          229          230
1t  1.328872e+00 1.010403e+00 1.068227e+00 9.032577e-01 1.231556e+00
2t  6.190522e+06 5.397779e+06 1.043615e+07 3.776212e+06 7.023859e+06
3t  2.044594e+06 1.731311e+06 1.978526e+06 1.634158e+06 2.359846e+06
4t  9.377607e+04 1.427122e+05 1.117374e+05 1.215073e+05 1.047748e+05
5t  3.510875e+01 4.238302e+01 3.358594e+01 4.162705e+01 3.134408e+01
6t  4.459165e+01 3.756334e+01 7.041612e+01 6.392146e+01 5.368125e+01
7t  3.897809e+03 8.087861e+03 4.240502e+03 8.312990e+03 3.380726e+03
8t  6.704995e+00 5.368070e+00 5.931274e+00 5.731134e+00 6.527701e+00
9t  2.545973e+02 3.285659e+02 2.649758e+02 3.300763e+02 2.555180e+02
10t 2.837939e+01 2.610431e+01 2.895708e+01 2.670012e+01 2.881737e+01
11t 3.137670e+02 3.070961e+02 2.955781e+02 3.406993e+02 2.914665e+02
12t 2.234014e+03 1.426049e+04 1.570244e+04 1.565824e+04 1.864578e+02
13t 1.654631e+00 2.004455e+01 2.006295e+01 1.972085e+01 1.544713e+00
14t 2.100722e+01 2.118257e+01 2.099931e+01 2.116610e+01 2.104408e+01
15t 2.001950e+02 1.473075e+02 1.823747e+02 4.684544e+02 1.791911e+02
16t 4.926482e+01 4.921490e+01 4.917645e+01 4.778470e+01 4.794335e+01
17t 6.379344e-02 3.439078e-02 1.280368e-01 5.357752e-02 1.190769e+00
18t 9.802938e-01 9.082747e-01 8.845320e-01 8.856253e-01 9.153440e-01
19t 4.288838e+02 1.116911e+03 5.799540e+02 1.179111e+03 4.394148e+02
20t 3.157996e+02 5.585072e+02 2.647807e+02 4.120380e+02 3.166931e+02
21t 2.820162e+04 3.463917e+04 2.829659e+04 3.220508e+04 2.734883e+04
22t 2.851640e+04 3.496696e+04 2.928205e+04 3.404752e+04 2.873414e+04
23t 5.178000e+01 6.223524e+01 4.917283e+01 4.864236e+01 4.813713e+01
24t 5.026266e-01 2.523228e+00 4.165788e-01 2.884657e+00 4.786028e-01
25t 6.254672e-01 5.749041e-01 5.223838e-01 5.707830e-01 5.365879e-01
26t 3.196482e-01 4.134432e-01 2.880814e-01 3.576920e-01 3.183467e-01
27t 9.947313e+01 9.056827e+01 1.016976e+02 8.276444e+01 9.092003e+01
28t 2.943208e+02 2.241056e+02 2.146846e+02 2.216198e+02 2.238087e+02
29t 3.359074e+02 3.435080e+02 3.378048e+02 3.879654e+02 2.855002e+02
30t 1.218778e+01 1.804296e+01 1.220795e+01 1.139400e+01 1.306543e+01
31t 1.632855e+02 1.721282e+02 1.918023e+02 1.951731e+02 2.125020e+02
32t 3.405678e+02 6.321967e+02 3.698330e+02 1.344971e+03 4.065736e+02
33t 8.494856e+01 1.294210e+02 1.208749e+02 1.422676e+02 9.656448e+01
34t 2.409660e+01 2.510718e+01 2.524046e+01 2.192619e+01 2.937197e+01
35t 1.297758e+04 1.336911e+04 1.287704e+04 1.357551e+04 1.289655e+04
36t 2.501562e+05 1.829863e+05 2.390795e+05 1.708220e+05 1.825640e+05
37t 5.921076e+01 6.268844e+01 5.498094e+01 6.329479e+01 5.825214e+01
38t 3.958648e+05 1.594285e+05 2.527087e+05 1.573741e+05 2.046281e+05
39t 5.314616e+00 6.880834e+00 5.537446e+00 5.149784e+00 5.846669e+00
40t 4.149153e+01 2.153868e+02 4.972998e+01 2.941895e+02 5.725520e+01
41t 4.488366e+02 4.477206e+02 5.477129e+02 4.483616e+02 4.495553e+02
42t 3.939352e+02 3.241274e+02 2.820536e+02 3.796436e+02 3.015598e+02
43t 3.054973e+02 4.388668e+02 3.683282e+02 4.266379e+02 4.354820e+02
44t 9.369809e+02 1.016180e+03 9.350596e+02 9.451049e+02 9.223690e+02
45t 9.238008e+02 9.416976e+02 9.383798e+02 9.391288e+02 9.281832e+02
46t 9.297619e+02 9.429356e+02 9.344870e+02 9.388689e+02 9.330618e+02
47t 5.513309e+02 5.372960e+02 5.443643e+02 5.379135e+02 5.464460e+02
48t 9.817206e+02 1.073295e+03 9.842665e+02 1.070308e+03 9.982919e+02
49t 1.024743e+03 5.521412e+02 5.667877e+02 5.584126e+02 9.216893e+02
50t 9.201047e+02 1.241704e+03 9.617348e+02 1.229162e+03 9.176645e+02
             231          232          233          234          235
1t  1.173236e+00 1.170680e+00 1.420106e+00 1.108963e+00 1.158751e+00
2t  4.438887e+06 1.021702e+07 3.084816e+06 6.687199e+06 3.983467e+06
3t  1.765077e+06 1.802115e+06 2.067316e+06 1.977485e+06 1.855344e+06
4t  9.348345e+04 8.633756e+04 6.941345e+04 1.007343e+05 9.394236e+04
5t  2.829158e+01 4.504349e+01 2.476653e+01 3.628423e+01 5.318959e+01
6t  6.549355e+01 1.128161e+02 3.458990e+01 5.276837e+01 2.942444e+01
7t  7.104886e+03 4.685986e+03 4.774149e+03 4.997568e+03 1.307675e+04
8t  5.547645e+00 6.210607e+00 6.157632e+00 5.844021e+00 6.129891e+00
9t  2.788488e+02 2.997324e+02 2.859210e+02 2.902633e+02 3.811788e+02
10t 2.918784e+01 2.707086e+01 2.919219e+01 2.664137e+01 2.743312e+01
11t 3.022697e+02 2.736403e+02 2.454957e+02 2.714662e+02 3.793907e+02
12t 1.320214e+04 1.137025e+04 6.546999e+03 9.624025e+03 2.356277e+04
13t 1.952600e+01 2.003785e+01 1.477447e+00 1.367777e+00 2.050605e+01
14t 2.098592e+01 2.099732e+01 2.106122e+01 2.097832e+01 2.108527e+01
15t 1.150259e+03 1.945186e+02 2.119542e+02 3.907676e+02 1.479924e+02
16t 4.834166e+01 4.810881e+01 4.741964e+01 4.917245e+01 4.927489e+01
17t 1.601467e+00 1.316299e+00 6.917031e-02 2.327281e+00 1.945001e+02
18t 9.229627e-01 9.377381e-01 9.604551e-01 9.007137e-01 9.291719e-01
19t 5.124299e+02 6.011105e+02 4.871041e+02 4.905949e+02 1.579607e+03
20t 2.746252e+02 2.221434e+02 2.659394e+02 2.002509e+02 5.936121e+02
21t 2.856598e+04 2.856764e+04 2.832833e+04 2.759484e+04 3.566701e+04
22t 2.802654e+04 2.774713e+04 2.893331e+04 2.882597e+04 3.514611e+04
23t 5.458248e+01 5.121174e+01 4.477365e+01 5.232439e+01 6.538176e+01
24t 7.718042e-01 6.755553e-01 8.590586e-01 9.063043e-01 2.969560e+00
25t 6.596915e-01 7.422634e-01 6.045423e-01 7.227646e-01 6.103635e-01
26t 3.237448e-01 3.285143e-01 3.561571e-01 3.053562e-01 2.924314e-01
27t 7.958328e+01 8.511554e+01 9.980497e+01 9.284730e+01 6.280854e+01
28t 2.090747e+02 2.335405e+02 2.145533e+02 2.496492e+02 1.886844e+02
29t 3.871423e+02 3.202865e+02 2.473536e+02 3.436137e+02 4.330121e+02
30t 9.835133e+00 1.262054e+01 1.146583e+01 1.036381e+01 1.129704e+01
31t 1.966909e+02 1.740961e+02 2.280768e+02 1.948043e+02 1.432116e+02
32t 4.410004e+02 4.088757e+02 3.262253e+02 4.097063e+02 4.644844e+02
33t 1.330666e+02 1.136612e+02 1.091439e+02 1.168074e+02 1.414659e+02
34t 2.407896e+01 3.172866e+01 2.609537e+01 2.208351e+01 2.589124e+01
35t 1.299519e+04 1.278525e+04 1.274489e+04 1.319591e+04 1.358383e+04
36t 1.845186e+05 1.708756e+05 2.705739e+05 1.719758e+05 1.383148e+05
37t 5.650878e+01 5.876024e+01 5.524076e+01 5.671480e+01 6.532690e+01
38t 2.908154e+05 1.911675e+05 2.580698e+05 2.240722e+05 1.882453e+05
39t 5.383355e+00 4.987304e+00 5.044358e+00 5.380952e+00 5.362913e+00
40t 8.517293e+01 6.657141e+01 5.231023e+01 9.340777e+01 4.678125e+02
41t 5.280084e+02 4.485313e+02 4.494437e+02 4.487744e+02 4.490935e+02
42t 3.040021e+02 4.278817e+02 2.700803e+02 2.886874e+02 3.297100e+02
43t 4.372113e+02 4.373659e+02 3.253433e+02 5.112892e+02 4.294554e+02
44t 9.855332e+02 9.324859e+02 9.276114e+02 9.313863e+02 9.469473e+02
45t 9.345750e+02 9.233920e+02 9.343081e+02 9.305286e+02 9.918392e+02
46t 9.361021e+02 9.364302e+02 9.362983e+02 9.369094e+02 9.854500e+02
47t 1.035246e+03 5.396639e+02 1.026203e+03 1.022860e+03 5.478696e+02
48t 9.894378e+02 1.005325e+03 9.691392e+02 9.948605e+02 1.159200e+03
49t 5.606463e+02 5.629351e+02 1.032115e+03 5.648950e+02 5.610241e+02
50t 9.417358e+02 9.471711e+02 9.309918e+02 9.334218e+02 1.273815e+03
             236          237          238          239          240
1t  1.703189e+04 1.645384e+00 2.423825e+00 8.334766e-01 1.958225e+02
2t  7.043208e+07 4.494043e+06 6.088076e+06 3.347405e+06 3.291426e+07
3t  3.435351e+10 2.492210e+06 3.346486e+06 1.298509e+06 3.551453e+07
4t  1.019031e+05 2.443836e+04 4.577311e+04 1.262182e+05 1.112420e+05
5t  4.344147e+01 2.514836e+01 6.536899e-01 4.427974e+01 5.284876e+01
6t  8.315518e+01 8.348359e+00 1.321272e+01 1.078989e+01 3.094059e+02
7t  1.577330e+04 1.157952e+03 4.038635e+03 4.606717e+04 9.452508e+03
8t  6.939619e+00 8.435155e+00 8.936986e+00 4.711641e+00 5.961473e+00
9t  3.079902e+02 3.283687e+02 2.938065e+02 4.300931e+02 3.072728e+02
10t 3.206370e+01 3.750947e+01 3.448997e+01 2.503894e+01 2.700136e+01
11t 3.309186e+02 3.400051e+02 2.694619e+02 3.866302e+02 3.233064e+02
12t 3.566123e+04 7.157422e+03 2.495001e+02 1.616889e+04 2.485592e+04
13t 2.001629e+01 2.012181e+01 1.888161e+01 2.035602e+01 2.011954e+01
14t 2.099319e+01 2.089698e+01 2.120380e+01 2.096534e+01 2.107128e+01
15t 2.588486e+08 2.808816e+02 4.791177e+02 1.267587e+02 1.694437e+04
16t 2.913621e+02 4.918662e+01 4.889265e+01 4.902814e+01 1.624113e+02
17t 6.988916e+02 9.126799e-02 4.972104e-02 6.320827e+02 7.048446e+01
18t 1.087368e+02 9.542457e-01 1.031187e+00 7.787825e-01 9.750898e-01
19t 8.730322e+02 8.409206e+02 5.262832e+02 2.647681e+03 8.049303e+02
20t 3.179286e+02 2.808448e+02 2.927816e+02 1.028972e+03 3.641915e+02
21t 2.893665e+04 2.956831e+04 2.887292e+04 3.702889e+04 2.841331e+04
22t 2.861361e+04 2.840536e+04 2.982649e+04 3.113914e+04 2.915296e+04
23t 5.270621e+01 5.280614e+01 4.516869e+01 8.045498e+01 5.991258e+01
24t 9.720848e-01 6.896612e-01 7.780844e-01 4.483651e+00 5.909806e-01
25t 3.815361e+00 6.764821e-01 5.324741e-01 6.425199e-01 8.948124e-01
26t 6.690049e+01 3.203050e-01 4.034665e-01 3.209796e-01 3.743943e-01
27t 8.796267e+03 1.389546e+02 1.173119e+02 8.173467e+01 1.000475e+02
28t 3.755405e+07 2.823736e+02 3.205623e+02 1.750743e+02 1.212779e+05
29t 3.289146e+02 4.647949e+02 3.373954e+02 6.068867e+02 4.447420e+02
30t 1.313504e+01 2.199496e+01 1.637767e+01 5.615743e+02 1.378262e+01
31t 2.776034e+02 2.501686e+02 2.583354e+02 1.629377e+02 1.871793e+02
32t 9.952979e+03 3.672637e+02 4.882518e+02 2.302267e+02 9.594054e+03
33t 1.111339e+02 1.161683e+02 1.158949e+02 2.124869e+02 1.336918e+02
34t 4.058620e+01 4.190395e+01 3.603591e+01 3.578125e+01 2.824503e+01
35t 1.400892e+04 1.353970e+04 1.252510e+04 1.486668e+04 1.310256e+04
36t 2.456085e+05 2.862585e+05 3.703564e+05 1.429618e+05 2.200721e+05
37t 5.999155e+01 5.891992e+01 6.955020e+01 7.759169e+01 5.830398e+01
38t 1.931083e+05 3.712842e+05 4.871515e+05 2.334381e+05 2.038023e+05
39t 1.291480e+04 7.190034e+00 6.216685e+00 4.819480e+00 3.446992e+01
40t 3.739966e+02 4.124469e+01 1.775430e+01 1.070436e+03 2.190054e+02
41t 4.515766e+02 4.507604e+02 4.524815e+02 4.470057e+02 4.485945e+02
42t 3.012296e+02 4.502321e+02 4.340800e+02 4.267686e+02 4.075043e+02
43t 5.391911e+02 4.366526e+02 3.901480e+02 4.304051e+02 4.059051e+02
44t 9.463214e+02 1.022668e+03 9.308355e+02 1.052315e+03 9.366127e+02
45t 9.352748e+02 9.447257e+02 9.253060e+02 1.054285e+03 9.461316e+02
46t 9.330579e+02 1.020087e+03 9.323471e+02 9.679109e+02 9.377968e+02
47t 5.612822e+02 1.193204e+03 1.025803e+03 1.204253e+03 5.445216e+02
48t 1.058949e+03 1.285229e+03 1.007780e+03 1.241525e+03 9.945193e+02
49t 9.310966e+02 6.258164e+02 1.035869e+03 1.202049e+03 9.218920e+02
50t 9.693957e+02 1.089941e+03 8.837275e+02 1.348813e+03 1.138055e+03
             241          242          243          244          245
1t  8.861946e-01 6.267498e+00 1.277432e+00 8.689624e-01 1.362730e+00
2t  4.470774e+06 4.055777e+07 5.747507e+06 3.332842e+06 2.552930e+07
3t  1.403578e+06 1.045533e+07 1.806745e+06 1.184650e+06 2.344089e+06
4t  1.167252e+05 8.681093e+04 1.315104e+05 1.246738e+05 1.000544e+05
5t  5.651418e+01 6.786003e+00 5.807473e+01 4.728807e+01 3.618399e+01
6t  2.824166e+01 8.705772e+02 8.914405e+01 1.173438e+01 1.010788e+02
7t  1.389311e+04 2.769637e+03 9.780106e+03 1.942477e+04 5.984869e+03
8t  5.935272e+00 1.083558e+01 6.429589e+00 5.199716e+00 5.981146e+00
9t  3.849212e+02 8.236621e+01 3.659643e+02 3.804944e+02 3.049454e+02
10t 2.365458e+01 3.935547e+01 2.910124e+01 2.415240e+01 2.855050e+01
11t 3.790208e+02 1.358724e+02 3.729286e+02 3.726638e+02 3.254305e+02
12t 2.875856e+04 1.133489e+03 2.833859e+04 1.953599e+04 1.279231e+04
13t 2.049504e+01 2.496549e+00 2.045023e+01 2.011558e+01 2.014844e+01
14t 2.117534e+01 2.109978e+01 2.110319e+01 2.120566e+01 2.104324e+01
15t 1.441397e+02 1.522700e+03 1.865954e+02 1.311916e+02 1.924502e+02
16t 4.917717e+01 5.477550e+01 4.922761e+01 4.923616e+01 4.848032e+01
17t 6.362297e+02 1.132179e+00 6.282223e+02 2.111272e+02 2.613224e+01
18t 8.646769e-01 1.079360e+00 9.426540e-01 8.125545e-01 9.693823e-01
19t 2.191605e+03 4.015913e+02 1.487528e+03 2.361133e+03 6.470862e+02
20t 7.048987e+02 1.470550e+02 6.699889e+02 6.796739e+02 3.883347e+02
21t 3.501861e+04 2.742350e+04 3.501083e+04 3.533533e+04 2.815319e+04
22t 3.560754e+04 2.931875e+04 3.596698e+04 3.610231e+04 2.771597e+04
23t 7.073276e+01 3.800215e+01 7.244857e+01 7.283046e+01 5.765313e+01
24t 2.713794e+00 8.186803e-01 3.499741e+00 2.677066e+00 7.704651e-01
25t 5.754498e-01 3.721855e-01 5.840687e-01 5.959711e-01 7.356678e-01
26t 2.893633e-01 2.578015e-01 2.962641e-01 2.766223e-01 3.384807e-01
27t 5.899842e+01 5.871909e+01 4.468254e+01 5.246857e+01 1.128358e+02
28t 1.396853e+02 6.508604e+02 1.862216e+02 1.462174e+02 7.795301e+03
29t 4.957473e+02 2.726256e+02 4.472157e+02 4.387857e+02 4.062865e+02
30t 1.852325e+01 1.912404e+01 1.350915e+01 2.107714e+01 1.019447e+01
31t 1.340825e+02 1.757983e+02 1.199291e+02 1.743459e+02 1.971265e+02
32t 3.900493e+02 4.388945e+02 4.291564e+02 4.569953e+02 5.376759e+02
33t 1.703135e+02 1.151419e+02 1.501524e+02 1.506133e+02 1.289869e+02
34t 2.583591e+01 3.419196e+01 2.953086e+01 2.862837e+01 2.590868e+01
35t 1.445443e+04 1.250575e+04 1.392432e+04 1.410152e+04 1.334668e+04
36t 1.134698e+05 2.836957e+05 1.698104e+05 1.692774e+05 2.258112e+05
37t 6.980320e+01 5.965536e+01 6.761531e+01 6.606285e+01 5.984081e+01
38t 1.415668e+05 4.273163e+05 1.595633e+05 1.587960e+05 2.923070e+05
39t 5.618236e+00 9.924727e+00 5.174660e+00 4.788976e+00 5.844494e+00
40t 1.112642e+03 1.596547e+01 8.160808e+02 4.774915e+02 1.299208e+02
41t 4.477500e+02 4.581202e+02 4.494627e+02 4.451418e+02 4.485872e+02
42t 3.524523e+02 2.796678e+02 3.398762e+02 3.221724e+02 3.441995e+02
43t 4.316474e+02 3.135212e+02 4.082411e+02 4.301448e+02 4.359196e+02
44t 9.369312e+02 9.236420e+02 9.459767e+02 9.325588e+02 9.430086e+02
45t 9.353249e+02 9.253018e+02 9.462612e+02 9.331908e+02 9.422329e+02
46t 9.338481e+02 9.226999e+02 9.408755e+02 9.346936e+02 9.398209e+02
47t 5.381539e+02 1.023081e+03 5.386709e+02 5.315413e+02 5.488131e+02
48t 1.224578e+03 9.300805e+02 1.123824e+03 1.189555e+03 9.664979e+02
49t 1.210904e+03 1.022251e+03 7.834667e+02 1.207001e+03 9.226327e+02
50t 1.279335e+03 8.948234e+02 1.238986e+03 1.282346e+03 9.883305e+02
             246          247          248          249          250
1t  1.776182e+00 1.234008e+00 9.132954e-01 8.196819e-01 1.597891e+00
2t  1.925266e+07 6.664919e+06 4.214805e+06 4.126910e+06 5.500038e+06
3t  3.046753e+06 1.675015e+06 1.528754e+06 1.372617e+06 2.694824e+06
4t  1.088549e+05 9.410697e+04 1.035440e+05 1.055974e+05 1.290937e+05
5t  4.243817e+01 4.839916e+01 2.857484e+01 3.813733e+01 3.026625e+01
6t  4.023350e+02 4.514313e+01 1.055296e+01 1.143695e+01 2.465822e+01
7t  6.017776e+03 9.319150e+03 6.864208e+03 7.867281e+03 7.168010e+03
8t  7.142804e+00 5.847857e+00 4.770004e+00 5.230935e+00 7.204429e+00
9t  2.866044e+02 3.224245e+02 2.970119e+02 3.063791e+02 3.390752e+02
10t 3.130230e+01 2.698611e+01 2.464614e+01 2.222906e+01 3.146910e+01
11t 3.055565e+02 3.342422e+02 2.966707e+02 3.172312e+02 3.313667e+02
12t 2.212602e+04 2.760687e+04 1.194619e+04 1.667173e+04 1.071679e+04
13t 2.025219e+01 2.024470e+01 1.987119e+01 1.970131e+01 1.998677e+01
14t 2.112818e+01 2.116068e+01 2.093451e+01 2.090573e+01 2.120128e+01
15t 3.159128e+03 1.715340e+02 7.675799e+02 1.372408e+02 2.138855e+02
16t 1.127793e+02 4.923096e+01 4.862054e+01 4.925375e+01 4.893325e+01
17t 3.279674e+01 2.770436e+01 5.475835e-01 2.550454e+00 5.192128e-02
18t 1.022828e+00 9.318392e-01 8.845520e-01 8.613468e-01 9.634836e-01
19t 5.560632e+02 8.050571e+02 6.497914e+02 6.358797e+02 7.155063e+02
20t 3.764311e+02 3.800503e+02 2.654456e+02 3.341152e+02 5.335821e+02
21t 2.826619e+04 2.859538e+04 2.830209e+04 2.891056e+04 3.156671e+04
22t 2.877566e+04 3.621323e+04 2.766517e+04 2.725751e+04 3.414598e+04
23t 5.401523e+01 5.529711e+01 5.524453e+01 5.921749e+01 5.528268e+01
24t 9.251861e-01 3.415150e+00 8.264053e-01 4.004888e-01 3.279849e+00
25t 7.159375e-01 6.096177e-01 6.346545e-01 7.648774e-01 8.090710e-01
26t 4.080449e-01 4.320788e-01 8.325685e-01 3.164824e-01 3.060221e-01
27t 1.023577e+02 8.595663e+01 1.098785e+02 8.136790e+01 9.138076e+01
28t 3.726816e+05 2.387538e+02 1.579092e+02 2.130623e+02 2.739834e+02
29t 4.070687e+02 4.341265e+02 3.499682e+02 3.748465e+02 3.704526e+02
30t 1.803084e+01 1.609017e+01 1.053772e+01 7.371838e+00 1.210044e+01
31t 1.575703e+02 1.950618e+02 2.247169e+02 1.989561e+02 1.789285e+02
32t 3.487523e+02 8.566079e+02 7.421267e+02 4.832488e+02 3.931708e+02
33t 1.231783e+02 1.552425e+02 1.263278e+02 1.166456e+02 1.146141e+02
34t 2.904804e+01 3.518752e+01 3.566550e+01 1.684920e+01 3.003322e+01
35t 1.287583e+04 1.387199e+04 1.296328e+04 1.353903e+04 1.266350e+04
36t 1.794660e+05 2.622687e+05 1.960136e+05 2.056539e+05 1.875284e+05
37t 6.316449e+01 6.435414e+01 5.659898e+01 5.596638e+01 6.261492e+01
38t 1.865510e+05 2.570412e+05 2.391019e+05 1.782000e+05 2.044160e+05
39t 9.106686e+01 7.768584e+00 5.571020e+00 5.858898e+00 4.656393e+00
40t 1.063286e+02 3.017693e+02 8.137063e+01 1.347391e+02 9.585406e+01
41t 4.492860e+02 4.476832e+02 4.475134e+02 4.466274e+02 4.503625e+02
42t 3.582710e+02 3.741292e+02 3.427712e+02 3.692436e+02 2.958295e+02
43t 4.385578e+02 4.355763e+02 4.329290e+02 5.289865e+02 5.329465e+02
44t 9.475753e+02 9.399141e+02 9.390498e+02 9.378909e+02 9.802237e+02
45t 9.512712e+02 9.432083e+02 9.270273e+02 9.297053e+02 9.587816e+02
46t 9.379222e+02 9.384931e+02 9.924907e+02 9.358712e+02 9.888058e+02
47t 1.030704e+03 5.393745e+02 5.326567e+02 8.925149e+02 5.536535e+02
48t 9.907067e+02 9.865429e+02 1.017905e+03 1.096919e+03 1.009955e+03
49t 5.711848e+02 5.572194e+02 5.524749e+02 9.082551e+02 9.265104e+02
50t 1.142789e+03 1.198443e+03 9.623505e+02 1.170443e+03 1.171439e+03
             251          252          253          254          255
1t  8.752475e-01 8.771643e-01 9.000983e-01 8.684442e-01 7.541770e-01
2t  7.396761e+06 3.443595e+06 5.733883e+06 2.695941e+06 3.722672e+06
3t  1.150014e+06 1.218368e+06 1.386039e+06 1.300229e+06 1.461287e+06
4t  8.903574e+04 5.854768e+04 1.094801e+05 9.514516e+04 2.945130e+04
5t  4.658532e+01 1.994647e+01 3.251699e+01 3.656810e+01 2.934891e+00
6t  4.162831e+01 4.503519e+00 4.882263e+01 8.060893e+00 4.437038e+00
7t  1.017351e+04 9.407778e+03 4.336966e+03 6.485019e+03 8.242555e+03
8t  5.248937e+00 5.248243e+00 4.978035e+00 5.504022e+00 5.383706e+00
9t  3.084780e+02 3.253838e+02 2.717852e+02 3.011661e+02 3.274726e+02
10t 2.624301e+01 2.310651e+01 2.448265e+01 2.607326e+01 2.553872e+01
11t 3.059667e+02 3.358217e+02 2.920925e+02 2.952261e+02 3.305019e+02
12t 1.994968e+04 7.580329e+03 1.218084e+04 6.857623e+03 3.101859e+03
13t 2.003437e+01 2.000462e+01 1.980722e+01 1.958758e+01 2.018979e+01
14t 2.119789e+01 2.088982e+01 2.107766e+01 2.102030e+01 2.096657e+01
15t 1.401574e+02 1.427032e+02 1.263787e+02 1.269271e+02 1.384915e+02
16t 1.019568e+02 4.911964e+01 4.926381e+01 4.911245e+01 4.923732e+01
17t 2.003922e+01 1.200067e-01 2.287077e+00 3.172885e-01 7.156229e-02
18t 8.752667e-01 8.336032e-01 8.678507e-01 9.049129e-01 8.901412e-01
19t 6.774654e+02 6.818250e+02 6.294452e+02 5.521688e+02 5.683541e+02
20t 3.303194e+02 4.533720e+02 3.144051e+02 2.735546e+02 4.297113e+02
21t 2.874316e+04 2.867800e+04 2.819693e+04 2.817589e+04 2.840267e+04
22t 2.927602e+04 2.885030e+04 2.949999e+04 2.740321e+04 3.079503e+04
23t 6.295921e+01 5.889212e+01 4.810131e+01 5.840406e+01 6.106291e+01
24t 9.045272e-01 1.888218e+00 6.962132e-01 6.205130e-01 7.605340e-01
25t 7.096586e-01 6.920298e-01 5.185539e-01 7.331545e-01 8.193350e-01
26t 4.023857e-01 3.428082e-01 2.950281e-01 3.536861e-01 3.311968e-01
27t 1.211923e+02 9.354825e+01 9.202547e+01 1.263537e+02 8.209064e+01
28t 2.089438e+02 2.251118e+02 2.121100e+02 2.165807e+02 2.222863e+02
29t 3.812453e+02 4.936685e+02 2.755235e+02 3.427810e+02 4.278339e+02
30t 9.473363e+00 1.678765e+01 1.099744e+01 1.014418e+01 1.121782e+01
31t 1.872519e+02 2.130536e+02 2.158021e+02 1.964990e+02 2.454214e+02
32t 1.597100e+03 8.195653e+02 4.031796e+02 7.533638e+02 4.885435e+02
33t 1.369656e+02 1.760767e+02 1.359029e+02 1.216196e+02 1.528452e+02
34t 2.546588e+01 2.422574e+01 2.253842e+01 2.761854e+01 2.478240e+01
35t 1.358664e+04 1.355507e+04 1.322029e+04 1.344344e+04 1.368196e+04
36t 1.810182e+05 3.439811e+05 1.860667e+05 2.076917e+05 2.167036e+05
37t 6.290582e+01 5.937761e+01 5.823850e+01 5.723311e+01 6.186342e+01
38t 1.713753e+05 3.037285e+05 2.508481e+05 1.973051e+05 2.472231e+05
39t 4.982949e+00 5.636714e+00 6.663088e+00 5.920759e+00 5.688447e+00
40t 1.781250e+02 8.094714e+01 1.145551e+02 9.419419e+01 5.345900e+01
41t 4.471268e+02 4.463957e+02 4.168120e+02 5.182739e+02 4.474891e+02
42t 3.272773e+02 3.435794e+02 3.082240e+02 3.386097e+02 3.975134e+02
43t 4.026272e+02 4.309711e+02 4.144184e+02 4.319387e+02 4.320445e+02
44t 9.302758e+02 9.515345e+02 9.319295e+02 9.389429e+02 9.931970e+02
45t 9.348726e+02 9.328267e+02 9.373228e+02 9.362609e+02 9.384416e+02
46t 9.423878e+02 9.337286e+02 9.394206e+02 9.295991e+02 9.327631e+02
47t 1.032868e+03 5.306293e+02 5.388134e+02 8.997537e+02 5.352664e+02
48t 1.021064e+03 1.083116e+03 1.027467e+03 1.072717e+03 1.066286e+03
49t 9.119770e+02 9.074409e+02 5.525761e+02 9.127732e+02 9.113183e+02
50t 1.227392e+03 1.259679e+03 1.141605e+03 9.069707e+02 1.191572e+03
             256          257          258          259          260
1t  1.020180e+00 9.337925e-01 1.134909e+00 7.884360e-01 1.488807e+00
2t  4.525859e+06 2.434032e+06 1.149579e+07 3.432902e+06 1.553253e+07
3t  1.382893e+06 1.385022e+06 1.594201e+06 1.258808e+06 2.635515e+06
4t  7.349640e+04 6.273993e+04 9.632366e+04 6.726447e+04 1.882478e+05
5t  1.658529e+01 2.259678e+01 2.948542e+01 2.000995e+01 7.379356e+01
6t  5.980148e+00 4.611448e+00 3.781942e+01 5.952066e+00 9.807913e+02
7t  4.376206e+03 4.698641e+03 5.323085e+03 7.270496e+03 1.373513e+05
8t  5.317563e+00 5.203908e+00 5.756747e+00 4.848246e+00 1.608794e+01
9t  3.177486e+02 2.937361e+02 2.736607e+02 3.067944e+02 3.554174e+02
10t 2.396761e+01 2.685354e+01 2.696203e+01 2.740472e+01 3.054478e+01
11t 3.219256e+02 2.969779e+02 2.789504e+02 2.903972e+02 3.919576e+02
12t 1.240335e+04 1.025930e+04 2.125069e+02 1.299799e+04 3.614003e+04
13t 1.941629e+01 2.005583e+01 1.347615e+00 1.944055e+01 2.048732e+01
14t 2.119516e+01 2.112783e+01 2.101967e+01 2.098078e+01 2.121534e+01
15t 2.418451e+03 1.343046e+02 1.831200e+02 1.181062e+02 2.595213e+02
16t 4.924138e+01 4.862951e+01 4.800396e+01 4.924669e+01 4.966244e+01
17t 4.538638e-02 2.869520e-01 1.986547e-01 2.154189e-01 5.479504e+02
18t 8.540966e-01 8.798087e-01 9.159023e-01 8.047179e-01 9.754807e-01
19t 5.479213e+02 6.332010e+02 4.915268e+02 6.363835e+02 2.127694e+03
20t 3.590072e+02 3.013067e+02 2.576693e+02 4.533792e+02 5.025368e+02
21t 2.794136e+04 2.908772e+04 2.787968e+04 2.922656e+04 3.091915e+04
22t 2.987335e+04 3.039948e+04 2.858178e+04 3.026924e+04 2.938038e+04
23t 5.942670e+01 5.065734e+01 5.198587e+01 6.138360e+01 7.261582e+01
24t 8.250477e-01 4.662413e-01 4.906130e-01 9.378565e-01 1.156058e+00
25t 6.563444e-01 6.443059e-01 6.263298e-01 5.513395e-01 6.563955e-01
26t 3.388504e-01 3.311927e-01 3.100131e-01 3.977067e-01 2.789061e-01
27t 6.017819e+01 9.214516e+01 9.743464e+01 1.215808e+02 8.343108e+01
28t 2.001346e+02 2.561395e+02 2.298374e+02 2.416851e+02 2.575347e+02
29t 4.296813e+02 4.062625e+02 3.346379e+02 3.614086e+02 6.621463e+02
30t 8.209348e+00 8.561919e+00 1.216104e+01 9.490751e+00 4.821916e+01
31t 1.972567e+02 2.464866e+02 1.710534e+02 1.799837e+02 1.737256e+02
32t 3.620346e+02 1.905260e+03 4.386108e+02 6.395887e+02 5.860657e+02
33t 1.445102e+02 1.211191e+02 1.213669e+02 1.154999e+02 2.076756e+02
34t 2.399731e+01 2.419512e+01 2.592096e+01 2.519117e+01 4.210332e+01
35t 1.351088e+04 1.378402e+04 1.313918e+04 1.336206e+04 1.381167e+04
36t 1.908384e+05 2.197996e+05 1.587931e+05 1.575496e+05 2.306371e+05
37t 5.361961e+01 5.694094e+01 6.008837e+01 5.976418e+01 6.807609e+01
38t 1.699741e+05 4.075502e+05 2.196247e+05 2.526750e+05 3.389714e+05
39t 7.204442e+00 6.000706e+00 5.580082e+00 7.289357e+00 6.517237e+00
40t 8.593598e+01 7.922493e+01 6.204112e+01 8.247655e+01 1.292913e+03
41t 4.476735e+02 4.467855e+02 4.480659e+02 4.473104e+02 4.495149e+02
42t 3.649346e+02 3.465397e+02 3.117513e+02 4.197379e+02 4.300961e+02
43t 4.319321e+02 4.341507e+02 3.882856e+02 4.396333e+02 4.449565e+02
44t 9.319657e+02 9.334835e+02 9.320492e+02 9.354039e+02 9.375099e+02
45t 9.259709e+02 9.358083e+02 9.304900e+02 9.326873e+02 9.986805e+02
46t 9.357443e+02 9.394077e+02 9.350319e+02 9.320733e+02 9.894778e+02
47t 5.327937e+02 1.028999e+03 5.397156e+02 5.263337e+02 5.570682e+02
48t 1.129681e+03 1.043375e+03 9.949879e+02 1.092978e+03 1.104675e+03
49t 5.540990e+02 9.107029e+02 9.104886e+02 5.479280e+02 1.199248e+03
50t 1.205832e+03 1.231074e+03 9.362571e+02 1.183194e+03 1.321781e+03
             261          262          263          264          265
1t  1.028006e+00 1.142013e+00 4.171495e+02 5.287165e+02 1.179410e+00
2t  3.740041e+06 2.868292e+06 4.106784e+07 4.444510e+07 1.782478e+07
3t  1.482670e+06 1.604815e+06 5.409329e+09 9.500434e+08 1.997066e+06
4t  1.094047e+05 5.820038e+04 1.333583e+05 1.400094e+05 1.301048e+05
5t  5.402679e+01 2.401765e+01 5.360921e+01 5.448606e+01 3.203742e+01
6t  5.915814e+00 3.684730e+00 8.680376e+02 8.469940e+02 4.616577e+02
7t  1.386812e+05 6.503912e+04 8.024742e+03 8.369891e+03 6.106213e+03
8t  1.493439e+02 2.069332e+02 6.644721e+00 5.583737e+00 5.434140e+00
9t  3.670688e+02 4.643225e+02 3.184768e+02 3.162745e+02 2.856747e+02
10t 2.537694e+01 3.067483e+01 2.969821e+01 2.756653e+01 2.500049e+01
11t 3.925438e+02 4.827506e+02 2.991193e+02 3.035133e+02 2.805876e+02
12t 2.073684e+04 4.438226e+03 2.255062e+04 2.338448e+04 1.255198e+04
13t 2.035964e+01 2.033181e+01 2.019342e+01 1.974228e+01 2.226626e+00
14t 2.110240e+01 2.102845e+01 2.117126e+01 2.103354e+01 2.098439e+01
15t 1.492142e+02 2.972548e+02 4.862192e+06 3.003103e+07 3.570226e+02
16t 4.885597e+01 4.896000e+01 2.042482e+02 1.955176e+02 4.926759e+01
17t 5.181526e+02 3.552911e+01 9.844060e+01 4.181512e+01 3.452454e+00
18t 8.529039e-01 8.600122e-01 2.069058e+00 6.205872e+00 9.005677e-01
19t 2.016662e+03 1.698795e+03 6.909782e+02 5.971231e+02 5.734654e+02
20t 7.337816e+02 9.921697e+02 3.688032e+02 3.903406e+02 2.677839e+02
21t 3.271539e+04 3.689075e+04 2.968229e+04 2.874555e+04 2.828365e+04
22t 3.641972e+04 3.682623e+04 3.013376e+04 2.823412e+04 2.840732e+04
23t 7.486645e+01 8.627130e+01 5.722964e+01 5.367696e+01 5.242843e+01
24t 1.462985e+00 7.079836e-01 1.379373e+00 1.215075e+00 6.711604e-01
25t 6.078679e-01 7.259941e-01 6.752779e-01 7.706877e-01 7.013099e-01
26t 3.462529e-01 3.256927e-01 3.951386e-01 9.920100e-01 3.174447e-01
27t 6.118266e+01 7.840700e+01 8.867862e+01 7.967116e+01 8.283543e+01
28t 1.796743e+02 2.012205e+02 1.173441e+06 2.497434e+06 1.670885e+05
29t 5.454473e+02 5.084916e+02 4.493782e+02 4.122290e+02 3.895722e+02
30t 1.508188e+01 2.023764e+01 1.864010e+01 1.374094e+01 1.194250e+01
31t 1.674717e+02 1.449407e+02 1.631309e+02 1.553673e+02 1.627992e+02
32t 5.121826e+02 4.287254e+02 3.893027e+02 4.207506e+02 2.936364e+02
33t 1.905772e+02 2.466856e+02 1.517390e+02 1.378510e+02 1.140903e+02
34t 3.913047e+01 4.080997e+01 2.761417e+01 2.844114e+01 2.385053e+01
35t 1.406173e+04 1.343115e+04 1.386863e+04 1.340112e+04 1.277948e+04
36t 1.733506e+05 1.841729e+05 1.954696e+05 2.040922e+05 1.986650e+05
37t 7.228092e+01 7.474082e+01 6.528850e+01 6.028979e+01 5.640668e+01
38t 2.472242e+05 2.516947e+05 1.731016e+05 1.714143e+05 1.766110e+05
39t 5.278954e+00 6.243239e+00 1.156925e+03 4.256208e+02 7.520646e+00
40t 5.029145e+02 1.017992e+02 3.300634e+02 2.047496e+02 6.254447e+01
41t 4.476376e+02 4.480392e+02 4.501317e+02 4.485716e+02 4.484447e+02
42t 3.384192e+02 3.722010e+02 3.651181e+02 3.725456e+02 3.168332e+02
43t 4.319218e+02 4.435423e+02 4.425854e+02 4.179318e+02 4.449975e+02
44t 9.412420e+02 9.390974e+02 9.418910e+02 9.416322e+02 9.276767e+02
45t 1.014527e+03 1.010984e+03 9.498834e+02 9.325071e+02 9.375770e+02
46t 9.921757e+02 1.023718e+03 9.388067e+02 9.322257e+02 9.380878e+02
47t 5.290989e+02 1.204983e+03 5.417787e+02 5.387431e+02 5.274104e+02
48t 1.198926e+03 1.101367e+03 1.001829e+03 1.019516e+03 9.903755e+02
49t 5.620105e+02 5.537571e+02 5.727228e+02 5.662828e+02 5.668857e+02
50t 1.256869e+03 1.311731e+03 1.200801e+03 1.108560e+03 1.031380e+03
             266          267          268          269          270
1t  1.387045e+00 1.453537e+00 1.271550e+00 9.157691e-01 1.502131e+00
2t  1.478533e+07 2.646363e+07 3.315644e+06 1.676570e+07 3.712355e+07
3t  1.837014e+06 5.201085e+06 1.784254e+06 1.601999e+06 2.639411e+08
4t  1.132681e+05 1.402699e+05 9.094491e+04 1.203180e+05 1.235107e+05
5t  4.761845e+01 6.090741e+01 3.955146e+01 4.137485e+01 4.265581e+01
6t  9.159287e+01 3.904775e+02 7.236917e+00 5.115136e+02 5.664809e+02
7t  5.683668e+03 1.130611e+04 9.334375e+03 5.471056e+03 7.203297e+03
8t  6.102417e+00 5.571699e+00 6.376230e+00 5.512462e+00 5.811477e+00
9t  3.156327e+02 3.100554e+02 3.326077e+02 3.006181e+02 3.003830e+02
10t 2.806038e+01 2.801466e+01 2.768321e+01 2.694556e+01 2.896336e+01
11t 3.156275e+02 3.209631e+02 3.280441e+02 2.938290e+02 3.002701e+02
12t 1.710502e+04 2.157188e+04 9.813678e+03 8.861904e+03 7.141368e+03
13t 2.004237e+01 1.978675e+01 2.039756e+01 1.376817e+00 1.526684e+00
14t 2.114548e+01 2.108530e+01 2.109977e+01 2.102812e+01 2.095791e+01
15t 2.088404e+02 3.212368e+04 1.637475e+02 3.535371e+02 2.018130e+04
16t 4.780611e+01 8.527999e+01 4.910733e+01 5.631066e+01 1.593788e+02
17t 2.498954e+01 5.760423e+01 7.428468e-02 1.011631e+00 2.459555e+00
18t 9.412423e-01 9.850376e-01 9.236244e-01 7.814142e-01 1.013289e+00
19t 6.501489e+02 6.436926e+02 1.289071e+03 5.283604e+02 6.006685e+02
20t 2.909058e+02 2.179233e+02 4.248157e+02 3.387719e+02 3.508707e+02
21t 2.848892e+04 2.926136e+04 3.162043e+04 2.778922e+04 2.769544e+04
22t 2.921749e+04 2.906099e+04 3.428215e+04 2.858667e+04 2.939594e+04
23t 4.964662e+01 5.963833e+01 6.572622e+01 5.480269e+01 5.229271e+01
24t 7.501891e-01 1.789792e+00 4.176838e+00 8.071767e-01 4.979291e-01
25t 6.963569e-01 6.201944e-01 5.947161e-01 5.601518e-01 5.601186e-01
26t 2.822869e-01 2.792925e-01 3.234475e-01 3.232604e-01 3.633154e-01
27t 8.828429e+01 1.174435e+02 7.052027e+01 7.461680e+01 8.022304e+01
28t 2.249985e+02 1.759693e+05 1.881137e+02 1.847738e+02 2.464603e+02
29t 4.218841e+02 4.062065e+02 5.042723e+02 3.701678e+02 2.881205e+02
30t 1.166580e+01 1.451129e+01 1.128315e+01 1.083922e+01 1.358510e+01
31t 1.968332e+02 2.086494e+02 1.642727e+02 1.571290e+02 1.435841e+02
32t 8.051554e+02 7.234054e+02 3.881634e+02 3.052568e+02 2.998312e+02
33t 1.436736e+02 1.362708e+02 1.569338e+02 1.154421e+02 1.335829e+02
34t 2.904319e+01 3.468490e+01 3.259434e+01 2.478601e+01 2.377886e+01
35t 1.300619e+04 1.342437e+04 1.340603e+04 1.284412e+04 1.267089e+04
36t 2.128946e+05 2.245079e+05 1.782458e+05 1.470853e+05 1.898043e+05
37t 6.257833e+01 6.585435e+01 6.598228e+01 6.041038e+01 6.017324e+01
38t 1.708073e+05 2.229876e+05 2.033677e+05 1.901148e+05 1.832075e+05
39t 5.159075e+00 8.657502e+00 5.162654e+00 6.538614e+00 1.149640e+01
40t 1.408806e+02 2.195457e+02 1.588866e+02 8.226602e+01 7.379631e+01
41t 4.491624e+02 4.486819e+02 4.490477e+02 4.478555e+02 4.477344e+02
42t 3.100198e+02 3.705660e+02 2.829641e+02 4.175771e+02 3.601124e+02
43t 4.443528e+02 4.505893e+02 3.664556e+02 4.184824e+02 4.197174e+02
44t 9.459459e+02 9.374785e+02 9.520154e+02 9.413620e+02 9.344116e+02
45t 9.401791e+02 9.428523e+02 9.455068e+02 9.372249e+02 9.292571e+02
46t 9.462441e+02 1.011405e+03 9.445213e+02 9.284722e+02 9.394121e+02
47t 1.032333e+03 5.417007e+02 5.513037e+02 1.027839e+03 5.354822e+02
48t 1.027052e+03 1.057804e+03 1.098820e+03 1.025496e+03 9.873153e+02
49t 5.662336e+02 1.204658e+03 5.713636e+02 9.149949e+02 1.025358e+03
50t 9.848157e+02 1.072535e+03 1.245129e+03 1.074990e+03 1.030286e+03
             271          272          273          274          275
1t  1.135185e+00 1.156384e+00 1.174162e+00 1.127900e+00 1.009258e+00
2t  3.702212e+06 9.079513e+06 8.977214e+06 2.467357e+07 1.793513e+07
3t  1.785981e+06 1.848586e+06 2.016901e+06 3.161294e+06 2.271170e+06
4t  7.605656e+04 1.148624e+05 1.229322e+05 1.240013e+05 1.303511e+05
5t  3.408577e+01 4.289219e+01 2.862439e+01 3.851474e+01 4.699767e+01
6t  1.015275e+01 3.300041e+02 4.512928e+02 4.054797e+02 4.116328e+02
7t  8.995500e+03 5.034976e+03 5.395643e+03 8.199473e+03 6.263709e+03
8t  6.732609e+00 5.759412e+00 6.312187e+00 5.513616e+00 5.669158e+00
9t  3.242489e+02 2.798515e+02 2.769223e+02 3.052865e+02 2.869595e+02
10t 2.860859e+01 2.728555e+01 2.932205e+01 2.499806e+01 2.555015e+01
11t 2.802402e+02 2.896326e+02 2.629192e+02 2.964356e+02 2.749793e+02
12t 8.563407e+03 5.839313e+03 1.533757e+03 1.474318e+04 1.250329e+04
13t 1.922359e+01 1.379262e+00 1.542217e+00 1.962343e+01 1.742545e+01
14t 2.113198e+01 2.110097e+01 2.113280e+01 2.115711e+01 2.104554e+01
15t 1.912218e+02 3.674869e+02 1.876938e+02 1.874854e+02 1.747157e+02
16t 4.897196e+01 1.062333e+02 4.843704e+01 8.291951e+01 8.698066e+01
17t 8.877796e-02 1.982207e+00 1.907986e-01 3.088384e+01 3.500206e+00
18t 9.719911e-01 9.331141e-01 9.656477e-01 8.728985e-01 8.489009e-01
19t 5.683958e+02 6.029654e+02 4.980429e+02 5.976368e+02 6.086735e+02
20t 3.025386e+02 2.627566e+02 2.725203e+02 3.383046e+02 2.829757e+02
21t 2.989566e+04 2.826271e+04 2.852778e+04 2.805224e+04 2.801690e+04
22t 2.910099e+04 2.952697e+04 2.885876e+04 2.914226e+04 2.807983e+04
23t 5.045207e+01 4.818608e+01 4.851138e+01 5.739983e+01 5.738421e+01
24t 6.551499e-01 6.930308e-01 8.976952e-01 1.151549e+00 1.279951e+00
25t 6.027416e-01 6.193864e-01 7.174891e-01 6.896206e-01 6.959555e-01
26t 4.121022e-01 3.079888e-01 2.942730e-01 3.248718e-01 3.136653e-01
27t 1.341390e+02 8.184821e+01 8.012137e+01 7.056283e+01 9.003366e+01
28t 2.671197e+02 2.184482e+02 2.241337e+02 3.759443e+05 1.245389e+05
29t 3.825366e+02 3.186426e+02 2.638442e+02 3.371807e+02 3.571612e+02
30t 1.367302e+01 9.688613e+00 1.154579e+01 1.017673e+01 9.713848e+00
31t 2.531892e+02 1.992199e+02 1.676895e+02 1.808840e+02 1.500822e+02
32t 3.631577e+02 2.686551e+02 3.267666e+02 3.082048e+02 2.988036e+02
33t 1.468655e+02 1.116369e+02 1.093097e+02 1.419086e+02 1.193103e+02
34t 3.088457e+01 2.408794e+01 2.352261e+01 2.448361e+01 2.526044e+01
35t 1.304924e+04 1.278768e+04 1.248156e+04 1.303924e+04 1.303993e+04
36t 2.426375e+05 2.501742e+05 1.923090e+05 1.510791e+05 1.630726e+05
37t 6.389536e+01 6.047614e+01 6.135045e+01 6.102763e+01 5.883360e+01
38t 2.481118e+05 1.904095e+05 2.228180e+05 1.699933e+05 1.861189e+05
39t 6.063572e+00 7.338120e+00 6.723383e+00 5.838526e+00 1.553761e+01
40t 7.087665e+01 5.595249e+01 4.696909e+01 1.474572e+02 9.518353e+01
41t 4.497474e+02 4.349414e+02 4.233513e+02 4.482906e+02 4.471938e+02
42t 4.066574e+02 3.403340e+02 3.394858e+02 3.297896e+02 3.452587e+02
43t 4.329880e+02 4.427238e+02 3.694603e+02 4.542139e+02 4.663889e+02
44t 9.270902e+02 9.310074e+02 9.254091e+02 9.297956e+02 9.374170e+02
45t 9.297465e+02 9.331411e+02 9.322906e+02 9.373440e+02 9.319725e+02
46t 9.394032e+02 9.408302e+02 9.219795e+02 9.359490e+02 9.270118e+02
47t 5.491635e+02 5.387637e+02 5.544582e+02 5.340816e+02 5.378659e+02
48t 1.096454e+03 9.859505e+02 9.655739e+02 1.000148e+03 1.001586e+03
49t 5.721430e+02 5.561517e+02 1.023211e+03 5.547244e+02 5.506100e+02
50t 9.945494e+02 1.011491e+03 9.074694e+02 1.036369e+03 1.063132e+03
             276          277          278          279          280
1t  1.179854e+00 1.328967e+00 8.686568e-01 1.049631e+00 4.528334e+03
2t  1.296324e+07 1.239021e+07 2.293310e+07 1.786745e+07 7.154617e+07
3t  1.751064e+06 2.332427e+06 1.297048e+06 1.721141e+06 3.435881e+09
4t  1.332154e+05 1.228998e+05 1.159622e+05 1.195348e+05 1.667182e+05
5t  3.696831e+01 3.344467e+01 3.076423e+01 3.637748e+01 5.715342e+01
6t  2.830907e+02 4.231583e+02 2.724458e+02 2.549482e+02 1.507811e+03
7t  7.343984e+03 4.467283e+03 6.655198e+03 5.695624e+03 1.375177e+04
8t  5.488771e+00 5.971409e+00 5.151913e+00 5.708505e+00 5.750985e+00
9t  2.940596e+02 2.794126e+02 2.911943e+02 2.956103e+02 3.267048e+02
10t 2.653719e+01 2.674930e+01 2.221755e+01 2.755602e+01 2.712807e+01
11t 2.987397e+02 2.375712e+02 2.893500e+02 2.842282e+02 3.252656e+02
12t 8.418985e+03 3.138570e+02 2.278559e+04 7.970780e+03 2.787471e+04
13t 1.392309e+00 1.570969e+00 1.961080e+01 1.419152e+00 1.991134e+01
14t 2.111539e+01 2.104918e+01 2.099057e+01 2.120823e+01 2.109485e+01
15t 1.641713e+02 2.186348e+02 1.608343e+02 1.913375e+02 6.970332e+07
16t 6.289460e+01 4.919502e+01 4.750398e+01 4.749590e+01 3.197369e+02
17t 1.988116e-01 1.310033e+00 2.113215e+00 9.681130e-01 2.654867e+01
18t 9.247569e-01 9.684042e-01 7.988018e-01 9.150771e-01 3.059743e+01
19t 5.241597e+02 5.125199e+02 6.318939e+02 5.706549e+02 8.035743e+02
20t 3.591861e+02 2.440590e+02 3.480249e+02 2.658897e+02 4.055611e+02
21t 2.795445e+04 2.681324e+04 2.812509e+04 2.629713e+04 2.826918e+04
22t 2.857597e+04 2.943412e+04 2.883828e+04 2.833784e+04 3.004255e+04
23t 5.231200e+01 4.635233e+01 5.050500e+01 5.227884e+01 5.980331e+01
24t 9.336193e-01 5.213385e-01 6.995103e-01 8.782912e-01 1.601191e+00
25t 5.953321e-01 4.973459e-01 7.619077e-01 5.491821e-01 8.274346e-01
26t 3.167362e-01 7.498196e-01 3.622792e-01 2.892479e-01 8.482454e-01
27t 9.560333e+01 7.663655e+01 8.519573e+01 6.577159e+01 8.684919e+02
28t 1.867937e+02 1.945021e+02 1.058869e+05 2.161257e+02 5.512601e+07
29t 3.673058e+02 3.360247e+02 3.689641e+02 2.795625e+02 3.949760e+02
30t 1.107330e+01 1.020528e+01 1.151014e+01 1.130247e+01 2.204815e+01
31t 1.719294e+02 1.742190e+02 1.511536e+02 1.565019e+02 1.902661e+02
32t 2.843948e+02 1.261372e+03 6.891587e+02 4.260713e+02 4.345119e+02
33t 1.283406e+02 1.109465e+02 9.612967e+01 1.091510e+02 1.365525e+02
34t 2.540597e+01 2.679984e+01 2.337431e+01 2.183941e+01 2.587510e+01
35t 1.276815e+04 1.262224e+04 1.300773e+04 1.261067e+04 1.383029e+04
36t 1.934102e+05 2.374198e+05 1.931706e+05 1.327080e+05 1.812365e+05
37t 5.579287e+01 6.045011e+01 6.066828e+01 5.928080e+01 6.164934e+01
38t 2.253583e+05 2.446110e+05 2.042130e+05 2.249346e+05 1.969128e+05
39t 6.495805e+00 2.034041e+01 9.985582e+00 7.740098e+00 1.772851e+03
40t 7.369687e+01 4.245329e+01 1.623526e+02 9.958105e+01 2.362119e+02
41t 4.477830e+02 4.493432e+02 4.464789e+02 4.482921e+02 4.484340e+02
42t 3.267265e+02 2.845859e+02 3.296596e+02 3.345863e+02 3.975667e+02
43t 4.436594e+02 3.749250e+02 3.877596e+02 3.552404e+02 4.904287e+02
44t 9.311776e+02 9.254062e+02 9.350448e+02 9.288084e+02 9.436618e+02
45t 9.334542e+02 9.349373e+02 9.321254e+02 9.287287e+02 9.388785e+02
46t 9.443071e+02 9.374874e+02 9.367493e+02 9.403580e+02 9.340190e+02
47t 1.026232e+03 1.022387e+03 1.028876e+03 1.024146e+03 5.401563e+02
48t 1.008446e+03 9.748162e+02 1.013579e+03 9.923917e+02 1.051663e+03
49t 9.166428e+02 5.685724e+02 9.115056e+02 1.020174e+03 5.754390e+02
50t 1.024298e+03 9.008489e+02 1.072422e+03 1.002417e+03 1.199120e+03
             281          282          283          284          285
1t  1.829318e+00 1.128413e+00 3.902941e+00 4.328767e+03 1.757962e+01
2t  3.368664e+06 7.032803e+06 1.730023e+07 4.301294e+07 3.474140e+07
3t  3.343717e+06 1.741436e+06 6.392396e+06 3.794620e+09 2.425280e+08
4t  1.272346e+05 1.340075e+05 1.515583e+05 1.402496e+05 1.363507e+05
5t  3.817636e+01 4.739113e+01 5.034753e+01 6.081039e+01 1.772649e+01
6t  2.064160e+01 6.942777e+01 5.983770e+02 1.291883e+03 1.224020e+03
7t  4.724885e+04 8.568979e+03 6.945713e+03 2.562862e+04 4.706871e+03
8t  7.856389e+00 5.292826e+00 1.139827e+01 6.652288e+00 6.792311e+00
9t  3.200683e+02 2.776645e+02 3.206193e+02 2.815405e+02 2.733093e+02
10t 3.254901e+01 2.703736e+01 4.139609e+01 3.106611e+01 3.090394e+01
11t 3.383454e+02 2.606808e+02 3.036891e+02 3.018528e+02 2.820405e+02
12t 8.742125e+03 2.123921e+04 1.682152e+04 2.553762e+04 1.176487e+03
13t 2.054414e+01 1.913978e+01 1.968962e+01 1.985501e+01 2.105993e+00
14t 2.116063e+01 2.113286e+01 2.115605e+01 2.110509e+01 2.095566e+01
15t 3.009070e+02 1.691875e+02 6.112469e+02 1.933121e+07 9.090588e+03
16t 4.933423e+01 4.837048e+01 4.925342e+01 2.403849e+02 7.795597e+01
17t 9.445838e-02 5.852185e+01 1.979922e-01 1.072060e+02 1.606391e+00
18t 9.968859e-01 9.099097e-01 1.062422e+00 2.570868e+01 1.817952e+00
19t 6.761204e+02 1.215909e+03 5.277888e+02 6.326297e+02 4.798304e+02
20t 4.653200e+02 2.675180e+02 3.395372e+02 2.559718e+02 3.500797e+02
21t 2.975342e+04 2.927510e+04 3.070303e+04 2.903378e+04 2.678040e+04
22t 3.057211e+04 3.024239e+04 3.489154e+04 2.966514e+04 2.883079e+04
23t 7.374738e+01 6.063194e+01 5.063078e+01 6.084674e+01 5.048452e+01
24t 1.546136e+00 4.010433e+00 3.642167e+00 1.419319e+00 7.855140e-01
25t 6.259251e-01 6.256299e-01 5.229408e-01 5.246821e-01 6.322037e-01
26t 3.157018e-01 3.950322e-01 2.859584e-01 4.375909e-01 3.422355e-01
27t 8.378139e+01 1.212500e+02 7.858290e+01 1.386833e+03 8.373512e+01
28t 2.462107e+02 2.370172e+02 3.965831e+02 1.995792e+05 7.293913e+04
29t 4.900580e+02 3.559987e+02 4.123369e+02 3.914915e+02 3.311592e+02
30t 1.666913e+01 2.068133e+01 1.835202e+01 1.139899e+01 1.314181e+01
31t 1.488564e+02 2.583863e+02 1.354091e+02 2.129628e+02 1.542795e+02
32t 2.872545e+02 3.529927e+02 4.715561e+02 3.436653e+02 3.487782e+02
33t 1.493087e+02 1.211303e+02 1.177934e+02 1.182817e+02 1.105045e+02
34t 3.975286e+01 3.196156e+01 3.667176e+01 3.274897e+01 2.738100e+01
35t 1.288690e+04 1.361211e+04 1.255843e+04 1.346836e+04 1.265227e+04
36t 2.360515e+05 2.174698e+05 4.276583e+05 2.309778e+05 2.073964e+05
37t 6.914702e+01 6.374933e+01 6.213006e+01 6.399165e+01 5.731629e+01
38t 2.121971e+05 2.079510e+05 1.703578e+05 1.951205e+05 2.382923e+05
39t 6.397457e+00 7.301823e+00 9.764307e+00 2.243704e+03 2.473696e+01
40t 5.770903e+01 2.773723e+02 9.968417e+01 2.476075e+02 7.796095e+01
41t 4.513265e+02 4.468926e+02 4.601395e+02 4.497480e+02 4.504657e+02
42t 3.388877e+02 3.889643e+02 3.132497e+02 3.455028e+02 3.136608e+02
43t 3.763985e+02 4.338516e+02 3.290920e+02 3.789723e+02 3.783006e+02
44t 9.666660e+02 9.540745e+02 9.555793e+02 1.005245e+03 9.285941e+02
45t 9.677415e+02 9.314929e+02 9.649752e+02 9.549363e+02 9.314681e+02
46t 9.794102e+02 9.640261e+02 9.419263e+02 9.411478e+02 9.424768e+02
47t 1.195005e+03 1.206468e+03 6.270101e+02 5.518479e+02 1.024992e+03
48t 1.017232e+03 1.036584e+03 9.764720e+02 1.059392e+03 9.458935e+02
49t 1.201147e+03 1.193562e+03 6.381647e+02 9.316221e+02 5.855089e+02
50t 1.188221e+03 1.230139e+03 1.160365e+03 1.175930e+03 1.069148e+03
             286          287          288          289          290
1t  3.114862e+00 8.856471e+00 5.600904e+00 2.743322e+00 2.150391e+00
2t  4.974059e+06 4.909347e+06 3.232298e+07 8.707973e+06 9.201178e+06
3t  5.081554e+06 1.391545e+07 4.117107e+07 4.527514e+06 3.306819e+06
4t  1.187603e+05 3.948409e+04 1.374423e+05 8.295993e+04 1.338473e+05
5t  4.358672e+01 3.862469e+01 8.319122e+00 2.915473e+01 3.018905e+01
6t  7.557650e+01 5.915493e+01 8.896824e+02 2.410095e+01 3.064602e+02
7t  8.755494e+03 5.470285e+04 4.914468e+03 6.240274e+03 5.427438e+03
8t  9.931749e+00 1.953304e+01 8.052031e+00 9.511568e+00 8.576083e+00
9t  2.378176e+02 4.512229e+02 2.380527e+02 2.763369e+02 2.646745e+02
10t 3.828625e+01 5.766078e+01 3.581995e+01 3.743356e+01 3.326031e+01
11t 2.829750e+02 5.186209e+02 2.639847e+02 2.623490e+02 2.692173e+02
12t 1.093677e+04 6.237504e+03 3.865368e+02 8.655229e+02 5.389278e+03
13t 1.995838e+01 2.089676e+01 2.105899e+00 2.107417e+00 1.969713e+00
14t 2.115942e+01 2.114359e+01 2.122231e+01 2.121840e+01 2.118070e+01
15t 3.973937e+02 1.285049e+03 6.235024e+03 3.214195e+02 2.941576e+02
16t 4.863504e+01 4.938047e+01 5.540145e+01 4.916188e+01 4.901815e+01
17t 1.347995e-01 4.097405e-01 1.326797e+00 7.475145e-02 8.265544e-02
18t 1.045197e+00 1.145225e+00 1.141143e+00 1.044918e+00 1.024650e+00
19t 4.901390e+02 5.966637e+02 4.379710e+02 4.940886e+02 5.234719e+02
20t 2.414060e+02 7.016883e+02 2.523957e+02 2.812167e+02 3.911874e+02
21t 2.819662e+04 3.902211e+04 2.758857e+04 2.818132e+04 3.037963e+04
22t 3.062148e+04 3.826934e+04 2.829954e+04 2.984185e+04 3.507611e+04
23t 5.566276e+01 8.000087e+01 4.821943e+01 4.761473e+01 5.795419e+01
24t 3.405011e+00 4.605753e+00 9.372759e-01 1.192258e+00 3.641177e+00
25t 4.771258e-01 6.414742e-01 6.073977e-01 5.438149e-01 5.248645e-01
26t 3.622485e-01 3.307662e-01 3.227776e-01 3.498059e-01 3.132618e-01
27t 1.398114e+02 7.838044e+01 6.920799e+01 1.259005e+02 6.564379e+01
28t 3.427978e+02 7.535355e+02 1.257983e+03 3.207094e+02 2.980186e+02
29t 3.466216e+02 3.332074e+02 2.687663e+02 3.551288e+02 3.769294e+02
30t 1.757733e+01 8.503384e+01 1.478747e+01 1.566535e+01 1.530145e+01
31t 1.683327e+02 1.570128e+02 1.399679e+02 2.536867e+02 1.046619e+02
32t 4.439911e+02 1.102338e+03 3.266752e+02 4.541497e+02 2.612493e+02
33t 1.263131e+02 1.266285e+02 1.163201e+02 1.212945e+02 1.138012e+02
34t 3.468563e+01 5.643968e+01 3.074700e+01 3.714280e+01 3.034473e+01
35t 1.262715e+04 1.269005e+04 1.246792e+04 1.287902e+04 1.260186e+04
36t 2.844014e+05 4.607500e+05 3.159592e+05 3.331035e+05 3.074546e+05
37t 5.990282e+01 7.420468e+01 5.985752e+01 6.019543e+01 6.233981e+01
38t 2.338398e+05 2.907225e+05 2.746055e+05 2.417874e+05 1.562340e+05
39t 8.130075e+00 9.223972e+00 2.130359e+01 6.591856e+00 6.023906e+00
40t 4.782745e+01 2.308095e+01 2.923845e+01 2.362021e+01 4.725051e+01
41t 4.561020e+02 4.818066e+02 4.519788e+02 4.562425e+02 4.535546e+02
42t 2.958170e+02 3.162490e+02 3.167191e+02 3.085131e+02 2.825647e+02
43t 4.445133e+02 4.614676e+02 3.350851e+02 4.433809e+02 3.353891e+02
44t 9.326244e+02 9.382240e+02 9.268311e+02 9.291084e+02 9.345314e+02
45t 9.955357e+02 9.403136e+02 9.239523e+02 9.222455e+02 9.295588e+02
46t 9.426022e+02 9.628046e+02 9.232439e+02 9.368130e+02 9.276393e+02
47t 9.401819e+02 7.539579e+02 1.023688e+03 9.375131e+02 5.727679e+02
48t 1.020136e+03 9.955066e+02 9.394183e+02 1.014784e+03 9.720563e+02
49t 6.256443e+02 7.982690e+02 1.023368e+03 9.496919e+02 5.898548e+02
50t 9.489236e+02 6.558564e+02 9.159520e+02 9.072455e+02 1.155213e+03
             291          292          293          294          295
1t  2.754275e+01 4.080764e+00 2.771742e+00 3.680809e+00 1.813851e+00
2t  3.765378e+07 8.634225e+06 2.689888e+07 2.366621e+07 1.048120e+07
3t  5.303112e+07 8.373061e+06 5.162857e+06 7.786189e+06 3.186103e+06
4t  1.342541e+05 9.787905e+04 1.224895e+05 1.305373e+05 1.018695e+05
5t  2.609788e+01 5.070395e+00 5.694173e+00 1.037146e+01 1.315512e+01
6t  1.603874e+03 5.523500e+02 6.995475e+02 7.880970e+02 3.557940e+02
7t  4.106384e+03 3.988958e+03 2.890921e+03 3.899966e+03 3.260719e+03
8t  8.079055e+00 9.368922e+00 8.545691e+00 7.870913e+00 6.598303e+00
9t  2.661900e+02 2.057233e+02 1.166339e+02 2.403617e+02 2.508228e+02
10t 3.531551e+01 3.789713e+01 3.455398e+01 3.493458e+01 3.218155e+01
11t 2.569613e+02 1.376696e+02 1.079925e+02 2.688742e+02 2.235057e+02
12t 1.195694e+03 2.585565e+02 3.237616e+02 3.481133e+02 3.510796e+02
13t 1.952460e+00 2.148299e+00 2.193324e+00 2.095555e+00 1.899054e+00
14t 2.106565e+01 2.111530e+01 2.112488e+01 2.112540e+01 2.114619e+01
15t 6.600891e+04 6.271919e+03 5.544102e+02 1.078131e+03 4.450761e+02
16t 7.215864e+01 5.079935e+01 4.982706e+01 4.977700e+01 4.841992e+01
17t 2.086443e+00 1.203990e+00 1.064447e+00 1.259123e+00 1.036079e+00
18t 1.552731e+00 1.068230e+00 1.042234e+00 1.065531e+00 1.013145e+00
19t 4.236546e+02 4.024738e+02 3.760880e+02 4.418218e+02 4.668074e+02
20t 3.090612e+02 2.143954e+02 2.016232e+02 3.356777e+02 2.351050e+02
21t 2.777075e+04 2.735551e+04 2.727920e+04 2.762741e+04 2.728830e+04
22t 2.870583e+04 2.779479e+04 2.833719e+04 2.884302e+04 2.795190e+04
23t 4.853443e+01 3.682016e+01 4.197845e+01 4.699956e+01 5.085147e+01
24t 7.692547e-01 8.508331e-01 5.009008e-01 6.967653e-01 8.245039e-01
25t 4.308938e-01 3.861061e-01 4.453515e-01 5.491879e-01 5.006311e-01
26t 3.301645e-01 3.330472e-01 3.126470e-01 3.382670e-01 3.509492e-01
27t 7.043902e+01 6.731699e+01 7.418575e+01 8.649663e+01 6.808252e+01
28t 6.306827e+05 3.981837e+02 3.676533e+02 3.589562e+02 2.709380e+02
29t 3.389167e+02 2.798961e+02 2.732426e+02 3.298105e+02 2.975319e+02
30t 1.415898e+01 1.552662e+01 1.480577e+01 1.427650e+01 1.270056e+01
31t 1.670608e+02 1.663899e+02 1.604279e+02 1.579673e+02 1.547186e+02
32t 3.554131e+02 3.742405e+02 3.437878e+02 4.322669e+02 3.025587e+02
33t 1.172334e+02 1.177329e+02 9.995803e+01 1.092074e+02 1.187281e+02
34t 3.165976e+01 3.319585e+01 3.122289e+01 3.162407e+01 3.013522e+01
35t 1.246442e+04 1.255870e+04 1.251944e+04 1.247197e+04 1.261375e+04
36t 2.015674e+05 3.599025e+05 2.286958e+05 2.602137e+05 2.930673e+05
37t 5.978415e+01 6.169709e+01 5.765112e+01 6.096074e+01 6.013241e+01
38t 2.306879e+05 2.940655e+05 3.602884e+05 2.443616e+05 3.256990e+05
39t 9.806396e+01 7.667746e+00 6.635540e+00 3.717377e+01 5.504808e+00
40t 5.545080e+01 1.931465e+01 2.493184e+01 2.691370e+01 3.315957e+01
41t 4.506540e+02 4.263653e+02 4.530635e+02 4.428729e+02 4.519349e+02
42t 3.184891e+02 2.920255e+02 2.729060e+02 2.934622e+02 2.678927e+02
43t 3.586756e+02 3.112843e+02 3.247066e+02 4.467322e+02 3.697714e+02
44t 9.262124e+02 9.220021e+02 9.322906e+02 9.255806e+02 9.303151e+02
45t 9.343581e+02 9.328498e+02 9.284450e+02 9.228917e+02 9.210083e+02
46t 9.398746e+02 9.327185e+02 9.289603e+02 9.280325e+02 9.245772e+02
47t 1.035376e+03 1.025969e+03 1.022161e+03 1.021137e+03 1.019748e+03
48t 9.559254e+02 9.315460e+02 9.324231e+02 9.218097e+02 9.286583e+02
49t 9.448298e+02 1.019982e+03 1.021876e+03 1.022641e+03 1.020229e+03
50t 9.747680e+02 8.866852e+02 8.888833e+02 8.902275e+02 9.018609e+02
             296          297          298          299          300
1t  1.653751e+00 2.492621e+00 2.400484e+00 2.521894e+00 1.868300e+00
2t  6.047843e+06 1.750310e+07 1.066544e+07 3.018890e+07 8.329576e+06
3t  2.209387e+06 3.730805e+06 4.891548e+06 4.476099e+06 2.658664e+06
4t  1.518553e+05 1.255116e+05 1.179841e+05 1.026418e+05 1.152311e+05
5t  3.801892e+01 1.015935e+01 7.095231e+00 5.884246e+00 1.263144e+01
6t  3.508668e+02 7.523906e+02 6.564072e+02 5.669182e+02 3.747404e+02
7t  5.944038e+03 3.300512e+03 4.473303e+03 2.274756e+03 3.613256e+03
8t  6.860166e+00 7.549981e+00 7.990763e+00 8.355011e+00 7.664104e+00
9t  3.044788e+02 2.714543e+02 2.568829e+02 2.641705e+02 2.497379e+02
10t 2.991266e+01 3.496262e+01 3.458007e+01 3.323377e+01 3.231433e+01
11t 2.575973e+02 2.321859e+02 2.671659e+02 2.547656e+02 2.442992e+02
12t 1.186550e+04 2.823829e+02 2.921773e+02 2.569275e+02 3.294815e+02
13t 1.700245e+00 2.004492e+00 1.925187e+00 2.215993e+00 1.819396e+00
14t 2.114366e+01 2.109180e+01 2.106307e+01 2.104535e+01 2.112098e+01
15t 7.142849e+02 7.673815e+02 1.185277e+03 4.566627e+02 2.978896e+02
16t 4.911394e+01 1.061308e+02 5.030977e+01 4.854206e+01 4.816522e+01
17t 3.609671e-02 1.185841e+00 2.058337e+00 1.406770e+00 8.645701e-01
18t 9.738216e-01 1.008752e+00 1.021853e+00 1.040516e+00 9.724448e-01
19t 5.124295e+02 4.314433e+02 4.696044e+02 4.272340e+02 4.361103e+02
20t 4.192670e+02 2.350077e+02 2.443348e+02 2.054519e+02 2.410392e+02
21t 3.344390e+04 2.751290e+04 2.778522e+04 2.790988e+04 2.731932e+04
22t 3.481809e+04 2.780319e+04 2.880674e+04 2.780373e+04 2.872204e+04
23t 5.165990e+01 5.040641e+01 4.259543e+01 3.332596e+01 3.701365e+01
24t 3.085711e+00 8.447583e-01 8.657284e-01 7.765260e-01 9.195665e-01
25t 4.846003e-01 5.350666e-01 5.115161e-01 6.216926e-01 5.255046e-01
26t 2.961288e-01 3.527033e-01 3.288244e-01 3.101375e-01 3.180567e-01
27t 7.792092e+01 8.167514e+01 6.163788e+01 8.719206e+01 7.621299e+01
28t 2.880685e+02 3.271022e+02 3.314731e+02 3.737973e+02 2.785643e+02
29t 3.523184e+02 3.013713e+02 2.821706e+02 2.880849e+02 2.840326e+02
30t 1.284467e+01 1.390157e+01 1.385739e+01 1.519826e+01 1.219985e+01
31t 1.200112e+02 1.661947e+02 1.338293e+02 1.491211e+02 1.528856e+02
32t 2.822823e+02 3.515836e+02 3.478605e+02 3.555623e+02 3.737773e+02
33t 9.841488e+01 1.048518e+02 1.144721e+02 1.233265e+02 1.052663e+02
34t 2.615436e+01 2.858708e+01 3.177312e+01 2.968900e+01 2.858065e+01
35t 1.265562e+04 1.267289e+04 1.235783e+04 1.264602e+04 1.242612e+04
36t 2.403733e+05 3.288714e+05 2.498451e+05 3.026154e+05 2.766512e+05
37t 5.900965e+01 6.093812e+01 5.984481e+01 6.091837e+01 5.949570e+01
38t 1.909739e+05 2.098562e+05 3.101406e+05 3.142279e+05 2.309501e+05
39t 4.835167e+00 6.090521e+00 5.577411e+00 6.830230e+00 6.860053e+00
40t 8.754665e+01 2.876962e+01 2.743342e+01 2.583932e+01 2.974386e+01
41t 4.503172e+02 4.528487e+02 4.528024e+02 4.541013e+02 4.175340e+02
42t 3.570640e+02 3.092320e+02 2.864312e+02 2.895709e+02 3.312340e+02
43t 3.757581e+02 3.141583e+02 3.322664e+02 3.297773e+02 3.621312e+02
44t 9.343847e+02 9.312004e+02 9.221105e+02 9.217872e+02 9.287145e+02
45t 9.356007e+02 9.215675e+02 9.239328e+02 9.357968e+02 9.210026e+02
46t 9.306880e+02 9.287421e+02 9.333028e+02 9.321945e+02 9.215424e+02
47t 5.586097e+02 1.020627e+03 1.020089e+03 1.022034e+03 1.021873e+03
48t 9.835819e+02 9.652516e+02 9.272007e+02 9.264327e+02 9.582608e+02
49t 5.681035e+02 1.018333e+03 1.018188e+03 1.020377e+03 5.834489e+02
50t 1.202240e+03 8.836050e+02 9.013469e+02 8.943894e+02 9.177299e+02
             301          302          303          304          305
1t  1.496252e+00 2.470639e+00 1.492185e+00 1.094727e+00 3.234571e+02
2t  9.418383e+06 2.127975e+07 1.182556e+07 5.529171e+06 1.333701e+07
3t  2.578478e+06 5.190644e+06 3.926653e+06 1.311007e+06 2.676982e+06
4t  9.726669e+04 1.123111e+05 1.276205e+05 1.352368e+05 1.597716e+05
5t  2.870165e+01 9.478023e+00 2.537169e+01 5.372105e+01 6.256554e+01
6t  4.041553e+02 4.161833e+02 6.216696e+02 5.442998e+01 2.659259e+02
7t  4.168125e+03 3.024704e+03 5.452218e+03 1.172701e+04 1.348359e+04
8t  6.349793e+00 7.594387e+00 5.718359e+00 4.971246e+00 1.105843e+01
9t  2.372206e+02 2.297362e+02 2.725326e+02 3.373612e+02 3.124477e+02
10t 3.070027e+01 3.285604e+01 2.876456e+01 2.383334e+01 2.803050e+01
11t 2.445806e+02 1.850465e+02 2.850166e+02 3.626036e+02 3.135096e+02
12t 4.371087e+02 2.656217e+02 4.086610e+03 2.771870e+04 3.186144e+04
13t 1.768974e+00 2.003489e+00 1.547433e+00 2.027280e+01 2.030016e+01
14t 2.109214e+01 2.117122e+01 2.105443e+01 2.115951e+01 2.107519e+01
15t 2.337941e+02 3.194318e+03 1.037237e+03 1.371860e+02 5.760495e+02
16t 5.239607e+01 4.952347e+01 4.719035e+01 4.923896e+01 5.018275e+01
17t 7.848362e-01 8.573865e-01 9.638395e-01 7.920800e+02 9.069550e+02
18t 9.762656e-01 1.029947e+00 9.457475e-01 7.935843e-01 9.841686e-01
19t 4.385952e+02 3.917959e+02 4.646189e+02 2.008360e+03 2.451550e+03
20t 2.334951e+02 2.872051e+02 2.569336e+02 6.565375e+02 4.243923e+02
21t 2.801335e+04 2.812954e+04 2.813140e+04 3.524786e+04 3.335335e+04
22t 2.799867e+04 2.783475e+04 2.826151e+04 3.489842e+04 3.700813e+04
23t 4.877429e+01 4.644586e+01 4.962331e+01 7.312269e+01 7.766138e+01
24t 7.369382e-01 5.200498e-01 8.025670e-01 2.875826e+00 1.425239e+00
25t 5.502422e-01 4.491919e-01 5.792104e-01 5.745051e-01 5.939522e-01
26t 3.120242e-01 2.972088e-01 3.381014e-01 2.857022e-01 2.849964e-01
27t 6.912249e+01 7.970335e+01 6.749633e+01 3.520836e+01 3.803586e+01
28t 2.462710e+02 3.304968e+02 2.338202e+02 1.556390e+02 7.425217e+04
29t 2.979128e+02 3.133710e+02 3.057186e+02 4.240826e+02 4.424673e+02
30t 1.190882e+01 1.399291e+01 1.117346e+01 2.449753e+01 3.553814e+01
31t 1.646187e+02 1.257190e+02 1.594029e+02 1.200579e+02 9.147664e+01
32t 3.095225e+02 3.937321e+02 2.645214e+02 4.212667e+02 3.093156e+02
33t 1.065704e+02 1.148933e+02 1.132827e+02 1.604010e+02 1.700750e+02
34t 2.623113e+01 2.828923e+01 2.665698e+01 2.585205e+01 3.254573e+01
35t 1.255250e+04 1.252692e+04 1.252812e+04 1.429836e+04 1.492729e+04
36t 1.764294e+05 3.251181e+05 2.095286e+05 1.350024e+05 1.497511e+05
37t 5.654801e+01 6.016448e+01 5.898403e+01 6.662554e+01 6.544996e+01
38t 1.850344e+05 2.301206e+05 2.004088e+05 1.629248e+05 1.595979e+05
39t 1.010330e+01 6.790681e+00 7.385061e+00 4.294174e+00 5.355701e+00
40t 3.712358e+01 2.399138e+01 7.298546e+01 1.153852e+03 1.536403e+03
41t 4.502114e+02 4.529152e+02 4.491132e+02 4.455768e+02 9.616606e+02
42t 3.179750e+02 3.046529e+02 3.149895e+02 3.231631e+02 3.310813e+02
43t 4.034159e+02 3.446207e+02 3.676893e+02 5.684864e+02 4.401736e+02
44t 9.299975e+02 9.312323e+02 9.327103e+02 9.289333e+02 9.363222e+02
45t 9.347699e+02 9.266599e+02 9.297289e+02 9.285482e+02 9.366990e+02
46t 9.325978e+02 9.331268e+02 9.315090e+02 9.296271e+02 9.363664e+02
47t 5.659633e+02 1.023522e+03 1.028556e+03 5.304318e+02 1.218552e+03
48t 9.840597e+02 9.607549e+02 9.878886e+02 1.139182e+03 1.242681e+03
49t 1.022635e+03 1.019049e+03 5.679539e+02 1.203654e+03 1.224398e+03
50t 9.043195e+02 8.885315e+02 1.047461e+03 1.289261e+03 1.306134e+03
             306          307          308          309          310
1t  1.785273e+00 6.171932e+02 1.134912e+00 1.491813e+00 8.425246e-01
2t  4.461500e+06 1.371138e+07 4.586495e+06 7.755965e+06 3.778743e+06
3t  2.516609e+06 1.808298e+06 1.443796e+06 2.493099e+06 1.322043e+06
4t  1.267907e+05 1.435383e+05 1.162331e+05 1.694935e+05 1.432199e+05
5t  5.224285e+01 6.259425e+01 5.339583e+01 5.255924e+01 5.695662e+01
6t  3.310784e+01 5.306478e+02 3.071666e+01 5.717334e+02 1.882971e+01
7t  9.845771e+03 1.177041e+04 1.314195e+04 9.461746e+03 1.345400e+04
8t  6.885860e+00 5.065943e+00 5.639805e+00 6.415029e+00 4.990770e+00
9t  3.368762e+02 3.638925e+02 3.994838e+02 3.384864e+02 3.880719e+02
10t 2.891197e+01 2.447789e+01 2.626021e+01 3.039744e+01 2.137292e+01
11t 3.263711e+02 3.561775e+02 4.203881e+02 3.294466e+02 4.137598e+02
12t 2.326859e+04 2.918029e+04 2.864686e+04 2.214248e+04 2.840112e+04
13t 2.040041e+01 2.021505e+01 2.055795e+01 1.885239e+01 2.052044e+01
14t 2.121642e+01 2.119615e+01 2.121215e+01 2.113565e+01 2.116148e+01
15t 2.142462e+02 6.433917e+04 1.517179e+02 2.989651e+02 1.229987e+02
16t 4.928387e+01 7.915525e+01 4.922639e+01 4.923381e+01 4.914842e+01
17t 3.845002e+02 5.542989e+02 7.448247e+02 6.219492e-01 7.953856e+02
18t 9.571298e-01 9.099868e-01 9.332318e-01 9.855609e-01 8.184476e-01
19t 1.197020e+03 1.513795e+03 2.061982e+03 6.489863e+02 2.368730e+03
20t 3.794792e+02 6.164996e+02 7.350584e+02 6.163682e+02 7.645875e+02
21t 3.746177e+04 3.521902e+04 3.562098e+04 3.361604e+04 3.699288e+04
22t 3.686263e+04 3.554549e+04 3.610254e+04 3.512633e+04 3.564705e+04
23t 7.021950e+01 7.084165e+01 6.760083e+01 6.250511e+01 7.494789e+01
24t 1.019556e+00 2.948712e+00 3.934885e+00 3.215578e+00 3.691312e+00
25t 5.501978e-01 5.885634e-01 6.009438e-01 5.767072e-01 5.989453e-01
26t 2.618504e-01 2.993721e-01 2.902458e-01 3.136411e-01 2.609679e-01
27t 5.685053e+01 4.318400e+01 5.292256e+01 8.357626e+01 5.600152e+01
28t 1.901226e+02 5.706664e+05 1.619804e+02 2.876290e+02 1.529809e+02
29t 4.965759e+02 4.577205e+02 4.738906e+02 4.316519e+02 4.467738e+02
30t 1.313957e+01 1.846310e+01 4.736595e+01 1.236429e+01 1.480173e+02
31t 1.457396e+02 1.315540e+02 1.036669e+02 1.562913e+02 1.446107e+02
32t 4.099891e+02 4.769234e+02 3.926490e+02 3.132294e+02 3.820558e+02
33t 1.533637e+02 1.345081e+02 1.601651e+02 1.261037e+02 1.627542e+02
34t 3.273173e+01 2.438755e+01 2.132523e+01 2.753760e+01 2.302938e+01
35t 1.323759e+04 1.580772e+04 1.408668e+04 1.302264e+04 1.486445e+04
36t 1.629328e+05 1.343442e+05 1.405009e+05 1.824188e+05 1.208674e+05
37t 6.437769e+01 6.355714e+01 6.855462e+01 6.325116e+01 6.868509e+01
38t 1.803883e+05 1.572057e+05 1.466035e+05 1.469903e+05 1.491270e+05
39t 5.435434e+00 5.428856e+00 5.273377e+00 5.455727e+00 5.036110e+00
40t 2.693066e+02 1.376942e+03 8.382804e+02 3.246651e+02 1.029660e+03
41t 4.506645e+02 4.447325e+02 4.473241e+02 4.485938e+02 4.449524e+02
42t 3.111653e+02 3.870946e+02 3.254635e+02 4.302757e+02 3.178769e+02
43t 4.346851e+02 4.744919e+02 4.318042e+02 4.062414e+02 4.297849e+02
44t 9.535199e+02 9.326330e+02 9.311116e+02 9.499266e+02 9.297756e+02
45t 9.532470e+02 9.279769e+02 9.403893e+02 9.505449e+02 9.287421e+02
46t 9.500269e+02 9.320315e+02 9.385301e+02 9.443632e+02 9.295245e+02
47t 5.601101e+02 5.308769e+02 5.385438e+02 5.485686e+02 5.301098e+02
48t 1.067614e+03 1.241369e+03 1.138164e+03 1.090428e+03 1.206607e+03
49t 1.210158e+03 1.212320e+03 6.009179e+02 1.200923e+03 1.203556e+03
50t 1.212380e+03 1.313898e+03 1.266505e+03 1.249162e+03 1.286676e+03
             311          312          313          314          315
1t  8.481979e-01 1.197161e+00 5.375032e-01 5.086108e+02 1.047928e+00
2t  3.643151e+06 1.311333e+07 3.463056e+06 5.800738e+06 8.696726e+06
3t  1.364230e+06 1.341839e+06 1.001557e+06 1.226408e+06 1.181528e+06
4t  1.563600e+05 1.465595e+05 1.352061e+05 1.394256e+05 1.346875e+05
5t  5.495750e+01 6.253532e+01 5.267370e+01 5.328511e+01 5.656466e+01
6t  3.084111e+01 5.957196e+02 1.755318e+01 5.012921e+01 4.267317e+01
7t  1.390433e+04 1.124927e+04 1.316931e+04 1.031222e+04 1.319714e+04
8t  4.870530e+00 5.355446e+00 4.407370e+00 4.408417e+00 4.723603e+00
9t  3.260704e+02 3.312248e+02 3.682261e+02 3.894916e+02 3.923157e+02
10t 2.403217e+01 2.344647e+01 1.936913e+01 2.222124e+01 1.819534e+01
11t 3.176879e+02 3.461887e+02 3.902481e+02 4.052087e+02 3.870325e+02
12t 2.638363e+04 3.046606e+04 2.601476e+04 2.968180e+04 2.669271e+04
13t 2.008050e+01 2.018693e+01 2.023317e+01 2.043350e+01 2.026848e+01
14t 2.121086e+01 2.112229e+01 2.114003e+01 2.110836e+01 2.108143e+01
15t 1.344524e+02 1.553328e+05 1.205765e+02 1.412679e+02 1.457686e+02
16t 4.926016e+01 5.433831e+01 4.904882e+01 4.919861e+01 4.918107e+01
17t 5.447326e+02 1.682104e+01 7.325764e+02 9.469107e+02 8.300995e+02
18t 7.750194e-01 8.865745e-01 7.816639e-01 8.386877e-01 8.077050e-01
19t 2.426493e+03 1.085638e+03 2.134992e+03 2.699121e+03 1.826464e+03
20t 4.440286e+02 6.057501e+02 6.001160e+02 7.227425e+02 7.083444e+02
21t 2.975608e+04 3.439827e+04 3.529099e+04 3.626793e+04 3.624781e+04
22t 3.617057e+04 3.554536e+04 3.526687e+04 3.626201e+04 3.526744e+04
23t 7.480699e+01 7.010298e+01 7.092337e+01 7.571651e+01 6.965545e+01
24t 1.026915e+00 3.517490e+00 2.976701e+00 3.329579e+00 2.585154e+00
25t 5.045549e-01 5.890275e-01 6.088530e-01 6.013218e-01 5.484904e-01
26t 2.796496e-01 3.417917e-01 2.605988e-01 2.684597e-01 2.797390e-01
27t 5.475821e+01 5.052443e+01 6.183320e+01 4.963257e+01 5.836892e+01
28t 1.619452e+02 2.881623e+05 1.211799e+02 2.281506e+04 1.330190e+02
29t 4.455566e+02 4.552379e+02 4.599249e+02 4.623813e+02 4.471202e+02
30t 1.090823e+01 1.185181e+01 3.856917e+02 3.875623e+02 1.619486e+02
31t 1.216949e+02 1.662863e+02 1.298528e+02 1.036417e+02 1.205696e+02
32t 4.115491e+02 7.354319e+02 4.578303e+02 3.653672e+02 3.015106e+02
33t 1.574072e+02 1.354337e+02 1.580359e+02 1.560394e+02 1.633339e+02
34t 3.000122e+01 1.947392e+01 2.668949e+01 2.515400e+01 2.896704e+01
35t 1.457846e+04 1.320211e+04 1.485843e+04 1.652972e+04 1.463541e+04
36t 1.316072e+05 1.565374e+05 1.212358e+05 1.248206e+05 1.298600e+05
37t 6.484997e+01 6.476971e+01 6.805587e+01 6.771996e+01 6.535837e+01
38t 1.749811e+05 1.465184e+05 1.763644e+05 1.340060e+05 1.742722e+05
39t 5.322010e+00 6.261462e+00 5.191740e+00 4.909541e+00 6.427216e+00
40t 9.900730e+02 1.215925e+03 1.158949e+03 1.651600e+03 1.198253e+03
41t 9.012392e+02 4.458774e+02 4.441076e+02 4.443089e+02 4.461448e+02
42t 3.563181e+02 4.273888e+02 3.487792e+02 3.868681e+02 3.260889e+02
43t 4.324377e+02 4.552316e+02 6.193632e+02 4.692683e+02 4.929057e+02
44t 9.322716e+02 9.297890e+02 9.258924e+02 9.262427e+02 9.297216e+02
45t 9.319775e+02 9.332453e+02 9.272743e+02 9.239564e+02 9.298916e+02
46t 9.297764e+02 9.332695e+02 9.265038e+02 9.246466e+02 9.231713e+02
47t 1.211487e+03 1.198713e+03 5.283244e+02 1.195741e+03 5.282390e+02
48t 1.225342e+03 1.228252e+03 1.217514e+03 1.357604e+03 1.150149e+03
49t 1.216329e+03 1.196453e+03 1.203263e+03 1.238998e+03 1.206090e+03
50t 1.303468e+03 1.297884e+03 1.311606e+03 1.336933e+03 1.281495e+03
             316          317          318          319          320
1t  1.444037e+00 1.286150e+00 1.407623e+00 9.578068e-01 8.012549e-01
2t  1.740357e+07 1.732605e+07 1.904630e+07 9.686672e+06 1.322915e+07
3t  2.628353e+06 2.414866e+06 2.965250e+06 1.511950e+06 1.742726e+06
4t  1.323169e+05 1.258125e+05 1.418528e+05 9.883345e+04 1.288475e+05
5t  3.148988e+01 2.626876e+01 3.279736e+01 3.778863e+01 3.607147e+01
6t  8.765122e+02 6.566629e+02 7.787289e+02 8.323773e+01 5.287719e+02
7t  6.375291e+03 6.146844e+03 5.233659e+03 4.409758e+03 7.073054e+03
8t  5.768042e+00 5.797745e+00 6.066001e+00 5.551784e+00 5.571715e+00
9t  2.923459e+02 2.600054e+02 2.750314e+02 2.938610e+02 2.674969e+02
10t 2.938347e+01 2.798205e+01 2.843011e+01 2.599986e+01 2.696553e+01
11t 2.802129e+02 2.483021e+02 2.468784e+02 2.817804e+02 2.837093e+02
12t 1.141954e+04 2.305116e+03 5.216722e+02 1.227697e+04 1.391479e+04
13t 1.581236e+00 1.586325e+00 1.635199e+00 1.987730e+01 1.366008e+00
14t 2.113324e+01 2.101865e+01 2.088725e+01 2.089680e+01 2.103123e+01
15t 7.309316e+02 3.131018e+02 2.241591e+02 1.911728e+02 3.820715e+03
16t 8.634069e+01 4.875801e+01 5.262999e+01 4.928713e+01 4.914253e+01
17t 1.155397e+00 1.233243e+00 1.101685e+00 6.839260e+00 1.809197e+00
18t 1.035761e+00 9.701465e-01 9.719478e-01 9.058971e-01 9.538181e-01
19t 5.455514e+02 5.594888e+02 5.571594e+02 5.879671e+02 5.413085e+02
20t 2.363208e+02 2.305333e+02 2.239641e+02 2.546290e+02 2.717600e+02
21t 2.889275e+04 2.813511e+04 2.776159e+04 2.787382e+04 2.830355e+04
22t 2.923870e+04 2.849511e+04 2.837139e+04 2.841110e+04 2.830966e+04
23t 4.416750e+01 4.469434e+01 4.815732e+01 5.507483e+01 5.134245e+01
24t 9.816839e-01 4.510810e-01 6.437278e-01 1.084540e+00 5.486520e-01
25t 6.322026e-01 5.523848e-01 4.791193e-01 7.055136e-01 5.504767e-01
26t 3.807333e-01 3.546382e-01 3.817347e-01 2.915933e-01 3.426736e-01
27t 7.533694e+01 5.822402e+01 6.246530e+01 7.080278e+01 8.339419e+01
28t 2.792610e+02 3.134397e+02 2.365661e+02 2.541345e+02 2.117396e+02
29t 3.196758e+02 3.569784e+02 3.153822e+02 3.420746e+02 3.204081e+02
30t 1.260283e+01 1.060358e+01 1.212307e+01 1.042643e+01 1.101085e+01
31t 1.615380e+02 1.482511e+02 1.656256e+02 1.703301e+02 1.600191e+02
32t 2.957463e+02 3.283180e+02 2.987552e+02 2.787066e+02 2.560522e+02
33t 1.042200e+02 1.140944e+02 1.162829e+02 1.122821e+02 1.109128e+02
34t 2.511790e+01 2.528044e+01 2.140884e+01 2.211045e+01 2.550963e+01
35t 1.287087e+04 1.274494e+04 1.255155e+04 1.355964e+04 1.269835e+04
36t 2.399539e+05 1.950969e+05 1.826009e+05 1.990553e+05 1.518085e+05
37t 6.071197e+01 5.809515e+01 5.793968e+01 5.764111e+01 5.935668e+01
38t 2.164566e+05 1.889634e+05 2.007958e+05 1.703414e+05 1.700080e+05
39t 1.183257e+01 6.944875e+00 6.093239e+00 7.316167e+00 1.098067e+01
40t 5.751072e+01 5.250950e+01 5.797920e+01 1.354099e+02 6.018712e+01
41t 4.488425e+02 4.494935e+02 4.491524e+02 4.477418e+02 4.479995e+02
42t 3.221197e+02 2.779927e+02 3.373750e+02 2.415894e+02 3.232854e+02
43t 3.797094e+02 3.350628e+02 3.781161e+02 4.140621e+02 4.553525e+02
44t 9.419763e+02 9.324605e+02 9.307186e+02 9.334703e+02 9.264318e+02
45t 9.400098e+02 9.284766e+02 9.446939e+02 9.367122e+02 9.369955e+02
46t 9.395089e+02 9.371907e+02 9.261995e+02 9.419875e+02 9.308815e+02
47t 5.495787e+02 5.486464e+02 1.029714e+03 5.380130e+02 5.382490e+02
48t 9.711797e+02 9.628028e+02 9.819278e+02 9.932228e+02 9.821217e+02
49t 1.027925e+03 5.671537e+02 1.025142e+03 5.553952e+02 5.623220e+02
50t 1.148273e+03 9.098504e+02 1.141169e+03 1.050254e+03 1.002040e+03
             321          322          323          324          325
1t  9.519595e-01 1.092703e+00 1.019042e+00 9.090384e-01 2.982717e+00
2t  9.368061e+06 2.360471e+07 7.765492e+06 1.479982e+07 2.401612e+07
3t  1.684204e+06 1.983564e+06 1.810365e+06 2.204742e+06 6.100703e+06
4t  1.277040e+05 1.091808e+05 1.189541e+05 1.211054e+05 1.447174e+05
5t  4.200859e+01 3.583547e+01 3.900377e+01 3.674979e+01 9.972423e+00
6t  5.591742e+02 3.309541e+02 1.827830e+02 5.730224e+02 8.035275e+02
7t  4.569971e+03 6.077814e+03 5.557889e+03 5.835658e+03 3.589067e+03
8t  5.597922e+00 5.160774e+00 5.226207e+00 5.680727e+00 8.590365e+00
9t  2.836677e+02 3.010029e+02 2.981417e+02 2.559897e+02 2.429840e+02
10t 2.665685e+01 2.651295e+01 2.294998e+01 2.590612e+01 3.770117e+01
11t 2.734744e+02 2.679448e+02 2.701962e+02 2.890832e+02 2.431032e+02
12t 7.450499e+03 1.596381e+04 8.370204e+03 1.057935e+04 3.800938e+02
13t 1.409737e+00 1.363785e+00 1.288204e+00 1.455347e+00 2.165494e+00
14t 2.105718e+01 2.098180e+01 2.092774e+01 2.091676e+01 2.110135e+01
15t 1.535264e+03 1.993545e+02 1.650627e+02 1.894189e+03 6.324978e+02
16t 4.923443e+01 4.927761e+01 4.827521e+01 4.865723e+01 4.927550e+01
17t 1.078099e+00 1.084657e+00 8.696914e+00 5.604708e-01 1.157524e+00
18t 8.802950e-01 9.164603e-01 9.148064e-01 9.138720e-01 1.089086e+00
19t 5.689586e+02 5.224196e+02 6.045467e+02 5.322215e+02 4.523430e+02
20t 2.786065e+02 2.656347e+02 2.914212e+02 2.776310e+02 2.791219e+02
21t 2.802615e+04 2.789954e+04 2.893742e+04 2.864143e+04 2.687459e+04
22t 2.794092e+04 2.841476e+04 2.914327e+04 2.883513e+04 2.838491e+04
23t 5.599895e+01 5.689620e+01 5.125136e+01 4.741656e+01 4.071275e+01
24t 6.832334e-01 9.185543e-01 6.575152e-01 8.444473e-01 1.279310e+00
25t 6.653393e-01 7.329002e-01 8.710720e-01 6.108778e-01 5.284580e-01
26t 3.235411e-01 2.923539e-01 3.347895e-01 3.440077e-01 3.502175e-01
27t 5.995991e+01 7.399506e+01 7.082953e+01 4.980331e+01 6.081414e+01
28t 1.726330e+02 7.722511e+04 5.766432e+02 2.233113e+02 3.571991e+02
29t 3.091372e+02 3.559625e+02 3.635266e+02 3.139095e+02 3.103604e+02
30t 1.096592e+01 1.124501e+01 1.515096e+01 1.028549e+01 1.429977e+01
31t 1.570755e+02 1.544070e+02 1.621736e+02 1.586869e+02 1.506200e+02
32t 2.940106e+02 3.321474e+02 1.412485e+03 3.578960e+02 3.571161e+02
33t 1.149247e+02 1.268628e+02 1.092185e+02 1.169585e+02 1.088593e+02
34t 2.244985e+01 2.306653e+01 2.478233e+01 2.536348e+01 3.151661e+01
35t 1.265058e+04 1.267582e+04 1.296467e+04 1.253461e+04 1.257281e+04
36t 1.376597e+05 1.680600e+05 1.673465e+05 1.725296e+05 3.038685e+05
37t 5.810136e+01 5.647250e+01 5.622478e+01 5.718337e+01 5.871563e+01
38t 1.912403e+05 2.095630e+05 2.270139e+05 1.926699e+05 2.276084e+05
39t 9.957663e+01 5.161364e+00 7.014033e+00 7.115962e+00 1.395950e+01
40t 6.710436e+01 5.753014e+01 1.071879e+02 1.048514e+02 2.576632e+01
41t 4.464059e+02 4.478779e+02 4.475664e+02 4.482324e+02 4.544126e+02
42t 3.279098e+02 3.132935e+02 2.847444e+02 3.370597e+02 3.046207e+02
43t 4.463927e+02 3.997305e+02 4.347227e+02 4.449210e+02 3.371983e+02
44t 9.313416e+02 9.356086e+02 9.340573e+02 9.384577e+02 9.228912e+02
45t 9.287289e+02 9.235536e+02 9.365689e+02 9.272145e+02 9.320233e+02
46t 9.431142e+02 9.394800e+02 9.302564e+02 9.410486e+02 9.223172e+02
47t 5.364803e+02 5.412567e+02 5.349881e+02 5.391208e+02 1.022471e+03
48t 9.805655e+02 9.864724e+02 9.944470e+02 9.449633e+02 9.147541e+02
49t 5.593011e+02 5.591779e+02 5.480235e+02 5.593577e+02 1.021196e+03
50t 1.056992e+03 1.145815e+03 1.216280e+03 9.776978e+02 8.854998e+02
             326          327          328          329          330
1t  1.793935e+01 5.239495e+00 4.520845e+00 1.578133e+01 6.184227e+00
2t  1.666292e+07 7.192884e+06 1.095318e+07 9.446443e+06 2.513100e+07
3t  2.918711e+07 9.034497e+06 7.099204e+06 2.164537e+06 1.101876e+07
4t  1.386645e+05 1.376132e+05 1.397700e+05 1.307469e+05 6.914908e+04
5t  3.045391e+01 3.789252e+01 3.697660e+01 5.832728e+01 3.733450e+00
6t  7.011420e+02 2.436943e+02 4.182427e+02 1.383185e+02 7.007477e+02
7t  3.637174e+03 3.783960e+03 5.168457e+03 9.505987e+03 2.253317e+03
8t  2.179981e+01 1.317502e+01 1.311041e+01 5.788368e+00 1.202245e+01
9t  2.277528e+02 2.922222e+02 3.200756e+02 3.843103e+02 7.671107e+01
10t 8.214352e+01 4.720333e+01 4.253677e+01 2.529223e+01 4.222630e+01
11t 2.656055e+02 2.937101e+02 3.040299e+02 3.847600e+02 8.048116e+01
12t 1.141317e+04 3.104438e+03 2.065319e+04 3.155671e+04 2.604308e+02
13t 3.943409e+00 1.991529e+01 2.002428e+01 2.056204e+01 2.710456e+00
14t 2.115121e+01 2.119238e+01 2.116624e+01 2.118818e+01 2.113352e+01
15t 3.965759e+03 6.934431e+02 8.429940e+02 2.230520e+02 6.765264e+02
16t 5.044599e+01 4.949796e+01 4.930421e+01 4.931965e+01 4.885302e+01
17t 6.420255e-01 1.991666e-01 2.154350e-01 7.596855e+02 1.082232e+00
18t 1.285335e+00 1.078894e+00 1.073134e+00 9.580217e-01 1.073380e+00
19t 3.745273e+02 4.241245e+02 4.784283e+02 1.779259e+03 3.847116e+02
20t 3.087227e+02 4.644429e+02 5.143147e+02 7.146156e+02 1.456629e+02
21t 3.205210e+04 3.277636e+04 3.406318e+04 3.504693e+04 2.750842e+04
22t 3.283551e+04 3.425087e+04 3.457885e+04 3.567795e+04 2.870469e+04
23t 4.376227e+01 5.766874e+01 6.389571e+01 7.448464e+01 4.254461e+01
24t 3.335945e+00 3.885590e+00 3.093698e+00 3.382567e+00 9.103924e-01
25t 5.320377e-01 4.961834e-01 5.842290e-01 5.940688e-01 5.635503e-01
26t 3.147320e-01 2.820755e-01 2.754670e-01 2.821794e-01 2.993657e-01
27t 8.766663e+01 8.085853e+01 5.760261e+01 3.694864e+01 1.145734e+02
28t 2.081419e+04 5.564811e+02 4.756961e+02 4.446942e+03 5.372177e+02
29t 2.941965e+02 2.715648e+02 3.633030e+02 4.846722e+02 2.700909e+02
30t 3.630586e+01 1.831444e+01 2.261332e+01 2.327214e+01 1.905213e+01
31t 1.578914e+02 1.661005e+02 1.665851e+02 8.822361e+01 1.466477e+02
32t 4.020269e+02 7.076047e+02 5.185254e+02 3.134950e+02 3.798875e+02
33t 1.091393e+02 1.023710e+02 1.210079e+02 1.452367e+02 1.126867e+02
34t 6.604488e+01 4.238775e+01 4.151301e+01 2.727792e+01 3.770018e+01
35t 1.254716e+04 1.267428e+04 1.291939e+04 1.500922e+04 1.243764e+04
36t 9.506513e+05 5.393605e+05 5.071501e+05 1.334047e+05 5.139635e+05
37t 6.091756e+01 6.195581e+01 5.951037e+01 6.845544e+01 6.026734e+01
38t 1.727946e+05 1.926514e+05 1.453145e+05 1.472446e+05 3.241819e+05
39t 2.357506e+01 9.215948e+00 6.754037e+00 5.479224e+00 8.699408e+00
40t 1.547347e+01 2.795467e+01 5.603328e+01 1.313611e+03 1.309695e+01
41t 4.857937e+02 4.642627e+02 4.623096e+02 4.484292e+02 4.619027e+02
42t 2.770200e+02 2.645282e+02 2.880852e+02 3.313258e+02 2.777318e+02
43t 3.085447e+02 3.469159e+02 3.497972e+02 4.287748e+02 3.359169e+02
44t 9.415189e+02 9.346236e+02 9.455678e+02 9.408709e+02 9.252811e+02
45t 9.367014e+02 9.354441e+02 9.942639e+02 9.325657e+02 9.216463e+02
46t 9.431134e+02 9.352545e+02 9.378699e+02 9.391511e+02 9.301081e+02
47t 8.825010e+02 6.752267e+02 6.604349e+02 5.474092e+02 1.021243e+03
48t 9.328382e+02 9.647292e+02 9.844434e+02 1.193401e+03 9.171720e+02
49t 8.962323e+02 6.707593e+02 9.707601e+02 1.182906e+03 1.020085e+03
50t 9.234173e+02 5.456312e+02 1.067515e+03 1.282204e+03 8.853887e+02
             331          332          333          334          335
1t  4.277535e+01 3.601181e+00 2.566236e+00 1.724788e+00 2.838083e+00
2t  2.004626e+07 1.809055e+07 7.712293e+06 5.221945e+06 3.018887e+07
3t  5.244497e+07 2.292269e+07 4.837239e+06 2.825369e+06 8.150806e+06
4t  6.361443e+04 1.408359e+05 1.321786e+05 1.190020e+05 1.240303e+05
5t  6.188809e+00 1.858891e+01 3.123054e+01 4.098332e+01 6.908424e+00
6t  1.202067e+03 8.066012e+02 3.277230e+02 1.245923e+02 6.672446e+02
7t  3.694864e+03 6.584351e+03 4.378711e+03 7.216326e+03 2.185438e+03
8t  1.676460e+01 8.362614e+00 9.165680e+00 7.077929e+00 9.424591e+00
9t  9.878757e+01 2.665769e+02 2.477590e+02 3.240446e+02 2.295227e+02
10t 6.183031e+01 3.469943e+01 3.762262e+01 2.906266e+01 3.925597e+01
11t 7.153731e+01 2.755027e+02 2.467943e+02 2.691408e+02 2.000395e+02
12t 5.193700e+02 4.180078e+02 6.840756e+03 6.850645e+03 2.611598e+02
13t 3.414667e+00 2.152850e+00 2.225903e+00 2.022247e+01 2.441717e+00
14t 2.113065e+01 2.114016e+01 2.115665e+01 2.115493e+01 2.113014e+01
15t 1.280541e+04 6.708293e+02 3.783593e+02 2.316109e+02 1.281589e+03
16t 5.211265e+01 5.309790e+01 4.936104e+01 4.910094e+01 5.578234e+01
17t 1.081075e+01 1.435021e+00 7.544802e-02 5.753373e-02 1.312868e+00
18t 1.415681e+00 1.072732e+00 1.045670e+00 9.412004e-01 1.088483e+00
19t 4.094136e+02 4.522025e+02 4.663700e+02 5.957419e+02 4.124973e+02
20t 1.735130e+02 1.656253e+02 2.599134e+02 3.727443e+02 2.251172e+02
21t 2.638455e+04 2.755075e+04 3.064625e+04 3.373588e+04 2.724239e+04
22t 2.888358e+04 2.888714e+04 3.431667e+04 3.420038e+04 2.869145e+04
23t 3.777175e+01 3.716280e+01 4.954685e+01 5.054531e+01 4.267944e+01
24t 1.368574e+00 8.011634e-01 2.627286e+00 3.298061e+00 1.135418e+00
25t 5.719111e-01 4.516441e-01 5.871961e-01 6.128138e-01 5.141065e-01
26t 3.247935e-01 3.122937e-01 2.974226e-01 2.881649e-01 3.582439e-01
27t 1.588094e+02 7.859834e+01 6.498826e+01 7.533027e+01 5.446360e+01
28t 4.048122e+04 5.616448e+02 3.131492e+02 2.402397e+02 3.551434e+02
29t 2.785173e+02 3.170606e+02 3.377467e+02 3.561479e+02 2.913554e+02
30t 2.438513e+01 1.387553e+01 1.613774e+01 1.247834e+01 1.523554e+01
31t 2.382971e+02 1.829328e+02 1.361047e+02 1.525425e+02 1.604233e+02
32t 5.118353e+02 3.375921e+02 3.228122e+02 5.996047e+02 3.455405e+02
33t 1.132997e+02 1.159152e+02 1.159792e+02 1.102516e+02 1.054338e+02
34t 5.220027e+01 3.211962e+01 3.156423e+01 2.523661e+01 3.169177e+01
35t 1.209121e+04 1.235421e+04 1.260546e+04 1.285944e+04 1.211240e+04
36t 8.062194e+05 2.719365e+05 3.640481e+05 1.900433e+05 3.237426e+05
37t 5.956937e+01 6.055041e+01 5.972686e+01 6.294210e+01 6.007726e+01
38t 4.679886e+05 1.861287e+05 2.014268e+05 1.941166e+05 2.358727e+05
39t 2.441780e+01 7.977083e+00 6.667140e+00 6.528759e+00 2.741321e+01
40t 1.723785e+01 4.059876e+01 4.076429e+01 1.167270e+02 2.929856e+01
41t 4.727879e+02 4.531655e+02 4.556333e+02 4.512737e+02 4.566953e+02
42t 3.222256e+02 3.122537e+02 2.860681e+02 3.033903e+02 2.775005e+02
43t 3.672441e+02 3.426085e+02 3.901537e+02 3.577538e+02 3.432331e+02
44t 9.257936e+02 9.266611e+02 9.364258e+02 9.414760e+02 9.291421e+02
45t 9.247223e+02 9.261172e+02 9.413388e+02 9.281521e+02 9.227789e+02
46t 9.270186e+02 9.279863e+02 9.304423e+02 9.336372e+02 9.240811e+02
47t 1.022569e+03 1.024944e+03 5.964786e+02 5.596248e+02 1.025385e+03
48t 9.394166e+02 9.821319e+02 9.723046e+02 9.909060e+02 9.246940e+02
49t 1.023820e+03 1.018524e+03 6.002191e+02 5.796671e+02 1.022585e+03
50t 8.887272e+02 9.131209e+02 1.112267e+03 1.196412e+03 8.894198e+02
             336          337          338          339          340
1t  1.618068e+00 1.981398e+00 5.755490e+00 1.286680e+00 1.892680e+00
2t  1.561556e+07 5.942395e+06 2.556239e+07 1.603609e+07 1.056996e+07
3t  2.458739e+06 3.304166e+06 1.259211e+07 2.934301e+06 2.863288e+06
4t  1.018566e+05 1.232510e+05 1.377936e+05 1.065865e+05 1.126436e+05
5t  1.337001e+01 2.508585e+01 6.993518e+00 3.452664e+01 4.131864e+00
6t  2.324090e+02 3.022938e+02 9.208826e+02 2.223694e+02 4.001450e+02
7t  3.541848e+03 5.533688e+03 3.281983e+03 3.092317e+03 2.100552e+03
8t  7.140325e+00 8.304448e+00 9.982952e+00 6.892076e+00 7.453871e+00
9t  2.639815e+02 2.379064e+02 2.035082e+02 2.762895e+02 1.897072e+02
10t 3.016169e+01 2.985253e+01 4.017702e+01 3.160881e+01 3.089620e+01
11t 2.152114e+02 1.959429e+02 1.060872e+02 2.774140e+02 2.622700e+02
12t 2.272800e+02 3.177743e+03 3.142540e+02 4.816917e+03 2.558522e+02
13t 1.618480e+00 1.919432e+00 2.365035e+00 1.726555e+00 1.899142e+00
14t 2.106530e+01 2.116968e+01 2.119135e+01 2.107780e+01 2.115040e+01
15t 2.092743e+02 2.653378e+02 1.281759e+03 2.169948e+02 5.800934e+02
16t 4.849292e+01 4.915449e+01 5.024356e+01 4.822092e+01 4.865698e+01
17t 1.144140e+00 6.586266e-02 2.600142e+00 1.143788e+00 6.331284e-01
18t 9.983658e-01 1.030159e+00 1.130652e+00 9.980751e-01 9.822033e-01
19t 5.047599e+02 4.987850e+02 4.101889e+02 5.048090e+02 3.580466e+02
20t 2.833613e+02 2.825507e+02 1.640978e+02 2.494279e+02 1.590546e+02
21t 2.767914e+04 3.129534e+04 2.730330e+04 2.849556e+04 2.810524e+04
22t 2.801811e+04 3.420016e+04 2.842646e+04 2.860173e+04 2.793314e+04
23t 4.774559e+01 4.109382e+01 3.838511e+01 4.833725e+01 4.613654e+01
24t 6.789021e-01 3.454081e+00 1.183338e+00 6.156584e-01 7.699713e-01
25t 4.879643e-01 6.198633e-01 4.958386e-01 6.910703e-01 6.083092e-01
26t 2.982128e-01 2.799207e-01 3.234445e-01 3.309099e-01 3.173697e-01
27t 8.397707e+01 4.365387e+01 7.372127e+01 6.747626e+01 7.665758e+01
28t 2.444601e+02 3.134068e+02 5.807785e+02 2.497775e+02 2.865898e+02
29t 2.979680e+02 3.409733e+02 2.896352e+02 3.370229e+02 2.616678e+02
30t 1.260367e+01 1.306271e+01 1.651655e+01 1.182665e+01 1.331180e+01
31t 1.436935e+02 1.517497e+02 1.751427e+02 1.949876e+02 1.944421e+02
32t 3.026703e+02 3.087933e+02 3.567704e+02 3.530286e+02 3.178275e+02
33t 1.121861e+02 1.050335e+02 1.193423e+02 9.406991e+01 1.082287e+02
34t 2.541054e+01 3.053638e+01 3.318898e+01 2.732637e+01 2.729439e+01
35t 1.255809e+04 1.257877e+04 1.246432e+04 1.272817e+04 1.262522e+04
36t 2.441046e+05 3.414095e+05 3.535177e+05 2.532874e+05 2.615342e+05
37t 5.770334e+01 6.026939e+01 5.561887e+01 5.849213e+01 5.983284e+01
38t 2.864848e+05 1.786118e+05 2.407305e+05 2.968205e+05 2.572721e+05
39t 5.893718e+00 6.714319e+00 1.012811e+01 5.543538e+00 7.502242e+00
40t 3.500936e+01 4.915813e+01 2.748598e+01 4.364382e+01 2.086228e+01
41t 4.501833e+02 4.520642e+02 4.571805e+02 4.500358e+02 4.264096e+02
42t 2.866103e+02 3.540440e+02 2.860732e+02 2.817552e+02 3.109822e+02
43t 3.595290e+02 3.314224e+02 3.479966e+02 3.728749e+02 3.390080e+02
44t 9.328150e+02 9.319704e+02 9.225383e+02 9.288151e+02 9.243507e+02
45t 9.309920e+02 9.291324e+02 9.224863e+02 9.450205e+02 9.222990e+02
46t 9.308159e+02 9.221877e+02 9.216761e+02 9.319085e+02 9.332935e+02
47t 5.523974e+02 5.797989e+02 1.023401e+03 1.026749e+03 1.021427e+03
48t 9.399335e+02 9.638760e+02 9.307755e+02 9.444579e+02 9.313445e+02
49t 1.023167e+03 5.872406e+02 1.021014e+03 5.982031e+02 1.020755e+03
50t 9.346393e+02 1.123884e+03 8.967733e+02 9.343952e+02 8.993008e+02
             341          342          343          344          345
1t  1.609457e+00 1.492175e+00 1.337607e+00 1.538220e+00 1.605659e+00
2t  6.050916e+06 1.296943e+07 1.173980e+07 3.343950e+06 9.820984e+06
3t  2.497671e+06 3.002210e+06 2.125176e+06 2.425729e+06 2.758364e+06
4t  1.068984e+05 1.220049e+05 9.973624e+04 1.023711e+05 1.001857e+05
5t  1.538727e+01 1.222709e+01 1.211911e+01 1.354171e+01 1.323172e+01
6t  3.398601e+02 3.123056e+02 1.516430e+02 2.182839e+02 9.121633e+01
7t  3.897468e+03 3.746944e+03 3.740806e+03 2.877420e+03 2.703696e+03
8t  6.287294e+00 7.049420e+00 6.421687e+00 6.858410e+00 6.749729e+00
9t  2.631044e+02 2.117795e+02 2.345542e+02 2.866159e+02 2.378593e+02
10t 3.184164e+01 3.048770e+01 3.110471e+01 2.784359e+01 3.243008e+01
11t 2.876906e+02 2.438812e+02 2.226941e+02 2.656733e+02 2.527477e+02
12t 2.996394e+02 3.246722e+02 2.577200e+02 7.392734e+02 2.480492e+02
13t 1.656542e+00 1.627871e+00 1.692188e+00 1.679963e+00 1.761041e+00
14t 2.109293e+01 2.111733e+01 2.116163e+01 2.104746e+01 2.105288e+01
15t 2.296804e+02 2.462285e+02 1.942133e+02 5.133002e+02 2.469635e+02
16t 1.159002e+02 4.877545e+01 4.784377e+01 4.819599e+01 4.925922e+01
17t 3.189374e-01 1.055854e+00 1.323177e+00 5.714527e-01 1.135938e-01
18t 1.002169e+00 9.779730e-01 9.528794e-01 9.708063e-01 9.720244e-01
19t 4.900462e+02 4.627237e+02 4.104337e+02 4.446615e+02 4.249920e+02
20t 2.148054e+02 2.495775e+02 1.947799e+02 2.650491e+02 2.333612e+02
21t 2.773442e+04 2.808793e+04 2.760249e+04 2.901751e+04 2.693934e+04
22t 2.752476e+04 2.816252e+04 2.869617e+04 2.759249e+04 2.753783e+04
23t 5.107542e+01 4.786662e+01 5.164023e+01 4.225885e+01 4.914922e+01
24t 4.585363e-01 7.222831e-01 8.471856e-01 5.283814e-01 3.966834e-01
25t 5.465060e-01 5.921896e-01 5.372363e-01 5.933930e-01 6.127250e-01
26t 2.809885e-01 4.061044e-01 2.982384e-01 3.907414e-01 3.194864e-01
27t 7.670038e+01 9.358864e+01 9.012438e+01 6.470374e+01 5.687682e+01
28t 2.481491e+02 2.507288e+02 2.492288e+02 2.338519e+02 2.665476e+02
29t 3.200218e+02 3.167282e+02 3.178742e+02 2.888391e+02 3.108497e+02
30t 1.219571e+01 1.382046e+01 1.186503e+01 9.476212e+00 1.279874e+01
31t 1.864388e+02 1.802713e+02 1.952675e+02 1.764078e+02 1.771116e+02
32t 3.277176e+02 3.559474e+02 3.007926e+02 3.287001e+02 4.397912e+02
33t 1.229229e+02 1.029619e+02 1.099842e+02 1.027116e+02 1.008700e+02
34t 2.655121e+01 2.753364e+01 2.485497e+01 2.554810e+01 2.946903e+01
35t 1.269487e+04 1.260089e+04 1.268497e+04 1.268598e+04 1.266181e+04
36t 2.571304e+05 2.551723e+05 2.466453e+05 2.297954e+05 2.673262e+05
37t 6.007962e+01 6.065025e+01 5.912016e+01 5.975275e+01 5.905853e+01
38t 2.746225e+05 2.035723e+05 2.524794e+05 2.727774e+05 2.080779e+05
39t 6.354223e+00 5.757240e+00 6.088055e+00 5.871469e+00 6.977827e+00
40t 3.415452e+01 3.820978e+01 3.707888e+01 5.851725e+01 3.882797e+01
41t 4.511540e+02 4.508364e+02 4.498668e+02 4.497333e+02 4.502783e+02
42t 3.231979e+02 2.977696e+02 2.783963e+02 2.858499e+02 2.935276e+02
43t 3.321079e+02 2.955473e+02 3.524047e+02 4.380736e+02 3.640147e+02
44t 9.325590e+02 9.319919e+02 9.256352e+02 9.284408e+02 9.281640e+02
45t 9.327477e+02 9.280861e+02 9.291283e+02 9.263337e+02 9.244079e+02
46t 9.346017e+02 9.267865e+02 9.341414e+02 9.341974e+02 9.288828e+02
47t 1.021479e+03 1.024438e+03 1.023293e+03 1.023075e+03 1.022734e+03
48t 9.345043e+02 9.354638e+02 9.402801e+02 9.731059e+02 9.401162e+02
49t 5.634671e+02 1.025192e+03 1.020164e+03 1.019327e+03 1.016441e+03
50t 9.128892e+02 9.232890e+02 9.294409e+02 9.584676e+02 9.305086e+02
             346          347          348          349          350
1t  1.536201e+00 2.128110e+00 2.438854e+00 8.293142e-01 3.687965e+04
2t  8.159225e+06 6.102276e+06 1.121515e+07 4.068894e+06 1.279370e+08
3t  2.591086e+06 3.737724e+06 5.080729e+06 1.171144e+06 2.021039e+10
4t  1.222912e+05 2.945876e+04 1.763609e+05 1.410080e+05 1.674500e+05
5t  2.633888e+01 4.851409e-01 6.183321e+01 6.117516e+01 6.180083e+01
6t  1.598251e+02 9.119023e+00 5.975254e+02 4.083977e+01 1.316177e+03
7t  3.737136e+03 1.625767e+03 8.754196e+03 1.274672e+04 2.823657e+04
8t  7.190085e+00 8.225787e+00 1.007769e+01 4.668373e+00 7.511626e+00
9t  2.476361e+02 3.467325e+02 2.848533e+02 3.622741e+02 2.773580e+02
10t 3.024051e+01 3.423991e+01 3.745647e+01 2.237657e+01 3.092609e+01
11t 1.775078e+02 3.251868e+02 2.835274e+02 4.101093e+02 3.081424e+02
12t 2.073031e+02 1.976041e+02 2.594023e+04 2.605178e+04 3.138853e+04
13t 1.689818e+00 2.044035e+01 1.983063e+01 2.037094e+01 1.972706e+01
14t 2.116408e+01 2.120823e+01 2.119175e+01 2.112877e+01 2.095001e+01
15t 4.948708e+02 3.003205e+02 6.085304e+02 1.216732e+02 1.288903e+09
16t 4.917138e+01 4.767819e+01 4.939776e+01 4.919876e+01 1.895977e+03
17t 1.167725e+00 1.032912e-01 1.055822e-01 7.900669e+02 4.660706e+02
18t 9.335758e-01 9.934596e-01 1.046731e+00 7.150607e-01 1.172286e+02
19t 3.547983e+02 6.093892e+02 5.674605e+02 2.583133e+03 1.375428e+03
20t 2.753500e+02 3.791202e+02 3.435230e+02 7.030585e+02 3.008647e+02
21t 2.726374e+04 2.864248e+04 3.648015e+04 3.573415e+04 2.786644e+04
22t 2.729682e+04 2.950641e+04 3.150779e+04 3.561430e+04 3.047097e+04
23t 5.330209e+01 6.253163e+01 5.065585e+01 7.233424e+01 6.308938e+01
24t 6.585187e-01 7.491469e-01 3.978384e+00 3.435909e+00 9.031570e-01
25t 5.809590e-01 6.850339e-01 5.348268e-01 6.257832e-01 4.270197e+00
26t 3.714922e-01 8.490218e-01 4.179080e-01 2.719169e-01 6.442986e+01
27t 9.352197e+01 1.600054e+02 7.081986e+01 4.829313e+01 1.421312e+04
28t 2.396644e+02 3.346201e+02 3.101149e+02 1.429508e+02 8.341963e+07
29t 3.104971e+02 4.031984e+02 4.150937e+02 4.545163e+02 3.907604e+02
30t 1.220873e+01 1.473030e+01 1.822113e+01 1.993388e+02 1.844044e+01
31t 2.014659e+02 2.605435e+02 1.619164e+02 1.364075e+02 2.320224e+03
32t 3.623728e+02 6.958688e+02 3.687111e+02 3.849513e+02 3.713702e+02
33t 1.049035e+02 1.376110e+02 1.137524e+02 1.620144e+02 1.361155e+02
34t 2.876909e+01 4.643927e+01 3.693587e+01 2.487858e+01 4.061351e+01
35t 1.284052e+04 1.275655e+04 1.280366e+04 1.542250e+04 1.596547e+04
36t 2.570937e+05 3.297262e+05 2.648077e+05 1.222099e+05 2.235884e+05
37t 5.973630e+01 6.674011e+01 6.000345e+01 6.726535e+01 5.756779e+01
38t 2.121244e+05 3.462102e+05 1.301387e+05 1.426371e+05 1.916926e+05
39t 6.601553e+00 7.734531e+00 7.947396e+00 5.711133e+00 1.837802e+04
40t 3.050397e+01 1.651844e+01 8.237235e+01 1.443227e+03 8.240374e+02
41t 4.956720e+02 4.529732e+02 4.551892e+02 4.448760e+02 4.493533e+02
42t 2.912485e+02 3.176736e+02 2.935756e+02 4.266408e+02 3.152150e+02
43t 4.268850e+02 4.390989e+02 2.905912e+02 4.313248e+02 4.371495e+02
44t 9.340877e+02 9.292504e+02 1.004347e+03 9.270110e+02 9.893697e+02
45t 9.252999e+02 9.706428e+02 1.008248e+03 9.286541e+02 1.015931e+03
46t 9.312922e+02 9.284354e+02 1.004077e+03 9.227680e+02 9.413071e+02
47t 1.026532e+03 1.202160e+03 1.202816e+03 5.261340e+02 6.467102e+02
48t 9.654667e+02 1.024717e+03 9.829179e+02 1.320982e+03 1.039115e+03
49t 1.017870e+03 9.343612e+02 1.208234e+03 1.209758e+03 1.217585e+03
50t 8.907710e+02 8.866499e+02 1.153446e+03 1.307782e+03 1.009651e+03
             351          352          353          354          355
1t  1.371350e+02 2.294382e+00 5.468671e+00 1.849513e+00 8.860184e-01
2t  3.671646e+07 2.480830e+07 3.112108e+07 9.866670e+06 1.117235e+07
3t  5.724396e+08 3.974384e+06 2.884819e+06 3.496076e+06 1.606209e+06
4t  1.240474e+05 1.274267e+05 8.168350e+04 1.328281e+05 1.059070e+05
5t  5.862034e+01 1.630009e+01 4.600257e+01 3.004174e+01 4.814540e+01
6t  1.422251e+03 7.284254e+02 2.112929e+02 5.277361e+02 2.021795e+02
7t  1.115198e+04 4.086646e+03 2.137045e+04 6.170389e+03 9.090673e+03
8t  1.127748e+01 7.545310e+00 6.277561e+00 7.325737e+00 5.156646e+00
9t  2.785148e+02 2.876270e+02 2.884175e+02 2.939429e+02 3.145477e+02
10t 4.250206e+01 3.363911e+01 3.009224e+01 3.238639e+01 2.528167e+01
11t 2.658246e+02 3.030818e+02 2.963494e+02 2.822230e+02 3.119399e+02
12t 2.265420e+04 2.881297e+02 2.496274e+04 3.611566e+02 2.450295e+04
13t 1.922599e+01 1.929346e+00 1.972333e+01 1.859037e+00 2.005392e+01
14t 2.115672e+01 2.096622e+01 2.100829e+01 2.108856e+01 2.093046e+01
15t 1.984580e+05 2.903856e+02 1.862348e+05 6.053933e+03 6.207432e+03
16t 3.204109e+02 5.147509e+01 1.241586e+02 9.592612e+01 7.378342e+01
17t 1.391205e+02 1.085364e+00 1.315846e+02 5.711600e+00 5.172956e+01
18t 1.917576e+00 1.008840e+00 1.018719e+00 1.076364e+00 8.977589e-01
19t 5.739576e+02 4.222737e+02 6.258419e+02 5.728334e+02 6.357259e+02
20t 2.536414e+02 2.270059e+02 3.162840e+02 3.130185e+02 3.720100e+02
21t 3.539173e+04 2.809971e+04 2.824195e+04 2.841720e+04 2.834701e+04
22t 3.610261e+04 2.873726e+04 2.893670e+04 2.844430e+04 2.889520e+04
23t 5.312008e+01 4.906233e+01 5.425282e+01 5.169591e+01 5.757819e+01
24t 3.672983e+00 8.337189e-01 4.356522e-01 8.035853e-01 5.840741e-01
25t 4.156075e-01 5.464417e-01 7.517138e-01 7.430331e-01 7.995326e-01
26t 3.073348e-01 2.877748e-01 3.862579e-01 2.796191e-01 3.154753e-01
27t 1.062527e+02 1.035353e+02 9.891597e+01 9.837553e+01 1.040533e+02
28t 2.577578e+03 3.578950e+02 2.524148e+04 2.727855e+02 2.749269e+02
29t 3.551411e+02 3.378748e+02 3.149633e+02 3.686280e+02 3.856244e+02
30t 2.140946e+01 1.462938e+01 1.679349e+01 1.275854e+01 1.532328e+01
31t 2.097919e+02 1.894307e+02 2.494627e+02 1.690777e+02 1.570007e+02
32t 3.747281e+02 7.651476e+02 3.800389e+02 3.735937e+02 5.500436e+02
33t 1.156920e+02 1.276038e+02 1.432525e+02 1.242416e+02 1.461831e+02
34t 3.814494e+01 2.828583e+01 2.615476e+01 3.003272e+01 2.575376e+01
35t 1.327626e+04 1.270835e+04 1.302972e+04 1.265751e+04 1.352198e+04
36t 3.608742e+05 2.706193e+05 1.975827e+05 2.368815e+05 1.600475e+05
37t 6.329261e+01 6.009332e+01 5.389726e+01 6.323281e+01 6.150867e+01
38t 2.188567e+05 2.788163e+05 1.932960e+05 2.450138e+05 1.724157e+05
39t 8.474561e+02 7.769281e+00 7.411445e+00 6.924471e+00 5.677048e+00
40t 1.480127e+02 3.185252e+01 1.208815e+02 5.760985e+01 2.097390e+02
41t 4.591308e+02 4.518373e+02 4.486702e+02 4.488557e+02 4.460341e+02
42t 2.837454e+02 3.348324e+02 4.288385e+02 3.881963e+02 3.986896e+02
43t 3.337959e+02 3.722300e+02 4.171773e+02 3.977896e+02 4.774992e+02
44t 9.357225e+02 9.230603e+02 9.458214e+02 9.340200e+02 9.293111e+02
45t 9.406425e+02 9.302085e+02 9.346700e+02 9.310050e+02 9.301290e+02
46t 9.441732e+02 9.301860e+02 9.366405e+02 9.495852e+02 9.288337e+02
47t 6.130130e+02 1.025423e+03 5.583972e+02 1.024182e+03 5.313865e+02
48t 9.963740e+02 9.611511e+02 1.003469e+03 1.007269e+03 1.029375e+03
49t 9.705324e+02 6.226064e+02 1.198591e+03 1.027264e+03 5.515951e+02
50t 1.088543e+03 9.206047e+02 1.040540e+03 9.097400e+02 1.222223e+03
             356          357          358          359          360
1t  1.419935e+00 1.617913e+00 1.767190e+00 1.477413e+00 1.225298e+00
2t  1.340392e+07 1.156294e+07 1.248091e+07 2.491464e+07 1.100291e+07
3t  2.376270e+06 2.270230e+06 3.190803e+06 2.278491e+06 2.373449e+06
4t  8.918085e+04 1.008981e+05 1.185679e+05 9.953423e+04 1.162708e+05
5t  2.661594e+01 3.524841e+01 2.367084e+01 3.511743e+01 4.011811e+01
6t  2.152644e+02 1.325287e+02 2.468214e+02 2.143519e+02 3.941401e+02
7t  4.281572e+03 4.570979e+03 5.646197e+03 3.626950e+03 5.189019e+03
8t  6.811661e+00 6.956944e+00 6.866919e+00 6.142512e+00 6.538245e+00
9t  3.031231e+02 3.079426e+02 3.056902e+02 2.590810e+02 3.040415e+02
10t 3.244692e+01 2.955588e+01 3.253163e+01 2.884454e+01 2.958877e+01
11t 2.821831e+02 2.963714e+02 2.880341e+02 2.622470e+02 2.765270e+02
12t 9.793205e+03 1.563262e+04 7.819989e+03 9.123033e+03 7.195144e+03
13t 1.997198e+01 1.730612e+01 1.743636e+00 1.977635e+01 1.504779e+00
14t 2.100626e+01 2.105332e+01 2.113865e+01 2.097306e+01 2.111099e+01
15t 2.570015e+03 3.354352e+02 1.650370e+04 3.668348e+02 2.667607e+03
16t 4.937123e+01 4.779147e+01 5.859010e+01 4.927666e+01 4.867491e+01
17t 1.943048e+00 1.454224e+00 2.862073e+00 2.246717e+00 7.969164e+00
18t 9.778956e-01 9.991509e-01 1.014821e+00 9.270435e-01 9.587925e-01
19t 5.104278e+02 5.036975e+02 5.567593e+02 5.440092e+02 5.864229e+02
20t 2.680596e+02 2.323030e+02 3.330367e+02 2.808480e+02 3.486746e+02
21t 2.695336e+04 2.827526e+04 2.848517e+04 2.820696e+04 2.739544e+04
22t 2.827893e+04 2.801874e+04 2.871507e+04 2.919915e+04 2.919813e+04
23t 4.618857e+01 5.324865e+01 5.215544e+01 4.413713e+01 4.662682e+01
24t 1.123760e+00 7.236859e-01 1.195153e+00 8.144346e-01 1.010886e+00
25t 6.391072e-01 6.658127e-01 5.298657e-01 6.688384e-01 6.902573e-01
26t 2.784965e-01 3.431609e-01 3.123513e-01 3.922313e-01 3.113896e-01
27t 8.482303e+01 9.742118e+01 9.176691e+01 9.188534e+01 7.735623e+01
28t 3.752942e+02 2.518631e+02 2.843217e+02 3.745937e+02 2.548788e+02
29t 2.930294e+02 3.756107e+02 3.134083e+02 3.418878e+02 3.389534e+02
30t 1.202334e+01 1.174199e+01 1.261815e+01 1.354708e+01 1.140298e+01
31t 1.543222e+02 1.975405e+02 1.753054e+02 1.472436e+02 1.594152e+02
32t 3.866934e+02 3.098991e+02 3.396494e+02 4.489465e+02 2.963223e+02
33t 1.223894e+02 1.173546e+02 1.154902e+02 1.237963e+02 9.526889e+01
34t 2.965352e+01 2.637778e+01 2.935703e+01 2.729332e+01 2.675905e+01
35t 1.252571e+04 1.286753e+04 1.272804e+04 1.301578e+04 1.257649e+04
36t 1.889995e+05 2.065331e+05 2.039092e+05 2.180379e+05 1.933075e+05
37t 5.904918e+01 5.904499e+01 6.189675e+01 5.894734e+01 6.227931e+01
38t 1.537217e+05 2.874625e+05 2.420293e+05 1.955048e+05 1.879865e+05
39t 6.124152e+00 4.905811e+00 6.142290e+00 6.073330e+00 6.620206e+00
40t 3.547520e+01 5.111610e+01 4.925093e+01 5.865050e+01 7.916373e+01
41t 4.497492e+02 4.506825e+02 4.499133e+02 4.977231e+02 4.501518e+02
42t 2.870526e+02 2.960882e+02 3.300248e+02 3.014635e+02 3.500830e+02
43t 4.395160e+02 3.442936e+02 3.890020e+02 4.364725e+02 3.876575e+02
44t 9.276550e+02 9.269724e+02 9.279259e+02 9.251278e+02 9.303393e+02
45t 9.458991e+02 9.500503e+02 9.386193e+02 9.409318e+02 9.337562e+02
46t 9.356831e+02 9.385510e+02 9.472282e+02 9.355225e+02 9.358977e+02
47t 5.565827e+02 1.026841e+03 1.026713e+03 5.453398e+02 1.024152e+03
48t 9.727835e+02 9.794391e+02 9.536393e+02 9.566367e+02 9.900111e+02
49t 5.850968e+02 5.728146e+02 1.022188e+03 5.629830e+02 5.701296e+02
50t 9.042966e+02 9.393890e+02 9.303083e+02 1.011492e+03 9.233676e+02
             361          362          363          364          365
1t  1.645519e+00 1.436696e+00 1.265412e+00 1.368506e+00 1.254870e+00
2t  7.426833e+06 1.745023e+07 2.065211e+07 4.042022e+07 1.799771e+07
3t  2.169785e+06 1.937778e+06 2.243517e+06 2.886914e+07 2.346964e+06
4t  8.866018e+04 1.037543e+05 1.397658e+05 1.098281e+05 7.348201e+04
5t  3.616407e+01 2.648791e+01 3.729561e+01 3.930570e+01 3.404743e+01
6t  1.305985e+02 1.374463e+02 7.094599e+02 4.165362e+02 1.147098e+02
7t  5.053220e+03 5.178026e+03 6.600161e+03 6.986902e+03 3.584364e+03
8t  6.603674e+00 5.952572e+00 5.776326e+00 5.422870e+00 5.369036e+00
9t  2.865996e+02 2.966001e+02 2.927996e+02 2.966970e+02 3.092361e+02
10t 2.613877e+01 2.892499e+01 2.811284e+01 2.730970e+01 2.831913e+01
11t 2.860044e+02 2.914834e+02 2.791936e+02 2.921048e+02 2.642499e+02
12t 1.298876e+04 1.452862e+04 1.203011e+04 2.100996e+04 1.867660e+04
13t 1.568113e+00 2.005172e+01 1.470863e+00 1.980231e+01 1.532428e+00
14t 2.091425e+01 2.097201e+01 2.108854e+01 2.098870e+01 2.092903e+01
15t 5.921703e+02 4.268490e+03 2.332867e+02 1.570872e+05 2.175260e+02
16t 4.771405e+01 4.778591e+01 6.343663e+01 1.682136e+02 4.860354e+01
17t 8.462062e-01 2.199642e+00 6.203377e+00 4.429540e+01 7.354469e+00
18t 9.500961e-01 9.286048e-01 9.562718e-01 9.450630e-01 9.555224e-01
19t 5.004633e+02 4.907946e+02 6.284604e+02 5.852501e+02 4.204133e+02
20t 2.469858e+02 2.817948e+02 2.787538e+02 3.711649e+02 2.964859e+02
21t 2.816629e+04 2.812669e+04 2.771281e+04 2.737012e+04 2.865730e+04
22t 2.925620e+04 2.806328e+04 2.856515e+04 2.841443e+04 2.840866e+04
23t 5.660822e+01 5.431710e+01 4.799907e+01 5.223681e+01 5.991907e+01
24t 7.561220e-01 5.008479e-01 9.711824e-01 8.691192e-01 8.210870e-01
25t 4.863382e-01 5.085222e-01 5.264416e-01 8.762351e-01 6.653288e-01
26t 2.644567e-01 2.991035e-01 3.608706e-01 3.676772e-01 2.952244e-01
27t 1.078004e+02 1.036673e+02 7.578668e+01 9.047939e+01 8.250111e+01
28t 2.514732e+02 2.926793e+02 2.027216e+05 1.501246e+06 3.365569e+02
29t 3.185520e+02 2.827225e+02 3.509372e+02 3.879228e+02 3.617998e+02
30t 1.154602e+01 1.125841e+01 1.151559e+01 1.555152e+01 1.105329e+01
31t 1.732984e+02 1.676914e+02 1.601434e+02 1.451732e+02 1.890915e+02
32t 3.965673e+02 9.104319e+02 2.771674e+02 8.417916e+02 7.900086e+02
33t 1.144305e+02 1.120991e+02 1.309027e+02 1.388723e+02 1.205551e+02
34t 2.570083e+01 2.408305e+01 2.541423e+01 2.681056e+01 2.319478e+01
35t 1.263341e+04 1.278129e+04 1.315614e+04 1.309598e+04 1.287506e+04
36t 2.036928e+05 2.313396e+05 2.056422e+05 1.767741e+05 1.813648e+05
37t 6.091720e+01 5.991042e+01 5.710286e+01 5.777579e+01 5.824855e+01
38t 2.369261e+05 1.680434e+05 1.766751e+05 1.849158e+05 2.110795e+05
39t 5.784644e+00 7.356174e+00 6.800942e+00 1.089642e+02 6.528591e+00
40t 4.980394e+01 6.792357e+01 6.666253e+01 1.235974e+02 5.479050e+01
41t 4.486013e+02 4.489414e+02 4.486529e+02 4.478080e+02 4.483389e+02
42t 2.959461e+02 2.909019e+02 3.487423e+02 3.271573e+02 3.177691e+02
43t 4.596953e+02 4.336758e+02 4.245642e+02 3.976792e+02 3.355018e+02
44t 9.879469e+02 9.550078e+02 9.361659e+02 9.332586e+02 9.326232e+02
45t 9.371799e+02 9.330067e+02 9.450776e+02 9.476446e+02 9.443238e+02
46t 9.416614e+02 9.344369e+02 9.391157e+02 9.405735e+02 9.395087e+02
47t 1.034169e+03 1.025721e+03 5.483132e+02 5.344213e+02 1.023360e+03
48t 9.532263e+02 9.926741e+02 9.805210e+02 9.945630e+02 1.007334e+03
49t 1.017402e+03 1.021721e+03 5.574978e+02 9.172853e+02 5.654284e+02
50t 9.598657e+02 1.179582e+03 1.001889e+03 1.197764e+03 9.566799e+02
             366          367          368          369          370
1t  1.754077e+00 1.142581e+00 1.603107e+00 2.156452e+00 2.067561e+01
2t  6.535325e+06 1.180107e+07 9.698661e+06 1.779815e+07 2.743876e+07
3t  2.643649e+06 2.473045e+06 2.359432e+06 3.495162e+06 3.616250e+08
4t  5.925365e+04 1.124031e+05 8.140460e+04 1.090637e+05 1.448818e+05
5t  2.380490e+01 2.874509e+01 3.877356e+01 1.330935e+01 4.031375e+01
6t  5.556521e+01 7.134882e+02 5.682153e+01 5.230128e+02 1.259902e+03
7t  3.663344e+03 6.155356e+03 4.215421e+03 3.659631e+03 6.098117e+03
8t  7.042890e+00 6.153765e+00 6.479629e+00 8.085325e+00 6.618740e+00
9t  2.723678e+02 2.819804e+02 2.840192e+02 2.243983e+02 2.798402e+02
10t 3.320687e+01 2.826758e+01 2.983335e+01 3.540078e+01 2.756130e+01
11t 2.787188e+02 2.839103e+02 2.844020e+02 2.789159e+02 2.915142e+02
12t 8.033323e+03 9.748597e+02 1.638809e+04 6.940105e+02 1.019771e+04
13t 1.833680e+00 1.522200e+00 1.818465e+01 2.114892e+00 2.005246e+00
14t 2.102719e+01 2.110269e+01 2.109258e+01 2.109346e+01 2.107708e+01
15t 1.246969e+03 1.895344e+02 6.895972e+02 4.163499e+02 1.481370e+04
16t 4.919707e+01 4.872417e+01 4.737944e+01 4.945307e+01 1.026622e+02
17t 6.186746e-02 1.925384e+00 1.255966e+00 1.044112e+00 8.361365e+00
18t 9.347819e-01 9.365941e-01 9.956684e-01 1.035478e+00 1.733023e+00
19t 3.583425e+02 5.452129e+02 4.342879e+02 4.273987e+02 5.751056e+02
20t 2.383980e+02 2.454465e+02 2.620904e+02 1.998740e+02 3.039353e+02
21t 2.748397e+04 2.768475e+04 2.817857e+04 2.856749e+04 2.789180e+04
22t 2.932942e+04 2.802884e+04 2.895915e+04 2.859176e+04 2.696622e+04
23t 5.542081e+01 5.544734e+01 4.155861e+01 4.155161e+01 4.951056e+01
24t 8.784568e-01 1.136133e+00 7.613718e-01 6.509111e-01 8.421387e-01
25t 3.586043e-01 5.305863e-01 5.621281e-01 5.230763e-01 5.845578e-01
26t 3.542849e-01 3.666947e-01 3.540578e-01 2.771226e-01 3.035817e-01
27t 9.186708e+01 7.864515e+01 1.065641e+02 7.188598e+01 8.522182e+01
28t 2.540617e+02 4.173285e+04 2.665222e+02 3.182683e+02 7.442171e+05
29t 3.012097e+02 3.588686e+02 3.402340e+02 2.802702e+02 3.564411e+02
30t 1.236280e+01 1.350126e+01 1.355200e+01 1.455855e+01 1.338863e+01
31t 1.735163e+02 1.532784e+02 2.130351e+02 1.788257e+02 1.465945e+02
32t 5.614719e+02 3.223881e+02 4.750369e+02 3.511305e+02 2.935662e+02
33t 1.056478e+02 1.243441e+02 1.036520e+02 9.943860e+01 1.166927e+02
34t 2.908403e+01 2.601874e+01 2.796746e+01 2.861785e+01 2.988284e+01
35t 1.277811e+04 1.282254e+04 1.265976e+04 1.248886e+04 1.291441e+04
36t 2.591118e+05 1.766378e+05 2.276128e+05 2.306529e+05 2.129618e+05
37t 5.707712e+01 6.040775e+01 5.834090e+01 5.956783e+01 5.863634e+01
38t 2.955286e+05 2.375933e+05 2.215794e+05 2.645904e+05 2.390342e+05
39t 5.760358e+00 5.826833e+00 5.596791e+00 5.721807e+00 4.697387e+01
40t 2.421258e+01 7.054689e+01 5.448816e+01 2.708521e+01 7.374231e+01
41t 4.508802e+02 4.484124e+02 4.504459e+02 4.522220e+02 4.483639e+02
42t 2.955137e+02 3.035635e+02 3.782443e+02 2.457125e+02 3.430127e+02
43t 4.394904e+02 4.417170e+02 5.370386e+02 3.298168e+02 3.763119e+02
44t 9.402929e+02 9.425229e+02 9.937306e+02 9.333761e+02 9.389878e+02
45t 9.234130e+02 9.358238e+02 9.318208e+02 9.251039e+02 9.444470e+02
46t 9.347084e+02 9.402582e+02 9.322034e+02 9.370391e+02 9.245065e+02
47t 1.030150e+03 5.411026e+02 1.028489e+03 1.025282e+03 1.035785e+03
48t 9.559499e+02 9.637150e+02 9.645816e+02 9.337030e+02 9.652441e+02
49t 1.020834e+03 5.599914e+02 5.679104e+02 1.024515e+03 5.761156e+02
50t 9.320014e+02 9.997760e+02 9.199189e+02 9.134553e+02 1.177133e+03
             371          372          373          374          375
1t  3.334510e+00 5.759261e+00 6.342024e+00 2.338465e+00 3.679152e+00
2t  7.110817e+06 6.410361e+06 1.106751e+07 1.151409e+07 1.570300e+07
3t  5.560383e+06 7.357726e+06 9.089318e+06 3.711749e+06 6.868182e+06
4t  1.464419e+05 1.109000e+05 1.416260e+05 1.161537e+05 1.509225e+05
5t  3.202089e+01 2.683066e+01 4.374798e+01 3.598163e+01 1.968269e+01
6t  2.974911e+02 1.181193e+02 3.695945e+02 3.282351e+02 4.548027e+02
7t  4.399727e+03 3.677180e+03 4.981675e+03 6.234178e+03 3.715157e+03
8t  8.705463e+00 1.288065e+01 1.365945e+01 9.075674e+00 1.175933e+01
9t  2.566086e+02 2.829360e+02 3.148374e+02 2.767391e+02 2.204229e+02
10t 3.914406e+01 4.628161e+01 4.876141e+01 3.056129e+01 4.391398e+01
11t 2.399544e+02 2.990018e+02 3.135419e+02 2.636964e+02 2.177589e+02
12t 9.593541e+03 4.840458e+03 1.227475e+04 5.325186e+03 2.265766e+03
13t 2.328104e+00 1.972605e+01 1.900710e+01 2.052816e+00 2.741248e+00
14t 2.106919e+01 2.114295e+01 2.119231e+01 2.116374e+01 2.113613e+01
15t 4.706351e+02 6.177638e+02 8.145481e+02 2.800462e+02 1.432487e+03
16t 4.915675e+01 4.942138e+01 4.928045e+01 4.891578e+01 4.941189e+01
17t 1.053210e-01 1.467906e-01 2.056807e-01 8.167377e-02 1.673950e-01
18t 1.052937e+00 1.073502e+00 1.094594e+00 1.030113e+00 1.070044e+00
19t 4.883809e+02 3.847640e+02 3.887475e+02 4.853088e+02 4.231830e+02
20t 4.032951e+02 3.207933e+02 3.894200e+02 2.805120e+02 3.345888e+02
21t 3.390407e+04 3.466752e+04 3.349270e+04 3.030518e+04 2.844754e+04
22t 3.436096e+04 3.241068e+04 3.469088e+04 3.465540e+04 3.210368e+04
23t 4.907587e+01 4.823343e+01 5.848336e+01 5.112143e+01 4.665277e+01
24t 2.229853e+00 3.455904e+00 3.456465e+00 2.929162e+00 3.281318e+00
25t 4.842325e-01 6.555534e-01 5.068184e-01 5.503255e-01 5.612027e-01
26t 2.714355e-01 2.996264e-01 3.180880e-01 2.833236e-01 3.403089e-01
27t 6.664324e+01 9.743918e+01 6.312778e+01 6.473699e+01 5.781239e+01
28t 3.432533e+02 5.192997e+02 4.753761e+02 3.202437e+02 4.739877e+02
29t 3.454621e+02 3.058787e+02 3.384197e+02 3.414641e+02 3.208913e+02
30t 1.530985e+01 1.956052e+01 1.816200e+01 1.515171e+01 2.034578e+01
31t 1.627680e+02 1.747973e+02 1.621908e+02 1.433418e+02 1.334770e+02
32t 3.422747e+02 4.173668e+02 3.512060e+02 3.847331e+02 3.456236e+02
33t 1.149640e+02 9.799940e+01 1.108359e+02 1.179399e+02 1.198912e+02
34t 3.364157e+01 3.943547e+01 3.932673e+01 3.268740e+01 3.591097e+01
35t 1.270671e+04 1.253748e+04 1.257889e+04 1.270240e+04 1.253819e+04
36t 3.710178e+05 4.369707e+05 5.264960e+05 2.864000e+05 4.752878e+05
37t 6.005124e+01 6.261672e+01 6.066132e+01 6.178811e+01 6.073693e+01
38t 1.717247e+05 2.104898e+05 1.703167e+05 1.852748e+05 2.027292e+05
39t 6.336400e+00 6.451414e+00 8.313602e+00 8.323479e+00 6.778577e+00
40t 4.757656e+01 1.764683e+01 3.163475e+01 4.618780e+01 3.106898e+01
41t 4.567233e+02 4.646860e+02 4.645964e+02 4.535208e+02 4.604980e+02
42t 3.014660e+02 2.692404e+02 2.707083e+02 2.941326e+02 2.730529e+02
43t 3.378627e+02 2.930291e+02 3.118147e+02 3.662243e+02 2.816530e+02
44t 9.326384e+02 9.351302e+02 9.364405e+02 9.456892e+02 9.306950e+02
45t 9.282879e+02 9.328384e+02 9.332172e+02 9.307515e+02 9.396271e+02
46t 9.360583e+02 9.416136e+02 9.777346e+02 9.330776e+02 9.347308e+02
47t 6.077693e+02 6.659369e+02 6.708058e+02 5.896978e+02 6.512019e+02
48t 9.763211e+02 9.407309e+02 9.672644e+02 9.789979e+02 9.598006e+02
49t 6.250190e+02 6.747256e+02 6.876821e+02 6.046003e+02 6.473135e+02
50t 1.083374e+03 5.042094e+02 5.355783e+02 1.070908e+03 6.974984e+02
             376          377          378          379          380
1t  3.613960e+00 1.675742e+00 1.485733e+00 2.371676e+00 3.520084e+00
2t  1.154880e+07 7.115551e+06 7.610906e+06 2.330532e+07 3.218280e+07
3t  6.421226e+06 2.537306e+06 2.626119e+06 3.676165e+06 5.240739e+06
4t  1.317750e+05 1.316407e+05 1.467862e+05 1.223237e+05 1.248717e+05
5t  3.772551e+01 4.490321e+01 4.154786e+01 8.372945e+00 2.202659e+01
6t  4.517249e+02 2.645821e+02 4.610140e+02 6.974814e+02 1.083169e+03
7t  5.462119e+03 7.192865e+03 8.083145e+03 4.258908e+03 4.553034e+03
8t  1.128433e+01 6.841332e+00 7.098344e+00 7.543446e+00 7.609176e+00
9t  3.070902e+02 2.959683e+02 2.784243e+02 2.621435e+02 2.355869e+02
10t 3.937771e+01 3.163778e+01 3.214285e+01 3.386631e+01 3.005103e+01
11t 2.909984e+02 3.058077e+02 2.671564e+02 1.932361e+02 2.584455e+02
12t 6.167040e+03 6.836654e+03 7.803734e+03 4.735256e+02 7.777621e+02
13t 2.490334e+00 1.719498e+00 1.772027e+00 2.072637e+00 2.036013e+00
14t 2.115159e+01 2.112543e+01 2.114841e+01 2.105430e+01 2.114056e+01
15t 8.704607e+02 4.085989e+02 2.458984e+02 4.006539e+02 7.398069e+02
16t 4.946124e+01 4.924079e+01 4.930738e+01 4.892943e+01 5.273302e+01
17t 1.095750e-01 4.957660e-02 4.860645e-02 1.748260e+00 1.527964e+00
18t 1.060959e+00 9.635239e-01 9.928667e-01 1.030277e+00 1.074876e+00
19t 5.144070e+02 5.255885e+02 5.688720e+02 4.079492e+02 4.560645e+02
20t 3.613610e+02 3.257787e+02 4.077169e+02 2.224879e+02 2.419376e+02
21t 3.164440e+04 3.278476e+04 3.239636e+04 2.768686e+04 2.794239e+04
22t 3.465346e+04 3.470614e+04 3.362840e+04 2.763548e+04 2.833113e+04
23t 4.017930e+01 5.779433e+01 5.145085e+01 4.064968e+01 4.830471e+01
24t 3.365787e+00 3.225559e+00 3.090606e+00 5.122681e-01 7.324910e-01
25t 4.688909e-01 5.600965e-01 5.244768e-01 4.842228e-01 6.546761e-01
26t 3.025534e-01 3.642357e-01 2.706785e-01 6.937120e-01 3.404220e-01
27t 6.195825e+01 7.395139e+01 4.736370e+01 6.552477e+01 7.836229e+01
28t 3.594174e+02 2.384811e+02 2.733939e+02 5.758072e+02 3.638432e+02
29t 3.170475e+02 3.793947e+02 3.586086e+02 2.795712e+02 3.105100e+02
30t 1.882900e+01 1.099533e+01 1.302998e+01 1.295106e+01 1.412056e+01
31t 1.390123e+02 1.764468e+02 1.452985e+02 1.709895e+02 1.666760e+02
32t 2.959920e+02 3.669778e+02 2.930901e+02 2.828156e+02 3.231008e+02
33t 1.201100e+02 1.209660e+02 1.114591e+02 1.055042e+02 1.113324e+02
34t 3.443042e+01 2.544392e+01 2.857565e+01 2.909238e+01 3.007650e+01
35t 1.258044e+04 1.284864e+04 1.263582e+04 1.241095e+04 1.242696e+04
36t 5.322243e+05 2.203073e+05 2.284871e+05 2.273640e+05 2.395780e+05
37t 6.273553e+01 5.876768e+01 6.049974e+01 6.094343e+01 6.125270e+01
38t 1.634972e+05 1.791243e+05 1.295221e+05 1.621613e+05 1.748048e+05
39t 7.479105e+00 5.524818e+00 5.261246e+00 6.505259e+00 7.047716e+00
40t 4.025688e+01 1.284750e+02 8.532675e+01 2.466699e+01 4.109433e+01
41t 4.617055e+02 4.515790e+02 4.515537e+02 4.123348e+02 4.520367e+02
42t 2.924208e+02 3.673264e+02 3.078314e+02 2.944457e+02 2.920108e+02
43t 3.351091e+02 4.102078e+02 3.673245e+02 3.103144e+02 3.467601e+02
44t 9.336048e+02 9.686889e+02 9.291975e+02 9.242754e+02 9.333638e+02
45t 9.340021e+02 9.717565e+02 9.268344e+02 9.222746e+02 9.287169e+02
46t 9.339092e+02 9.330524e+02 9.323257e+02 9.233701e+02 9.306057e+02
47t 6.289418e+02 5.575416e+02 5.613793e+02 9.236737e+02 5.735081e+02
48t 9.514320e+02 1.001697e+03 9.807985e+02 9.427137e+02 9.281685e+02
49t 6.583748e+02 5.770880e+02 5.787690e+02 1.023771e+03 9.379489e+02
50t 9.215116e+02 1.197556e+03 1.195141e+03 8.944454e+02 9.423516e+02
             381          382          383          384          385
1t  1.695334e+00 1.679457e+00 2.301923e+00 3.499058e+00 1.916154e+00
2t  6.263270e+06 5.868629e+06 2.400118e+07 1.113712e+07 9.215440e+06
3t  3.107741e+06 2.549295e+06 4.146681e+06 6.075098e+06 2.811245e+06
4t  1.410158e+05 1.400474e+05 1.205157e+05 1.190895e+05 1.062053e+05
5t  2.351188e+01 3.630310e+01 1.047482e+01 5.099552e+00 1.078963e+01
6t  1.856340e+02 3.621217e+02 4.048045e+02 3.300480e+02 6.671108e+02
7t  5.443975e+03 6.488992e+03 3.492649e+03 4.302320e+03 3.084177e+03
8t  7.728984e+00 7.270841e+00 7.602709e+00 1.017474e+01 7.399891e+00
9t  2.759986e+02 2.979137e+02 2.795536e+02 7.027491e+01 2.364094e+02
10t 3.237959e+01 2.864861e+01 3.338828e+01 4.037099e+01 3.195024e+01
11t 2.583120e+02 2.864757e+02 2.773970e+02 5.179682e+01 2.275194e+02
12t 4.334266e+03 7.646745e+03 5.434457e+02 1.480921e+03 3.269820e+02
13t 1.909475e+00 1.695322e+00 2.021116e+00 2.353011e+00 1.807575e+00
14t 2.114705e+01 2.112584e+01 2.114470e+01 2.113801e+01 2.101486e+01
15t 2.408433e+02 2.720995e+02 4.605328e+02 5.785713e+02 2.436095e+03
16t 4.929928e+01 4.875956e+01 5.119637e+01 4.926839e+01 4.905329e+01
17t 7.001524e-02 6.029416e-02 1.152287e+00 1.142484e-01 4.057955e-01
18t 1.007635e+00 9.545754e-01 1.015432e+00 1.048715e+00 9.891564e-01
19t 5.545517e+02 5.522035e+02 4.349380e+02 4.037013e+02 4.397595e+02
20t 4.149042e+02 3.673524e+02 2.192050e+02 2.812333e+02 2.536531e+02
21t 3.125306e+04 3.115836e+04 2.809438e+04 3.017118e+04 2.792240e+04
22t 3.294813e+04 3.446340e+04 2.861552e+04 3.295086e+04 2.862045e+04
23t 5.705258e+01 5.835450e+01 4.170920e+01 4.343062e+01 5.028046e+01
24t 3.440293e+00 3.275306e+00 7.118649e-01 3.582676e+00 6.648296e-01
25t 4.064896e-01 5.328009e-01 5.748013e-01 4.296956e-01 4.338078e-01
26t 2.795165e-01 3.539057e-01 3.802680e-01 3.180093e-01 2.776361e-01
27t 7.379541e+01 6.483128e+01 6.223150e+01 1.892104e+01 5.717217e+01
28t 3.049293e+02 2.411410e+02 3.101746e+02 3.859997e+02 2.325147e+02
29t 3.369587e+02 3.322536e+02 3.274316e+02 3.069682e+02 2.933587e+02
30t 1.367135e+01 1.142275e+01 1.321923e+01 1.752121e+01 1.285057e+01
31t 1.599085e+02 1.299086e+02 1.496409e+02 4.806386e+01 9.824661e+01
32t 3.524953e+02 3.674732e+02 3.207685e+02 4.619688e+02 3.039828e+02
33t 1.038545e+02 1.146402e+02 1.077166e+02 1.060143e+02 1.019729e+02
34t 2.938140e+01 2.588797e+01 3.041787e+01 3.221657e+01 2.695597e+01
35t 1.273122e+04 1.267598e+04 1.259915e+04 1.254962e+04 1.259665e+04
36t 2.873355e+05 1.997372e+05 2.719641e+05 4.234135e+05 2.333194e+05
37t 6.119365e+01 6.104890e+01 6.041502e+01 5.779582e+01 6.107602e+01
38t 1.616100e+05 1.859725e+05 2.726139e+05 2.439531e+05 2.155518e+05
39t 6.026631e+00 7.143049e+00 7.800543e+00 6.431205e+00 1.892779e+01
40t 7.273896e+01 1.129501e+02 3.595063e+01 1.954091e+01 3.111786e+01
41t 4.515468e+02 4.503130e+02 4.189438e+02 4.579921e+02 4.505605e+02
42t 2.692729e+02 3.029468e+02 3.290907e+02 2.829579e+02 2.569341e+02
43t 3.373360e+02 4.056727e+02 3.547523e+02 3.450000e+02 3.991660e+02
44t 9.309471e+02 9.286880e+02 9.286843e+02 9.327737e+02 9.311146e+02
45t 9.316042e+02 9.358428e+02 9.232091e+02 9.232754e+02 9.256102e+02
46t 9.433379e+02 9.380488e+02 9.262314e+02 9.332527e+02 9.363933e+02
47t 5.663489e+02 5.587041e+02 1.023807e+03 6.263612e+02 1.022284e+03
48t 9.816271e+02 1.028124e+03 9.337672e+02 9.611776e+02 9.404540e+02
49t 5.873167e+02 5.808480e+02 1.024987e+03 6.475732e+02 1.023309e+03
50t 1.149785e+03 1.213580e+03 9.116730e+02 4.700557e+02 8.997287e+02
             386          387          388          389          390
1t  1.967222e+00 1.874435e+00 3.097021e+00 2.258601e+00 1.139244e+00
2t  9.824612e+06 2.692184e+07 1.566279e+07 2.252640e+07 9.675024e+06
3t  2.768312e+06 2.989274e+06 7.285944e+06 4.321995e+06 1.546542e+06
4t  9.857862e+04 1.156066e+05 1.220201e+05 1.329238e+05 9.976224e+04
5t  1.115378e+01 2.141042e+01 6.266530e+00 9.765750e+00 4.822050e+01
6t  3.848541e+02 4.575682e+02 6.511221e+02 6.443482e+02 6.498773e+01
7t  3.803966e+03 3.496663e+03 2.541326e+03 3.702051e+03 1.234065e+04
8t  7.385180e+00 7.057424e+00 9.318146e+00 7.391056e+00 6.057948e+00
9t  1.988513e+02 2.168090e+02 1.229164e+02 1.317672e+02 2.648315e+02
10t 3.350566e+01 3.185676e+01 3.618432e+01 3.424074e+01 2.603022e+01
11t 2.756496e+02 2.714160e+02 2.131993e+02 2.236758e+02 2.564516e+02
12t 3.041300e+02 6.580653e+02 3.983028e+02 2.463602e+02 1.983806e+04
13t 1.871319e+00 1.719010e+00 2.124192e+00 1.954834e+00 1.909584e+01
14t 2.114189e+01 2.101612e+01 2.115107e+01 2.115024e+01 2.117531e+01
15t 2.707933e+02 2.611605e+02 6.490706e+02 4.738703e+02 1.666676e+02
16t 4.922430e+01 1.042354e+02 5.290202e+01 5.096471e+01 4.919260e+01
17t 1.591766e-01 7.963877e-01 1.106138e+00 1.197919e+00 1.067079e+02
18t 9.770902e-01 1.024312e+00 1.057004e+00 1.032364e+00 9.226219e-01
19t 4.653535e+02 4.209261e+02 3.901708e+02 4.552902e+02 1.053201e+03
20t 1.929937e+02 1.880134e+02 1.685042e+02 2.603168e+02 2.307776e+02
21t 2.725798e+04 2.651166e+04 2.606489e+04 2.699856e+04 2.890968e+04
22t 2.802308e+04 2.783824e+04 2.810502e+04 2.820059e+04 2.862313e+04
23t 5.055479e+01 4.647083e+01 3.464481e+01 3.671945e+01 5.674160e+01
24t 7.495986e-01 8.004219e-01 7.984436e-01 8.288402e-01 1.381924e+00
25t 5.618154e-01 6.294485e-01 5.734036e-01 4.825705e-01 5.595629e-01
26t 3.130098e-01 3.460843e-01 3.293951e-01 3.625794e-01 3.552660e-01
27t 7.696021e+01 7.037083e+01 8.192695e+01 7.522366e+01 1.125811e+02
28t 2.769067e+02 2.751843e+02 3.929632e+02 3.429624e+02 2.572039e+02
29t 2.974828e+02 3.128024e+02 2.866281e+02 2.971577e+02 3.560283e+02
30t 1.277570e+01 1.353872e+01 1.439157e+01 1.378702e+01 2.050852e+01
31t 1.847334e+02 1.639610e+02 1.829858e+02 1.610786e+02 2.151680e+02
32t 4.391325e+02 2.884122e+02 3.387320e+02 3.837370e+02 3.104672e+02
33t 1.098059e+02 1.168060e+02 9.046196e+01 1.034520e+02 1.264205e+02
34t 3.054264e+01 3.243689e+01 3.219804e+01 2.837864e+01 2.759265e+01
35t 1.255325e+04 1.259494e+04 1.242969e+04 1.242208e+04 1.367215e+04
36t 1.931947e+05 2.253936e+05 3.058891e+05 2.362621e+05 2.379510e+05
37t 5.846984e+01 5.733944e+01 6.017453e+01 5.755044e+01 5.967779e+01
38t 2.788273e+05 3.018886e+05 3.180200e+05 2.566532e+05 1.452924e+05
39t 5.328223e+00 6.467165e+00 1.020727e+01 5.993657e+00 7.297611e+00
40t 2.605470e+01 2.659947e+01 2.098755e+01 3.813290e+01 2.032019e+02
41t 4.512839e+02 4.518369e+02 4.537665e+02 4.525262e+02 4.485602e+02
42t 3.150556e+02 3.357808e+02 3.055690e+02 3.161654e+02 4.279826e+02
43t 3.617009e+02 3.150609e+02 3.194109e+02 3.481749e+02 4.328171e+02
44t 9.264631e+02 9.296663e+02 9.342682e+02 9.222506e+02 1.035556e+03
45t 9.340983e+02 9.267934e+02 9.245790e+02 9.254719e+02 9.245546e+02
46t 9.327646e+02 9.231256e+02 9.332117e+02 9.220860e+02 9.486288e+02
47t 1.026034e+03 1.025596e+03 1.019894e+03 1.024427e+03 1.202684e+03
48t 9.726525e+02 9.245964e+02 9.132024e+02 9.601004e+02 1.160108e+03
49t 1.023211e+03 1.027073e+03 1.020746e+03 1.021341e+03 5.574953e+02
50t 9.419450e+02 9.166256e+02 8.978683e+02 9.018502e+02 1.197318e+03
             391          392          393          394          395
1t  1.009266e+00 5.919751e-01 3.057238e+00 1.492335e+00 1.460454e+01
2t  4.296283e+06 3.830282e+06 9.119782e+06 3.351870e+06 3.273374e+07
3t  1.555125e+06 1.106994e+06 5.133279e+06 2.542883e+06 6.687875e+07
4t  2.557470e+05 1.516699e+05 1.276331e+05 5.178928e+04 1.150026e+05
5t  5.031585e+01 5.440991e+01 3.775547e+01 2.047976e+01 5.549346e+01
6t  1.539915e+01 2.415234e+01 4.013606e+02 4.187578e+00 1.068569e+03
7t  3.162991e+04 1.567162e+04 3.937258e+03 3.110814e+04 7.625524e+03
8t  5.529586e+00 4.553813e+00 9.959851e+00 2.960653e+02 5.511204e+00
9t  3.255013e+02 4.263190e+02 2.340481e+02 3.934907e+02 2.850660e+02
10t 2.748217e+01 1.924395e+01 4.306853e+01 2.943631e+01 2.752851e+01
11t 3.453772e+02 4.360846e+02 2.172818e+02 4.755911e+02 2.991390e+02
12t 1.786172e+04 2.881905e+04 3.610612e+03 3.794736e+03 1.087071e+04
13t 2.014909e+01 2.000204e+01 2.425707e+00 2.048936e+01 1.972774e+01
14t 2.112752e+01 2.093089e+01 2.118848e+01 2.114412e+01 2.096259e+01
15t 1.535604e+02 1.176686e+02 5.343114e+02 1.886989e+02 6.057652e+03
16t 4.914206e+01 4.924245e+01 4.936759e+01 4.928669e+01 1.549203e+02
17t 2.167564e+01 8.622450e+02 1.217401e-01 5.773747e-02 2.443081e+00
18t 7.741117e-01 7.376277e-01 1.055662e+00 9.567226e-01 1.682838e+00
19t 1.884168e+03 3.122490e+03 4.488590e+02 1.162169e+03 6.046589e+02
20t 5.072359e+02 8.528196e+02 2.732487e+02 6.499190e+02 3.661863e+02
21t 3.714006e+04 3.765626e+04 2.982382e+04 3.651724e+04 2.742361e+04
22t 3.350006e+04 3.782380e+04 3.354700e+04 3.791365e+04 2.845651e+04
23t 7.495955e+01 8.027435e+01 4.650899e+01 8.250563e+01 5.561022e+01
24t 1.402352e+00 3.879313e+00 4.008340e+00 3.041265e+00 8.669561e-01
25t 4.828901e-01 5.656335e-01 4.901082e-01 6.387789e-01 7.177797e-01
26t 2.598144e-01 2.747352e-01 2.683203e-01 3.399481e-01 3.419675e-01
27t 7.553029e+01 4.897502e+01 7.655603e+01 6.899401e+01 6.534664e+01
28t 2.170943e+02 1.900387e+02 3.818325e+02 2.384085e+02 3.609527e+05
29t 4.830999e+02 4.682219e+02 3.249896e+02 5.872890e+02 3.403856e+02
30t 1.225303e+01 2.264886e+01 1.598631e+01 1.322142e+01 1.250843e+01
31t 1.486797e+02 1.047022e+02 1.629317e+02 1.612789e+02 1.594460e+02
32t 4.382262e+02 4.056121e+02 3.226401e+02 4.890831e+02 3.144556e+02
33t 1.690752e+02 1.744441e+02 1.117268e+02 1.906547e+02 1.141239e+02
34t 2.993624e+01 2.971972e+01 3.552063e+01 4.356039e+01 2.443675e+01
35t 1.426342e+04 1.827353e+04 1.259716e+04 1.316356e+04 1.298803e+04
36t 1.262135e+05 1.064270e+05 7.258882e+05 1.536096e+05 1.319710e+05
37t 6.515561e+01 5.927541e+01 6.129725e+01 7.237857e+01 5.912038e+01
38t 3.005172e+05 1.586660e+05 2.397770e+05 2.378666e+05 1.683430e+05
39t 5.158739e+00 5.555135e+00 8.358920e+00 6.115237e+00 5.205652e+01
40t 3.801806e+02 1.433819e+03 2.849687e+01 3.676818e+01 1.178129e+02
41t 6.420801e+02 9.771281e+02 4.589220e+02 4.498433e+02 4.478566e+02
42t 4.275882e+02 4.122917e+02 2.920252e+02 3.145165e+02 3.862809e+02
43t 4.312278e+02 4.291298e+02 3.431261e+02 4.344726e+02 4.918329e+02
44t 9.369661e+02 9.278000e+02 9.334994e+02 9.560828e+02 9.328806e+02
45t 9.376424e+02 9.280861e+02 9.360426e+02 9.926469e+02 9.320399e+02
46t 9.408142e+02 9.266793e+02 9.346371e+02 1.014463e+03 9.369039e+02
47t 1.202228e+03 1.222640e+03 6.315721e+02 9.187418e+02 5.304360e+02
48t 1.399239e+03 1.345944e+03 9.632809e+02 1.083223e+03 9.839224e+02
49t 1.211838e+03 1.243344e+03 6.509681e+02 9.254644e+02 5.584781e+02
50t 1.305181e+03 1.355547e+03 9.668289e+02 1.184251e+03 1.133356e+03
             396          397          398          399          400
1t  9.096298e-01 7.794936e-01 9.471059e-01 6.574377e-01 8.358516e-01
2t  5.045320e+06 3.849565e+06 7.047435e+06 3.356807e+06 4.477229e+06
3t  1.248357e+06 1.247891e+06 1.292543e+06 9.667002e+05 1.380364e+06
4t  9.860712e+04 1.039552e+05 1.263651e+05 1.479001e+05 9.472937e+04
5t  4.208075e+01 3.197767e+01 4.302381e+01 5.219679e+01 3.907688e+01
6t  2.357015e+01 5.795041e+00 1.380805e+01 2.333275e+01 5.299890e+00
7t  1.122469e+04 1.709166e+04 1.147568e+04 1.334160e+04 1.888041e+04
8t  5.447323e+00 4.853604e+00 4.982612e+00 4.429467e+00 5.078504e+00
9t  2.638168e+02 2.901865e+02 2.949512e+02 4.185290e+02 3.263789e+02
10t 2.543136e+01 2.295551e+01 2.437747e+01 1.850612e+01 2.492505e+01
11t 2.691543e+02 3.107381e+02 3.024125e+02 4.020326e+02 3.483604e+02
12t 2.421923e+04 1.736741e+04 2.089684e+04 2.407072e+04 1.884229e+04
13t 1.955744e+01 1.945266e+01 1.917026e+01 2.001293e+01 1.956604e+01
14t 2.118580e+01 2.082516e+01 2.094511e+01 2.084809e+01 2.093714e+01
15t 1.347312e+02 1.209033e+02 1.476037e+02 1.103016e+02 1.343497e+02
16t 4.924051e+01 4.719845e+01 4.926504e+01 4.924308e+01 1.029130e+02
17t 1.031933e+02 6.260844e+00 4.064901e+01 7.329321e+02 1.497566e+01
18t 8.474741e-01 8.815303e-01 8.800155e-01 7.069016e-01 7.849655e-01
19t 1.622105e+03 1.095375e+03 1.028501e+03 3.340714e+03 1.047436e+03
20t 2.514225e+02 2.533981e+02 2.672684e+02 8.247751e+02 2.971606e+02
21t 2.902015e+04 2.790096e+04 3.027250e+04 3.813612e+04 3.027195e+04
22t 2.895324e+04 2.949256e+04 2.902596e+04 3.849117e+04 2.941052e+04
23t 6.242594e+01 6.005074e+01 5.754623e+01 8.203439e+01 5.270322e+01
24t 1.341026e+00 1.350807e+00 1.143493e+00 5.680639e+00 5.839808e-01
25t 5.621688e-01 5.671165e-01 6.749453e-01 5.347918e-01 5.734507e-01
26t 3.380292e-01 3.925021e-01 3.704227e-01 2.729049e-01 3.317086e-01
27t 9.037352e+01 9.730330e+01 9.615323e+01 4.331196e+01 1.138499e+02
28t 1.976606e+02 1.865846e+02 2.336165e+02 1.219624e+02 2.212066e+02
29t 3.790405e+02 3.677940e+02 3.774908e+02 4.370605e+02 3.580499e+02
30t 1.697121e+01 2.170449e+01 1.796869e+01 1.366043e+01 2.093987e+01
31t 2.514070e+02 2.215365e+02 2.144587e+02 1.068972e+02 2.157101e+02
32t 2.840485e+02 3.790712e+02 3.370401e+02 3.659180e+02 3.189962e+02
33t 1.347798e+02 1.467970e+02 1.336903e+02 1.594453e+02 1.439305e+02
34t 2.251111e+01 2.675010e+01 2.961353e+01 3.068107e+01 3.797316e+01
35t 1.381030e+04 1.431586e+04 1.424434e+04 1.797635e+04 1.459391e+04
36t 1.849149e+05 2.157290e+05 2.086427e+05 1.178726e+05 1.934297e+05
37t 5.856173e+01 5.142041e+01 5.675698e+01 5.972292e+01 5.429479e+01
38t 1.614902e+05 3.106756e+05 2.309929e+05 1.553279e+05 3.555324e+05
39t 7.704794e+00 7.112656e+00 7.574844e+00 4.737554e+00 7.712474e+00
40t 2.756598e+02 1.285290e+02 1.829563e+02 1.214748e+03 1.149311e+02
41t 4.465699e+02 4.460660e+02 4.471135e+02 9.857871e+02 4.472171e+02
42t 4.028377e+02 4.309436e+02 4.765183e+02 3.988973e+02 4.712933e+02
43t 4.301590e+02 4.295312e+02 4.314163e+02 4.285508e+02 4.305103e+02
44t 1.020297e+03 1.022572e+03 9.965793e+02 9.281967e+02 1.059867e+03
45t 9.532793e+02 9.420735e+02 9.624321e+02 9.268893e+02 9.259399e+02
46t 9.810927e+02 9.373572e+02 1.087203e+03 9.236974e+02 1.010420e+03
47t 1.212932e+03 1.198752e+03 1.227233e+03 1.240612e+03 1.206610e+03
48t 1.204031e+03 1.190298e+03 1.232757e+03 1.335439e+03 1.161568e+03
49t 1.244274e+03 5.452772e+02 1.212625e+03 1.239370e+03 5.462619e+02
50t 1.254587e+03 1.318641e+03 1.221303e+03 1.346316e+03 1.219798e+03
             401          402          403          404          405
1t  8.191000e-01 8.764548e-01 8.689877e-01 8.643588e-01 8.828702e-01
2t  4.429771e+06 1.891332e+07 5.528312e+06 4.921134e+06 4.502406e+06
3t  1.254909e+06 6.148788e+06 1.272955e+06 1.106933e+06 1.269494e+06
4t  1.264533e+05 1.305581e+05 1.228219e+05 1.028533e+05 8.455082e+04
5t  4.059935e+01 5.550468e+01 4.591630e+01 3.677628e+01 3.288906e+01
6t  1.055488e+01 4.854535e+02 9.032420e+00 5.358401e+00 4.398992e+00
7t  1.218713e+04 8.141406e+03 1.909540e+04 1.299847e+04 8.460892e+03
8t  5.984609e+00 4.855939e+00 5.007996e+00 5.004976e+00 4.781675e+00
9t  2.752816e+02 3.014587e+02 2.647715e+02 2.953735e+02 3.256473e+02
10t 2.425584e+01 2.376861e+01 2.305473e+01 2.241069e+01 2.473835e+01
11t 2.729140e+02 3.015649e+02 2.914062e+02 3.162006e+02 3.015984e+02
12t 1.694960e+04 1.996430e+04 1.679377e+04 1.208633e+04 1.309555e+04
13t 1.893830e+01 1.976760e+01 1.979722e+01 1.954708e+01 1.969438e+01
14t 2.116523e+01 2.100492e+01 2.083907e+01 2.094244e+01 2.103570e+01
15t 1.783495e+02 6.136953e+02 2.824810e+03 1.979543e+02 1.310283e+02
16t 4.810224e+01 1.242587e+02 5.699812e+01 4.789456e+01 4.925051e+01
17t 3.868292e+01 1.502387e+01 5.167923e+01 1.512804e+00 1.340699e+00
18t 8.256314e-01 9.045959e-01 7.921489e-01 8.377171e-01 8.819816e-01
19t 1.939315e+03 7.299147e+02 1.521981e+03 1.448300e+03 8.480563e+02
20t 2.752614e+02 3.480911e+02 2.861959e+02 2.663524e+02 2.594093e+02
21t 2.918817e+04 2.875813e+04 2.832561e+04 2.758832e+04 2.790829e+04
22t 2.876624e+04 2.882955e+04 2.962467e+04 2.885844e+04 2.959191e+04
23t 5.978507e+01 5.740949e+01 5.662352e+01 5.897683e+01 5.758504e+01
24t 8.204190e-01 9.248282e-01 7.407172e-01 7.302759e-01 1.508075e+00
25t 6.776166e-01 7.514457e-01 5.693395e-01 5.616544e-01 7.065140e-01
26t 3.664465e-01 4.216396e-01 3.882785e-01 3.245418e-01 3.780541e-01
27t 1.097356e+02 7.011821e+01 1.095072e+02 1.095051e+02 1.324438e+02
28t 2.241496e+02 1.074494e+06 1.913643e+02 2.360816e+02 2.473164e+02
29t 3.430958e+02 3.817448e+02 3.918639e+02 4.041726e+02 3.818758e+02
30t 1.161687e+01 1.289160e+01 1.491525e+01 2.378794e+01 1.324005e+01
31t 2.495344e+02 1.636891e+02 2.318164e+02 2.228624e+02 2.377814e+02
32t 3.196285e+02 3.603434e+02 3.914595e+02 3.766935e+02 3.573946e+02
33t 1.175469e+02 1.392697e+02 1.448436e+02 1.313826e+02 1.451045e+02
34t 3.220863e+01 2.351123e+01 3.080683e+01 3.972979e+01 3.248699e+01
35t 1.418721e+04 1.315147e+04 1.428180e+04 1.384816e+04 1.445277e+04
36t 2.131500e+05 1.722417e+05 2.486239e+05 2.083045e+05 1.945334e+05
37t 5.645568e+01 5.705692e+01 5.277442e+01 5.168314e+01 5.154884e+01
38t 3.033501e+05 1.344601e+05 1.830949e+05 2.314987e+05 2.309757e+05
39t 7.315035e+00 8.371977e+00 7.601730e+00 7.594792e+00 5.033972e+00
40t 2.097131e+02 1.210331e+02 2.055018e+02 1.197061e+02 1.084865e+02
41t 4.457654e+02 4.469918e+02 4.450712e+02 4.455976e+02 4.461870e+02
42t 4.384349e+02 3.689366e+02 5.180681e+02 4.410076e+02 3.509375e+02
43t 4.308457e+02 4.415843e+02 4.309371e+02 4.303502e+02 4.305786e+02
44t 1.051260e+03 9.302946e+02 9.798764e+02 9.543895e+02 9.301422e+02
45t 9.388492e+02 9.336302e+02 9.377135e+02 9.896207e+02 9.461384e+02
46t 9.581227e+02 9.323309e+02 9.664763e+02 9.649057e+02 1.115453e+03
47t 1.224645e+03 5.304290e+02 5.344648e+02 1.188812e+03 5.318562e+02
48t 1.234844e+03 1.078614e+03 1.281847e+03 1.313692e+03 1.080401e+03
49t 1.251012e+03 5.512910e+02 1.204319e+03 5.522466e+02 1.203162e+03
50t 1.295957e+03 1.259801e+03 1.234583e+03 1.247625e+03 1.128301e+03
             406          407          408          409          410
1t  8.336068e-01 1.334376e+00 7.596086e-01 8.138532e-01 9.299752e-01
2t  3.606377e+06 4.158905e+07 4.633080e+06 3.866177e+06 4.046389e+06
3t  1.379682e+06 2.942288e+08 1.246925e+06 1.285031e+06 1.414870e+06
4t  5.940636e+04 1.296986e+05 8.017044e+04 9.143459e+04 1.036628e+05
5t  3.300570e+01 5.457214e+01 3.230943e+01 3.900209e+01 3.814944e+01
6t  4.717274e+00 6.628887e+02 3.468905e+00 4.936066e+00 6.317337e+00
7t  7.860373e+03 7.734331e+03 7.807710e+03 6.745565e+03 7.661578e+03
8t  5.192307e+00 5.126701e+00 1.735949e+02 4.831967e+00 5.320944e+00
9t  2.904057e+02 3.228708e+02 3.101959e+02 3.226721e+02 2.821061e+02
10t 2.113563e+01 2.615534e+01 2.171197e+01 2.483288e+01 2.451560e+01
11t 3.255078e+02 2.993924e+02 3.135079e+02 3.211737e+02 3.126293e+02
12t 1.405787e+04 2.919974e+04 1.220087e+04 1.237356e+04 1.362291e+04
13t 1.980129e+01 1.987153e+01 1.970372e+01 1.956650e+01 1.887479e+01
14t 2.092764e+01 2.100263e+01 2.085273e+01 2.092369e+01 2.113869e+01
15t 1.334066e+02 2.489537e+05 1.262826e+02 1.215226e+02 2.847670e+02
16t 9.814917e+01 1.719226e+02 4.755390e+01 4.845237e+01 4.900013e+01
17t 8.556068e-02 1.761233e+01 4.077939e-01 7.310731e+00 6.131614e-02
18t 8.649486e-01 1.022001e+00 8.385024e-01 7.777812e-01 8.793265e-01
19t 9.302112e+02 6.759993e+02 1.279488e+03 1.248503e+03 8.931130e+02
20t 3.300459e+02 4.198479e+02 3.528369e+02 2.464206e+02 2.425077e+02
21t 2.853136e+04 2.817361e+04 3.059190e+04 2.857241e+04 2.866363e+04
22t 2.833429e+04 2.712443e+04 2.950322e+04 2.923277e+04 2.819308e+04
23t 5.834143e+01 5.672082e+01 6.089337e+01 5.782598e+01 5.139493e+01
24t 6.830139e-01 1.285037e+00 5.893762e-01 6.124741e-01 3.809117e-01
25t 5.248834e-01 8.548183e-01 7.235200e-01 7.253408e-01 5.962798e-01
26t 3.686732e-01 3.408747e-01 3.778397e-01 3.727905e-01 2.648590e-01
27t 1.051678e+02 8.813830e+01 7.864884e+01 1.142775e+02 1.303236e+02
28t 1.884046e+02 9.799003e+05 1.751071e+02 1.828208e+02 2.448415e+02
29t 3.571752e+02 4.039986e+02 3.736402e+02 4.016111e+02 4.106108e+02
30t 1.670446e+01 1.335280e+01 1.630491e+01 1.774878e+01 1.521354e+01
31t 2.759182e+02 1.634557e+02 2.029118e+02 2.075212e+02 2.402224e+02
32t 3.563924e+02 9.867426e+02 3.955034e+02 4.410920e+02 3.682061e+02
33t 1.651465e+02 1.443337e+02 1.361949e+02 1.381154e+02 1.250863e+02
34t 2.407944e+01 2.489628e+01 2.722648e+01 3.174799e+01 3.831285e+01
35t 1.392453e+04 1.339879e+04 1.425141e+04 1.401541e+04 1.400301e+04
36t 2.113684e+05 1.642021e+05 2.101287e+05 2.190617e+05 2.124397e+05
37t 6.537466e+01 6.105794e+01 5.473039e+01 5.249944e+01 5.176558e+01
38t 2.426203e+05 2.242256e+05 2.796018e+05 3.079284e+05 3.205750e+05
39t 6.774741e+00 6.093183e+00 5.776501e+00 6.978260e+00 7.587665e+00
40t 8.768098e+01 1.650360e+02 1.149384e+02 1.471882e+02 1.035980e+02
41t 4.465708e+02 4.467105e+02 4.465020e+02 4.465650e+02 4.469660e+02
42t 4.324944e+02 3.473886e+02 4.652934e+02 4.238658e+02 4.080193e+02
43t 4.309464e+02 4.533933e+02 4.301091e+02 4.310776e+02 4.310033e+02
44t 9.694880e+02 9.387725e+02 1.031164e+03 9.640857e+02 1.024153e+03
45t 9.520344e+02 9.361489e+02 1.026470e+03 9.737949e+02 9.375332e+02
46t 1.031672e+03 9.349549e+02 9.560396e+02 1.097434e+03 9.455621e+02
47t 5.264354e+02 5.327251e+02 1.224053e+03 1.201685e+03 5.295260e+02
48t 1.265388e+03 1.036029e+03 1.278315e+03 1.232123e+03 1.199106e+03
49t 5.576863e+02 5.583827e+02 5.474930e+02 1.044195e+03 1.206455e+03
50t 1.215850e+03 1.260229e+03 1.228011e+03 1.314497e+03 1.267907e+03
             411          412          413          414          415
1t  1.879962e+00 8.254490e-01 3.139134e+00 6.099207e+00 7.033393e-01
2t  1.043338e+07 5.079627e+06 5.941052e+06 7.000814e+06 2.332268e+06
3t  3.015017e+06 1.259911e+06 5.010817e+06 8.618675e+06 1.063154e+06
4t  1.424501e+05 1.459347e+05 1.318120e+05 5.072728e+04 2.217187e+04
5t  6.146806e+01 6.021549e+01 5.147226e+01 3.382391e+00 1.213890e+01
6t  2.481305e+02 5.182078e+01 7.481672e+01 9.374978e+01 2.199322e+00
7t  1.219983e+04 3.443641e+04 7.036015e+03 2.407572e+03 1.456844e+05
8t  7.342731e+00 1.099848e+02 9.189552e+00 1.355190e+01 1.546624e+02
9t  3.640533e+02 3.235606e+02 3.192418e+02 2.791018e+02 3.677158e+02
10t 2.930200e+01 2.099151e+01 3.795397e+01 4.855324e+01 2.051663e+01
11t 3.810351e+02 3.234610e+02 3.256660e+02 2.940770e+02 3.579347e+02
12t 3.071399e+04 2.952573e+04 2.347715e+04 3.828883e+02 1.861130e+02
13t 2.059868e+01 2.011183e+01 2.046039e+01 2.985274e+00 2.012797e+01
14t 2.115072e+01 2.091353e+01 2.114875e+01 2.117658e+01 2.079490e+01
15t 2.978653e+02 1.318873e+02 3.769819e+02 8.144994e+02 1.166945e+02
16t 4.916915e+01 4.920825e+01 4.940853e+01 4.925633e+01 4.921676e+01
17t 6.005622e+02 8.962799e+02 4.276702e+02 1.917749e-01 2.934236e-02
18t 9.588713e-01 7.868335e-01 1.042369e+00 1.089429e+00 7.173711e-01
19t 1.422265e+03 3.008365e+03 6.571807e+02 4.025466e+02 2.744482e+03
20t 6.578928e+02 4.652491e+02 4.377888e+02 1.880016e+02 1.197629e+03
21t 3.583413e+04 3.622544e+04 2.965930e+04 2.890998e+04 3.865483e+04
22t 3.597899e+04 3.706288e+04 3.475858e+04 2.815432e+04 3.944128e+04
23t 6.948077e+01 7.952474e+01 6.767666e+01 3.629904e+01 7.882790e+01
24t 3.035104e+00 2.806036e+00 2.123375e+00 2.416549e+00 1.095172e+00
25t 5.900533e-01 5.865504e-01 5.564263e-01 6.151535e-01 7.753000e-01
26t 2.821232e-01 2.676949e-01 2.770354e-01 3.952933e-01 3.222219e-01
27t 4.362525e+01 4.070080e+01 5.307014e+01 1.476433e+02 6.919557e+01
28t 2.490491e+02 1.703791e+02 2.921172e+02 6.175321e+02 1.558661e+02
29t 4.687367e+02 4.761241e+02 4.734108e+02 2.930308e+02 5.626450e+02
30t 2.175161e+01 6.270456e+01 1.445477e+01 2.180657e+01 1.225430e+01
31t 1.039600e+02 8.803534e+01 1.238228e+02 2.581163e+02 1.607464e+02
32t 3.190006e+02 4.217104e+02 4.086121e+02 6.448620e+02 3.460699e+02
33t 1.513686e+02 1.715648e+02 1.444770e+02 1.238166e+02 2.574428e+02
34t 3.228388e+01 3.032133e+01 3.676971e+01 4.529943e+01 2.266658e+01
35t 1.394802e+04 1.661078e+04 1.284335e+04 1.268822e+04 1.462032e+04
36t 1.661113e+05 1.370022e+05 2.611847e+05 6.046753e+05 1.305789e+05
37t 6.811373e+01 6.308198e+01 6.657998e+01 5.819502e+01 6.662653e+01
38t 1.724351e+05 1.466440e+05 1.826301e+05 3.474248e+05 3.120771e+05
39t 5.317351e+00 5.555082e+00 5.428106e+00 1.007933e+01 5.314034e+00
40t 8.936007e+02 1.773726e+03 9.519850e+01 9.905525e+00 9.177604e+01
41t 4.505552e+02 9.733666e+02 4.556246e+02 4.650660e+02 4.450362e+02
42t 3.315044e+02 4.421047e+02 2.845203e+02 4.457282e+02 3.275378e+02
43t 4.171031e+02 4.492584e+02 3.266296e+02 4.573322e+02 4.224297e+02
44t 9.695402e+02 9.281694e+02 9.882253e+02 9.275975e+02 9.467777e+02
45t 9.617278e+02 9.277757e+02 9.866016e+02 9.274928e+02 1.041393e+03
46t 9.637792e+02 9.272733e+02 9.840454e+02 9.278895e+02 1.099011e+03
47t 5.574876e+02 1.205001e+03 5.883364e+02 1.024758e+03 5.251348e+02
48t 1.167566e+03 1.459296e+03 9.922461e+02 9.505917e+02 1.240140e+03
49t 6.134223e+02 1.247034e+03 5.961842e+02 1.020009e+03 8.976576e+02
50t 1.222041e+03 1.353357e+03 1.062926e+03 8.895176e+02 1.297023e+03
             416          417          418          419          420
1t  2.017934e+00 1.510515e+00 8.178839e-01 9.962023e-01 6.952501e-01
2t  7.338039e+06 5.352336e+06 5.534979e+06 6.596367e+06 3.081488e+06
3t  2.977964e+06 2.281313e+06 1.414435e+06 1.350298e+06 8.424928e+05
4t  1.254197e+05 9.522252e+04 8.530960e+04 1.585570e+05 1.062803e+05
5t  3.286911e+01 3.414088e+01 4.284475e+01 5.754288e+01 4.607233e+01
6t  1.653174e+02 1.255476e+01 8.470241e+00 4.906869e+02 6.019538e+00
7t  5.640100e+03 6.460311e+03 1.210146e+04 1.036971e+04 4.733067e+04
8t  7.996166e+00 6.476880e+00 5.109861e+00 5.621037e+00 4.495850e+00
9t  2.909474e+02 2.910835e+02 3.136694e+02 3.353553e+02 3.347917e+02
10t 3.151368e+01 2.980780e+01 2.363659e+01 2.644844e+01 2.031915e+01
11t 2.818702e+02 2.900116e+02 3.008896e+02 3.156814e+02 3.831702e+02
12t 7.368836e+03 1.768774e+04 2.405172e+04 2.472711e+04 1.769220e+04
13t 1.883148e+00 2.019582e+01 1.988565e+01 2.020291e+01 2.007292e+01
14t 2.121346e+01 2.115603e+01 2.096440e+01 2.116537e+01 2.096157e+01
15t 4.379461e+02 2.083992e+02 1.338898e+02 1.559974e+02 1.151351e+02
16t 4.919272e+01 4.926722e+01 4.708560e+01 4.912603e+01 4.915365e+01
17t 6.187825e-02 1.682629e-01 1.720528e+00 6.266695e-02 2.401951e+02
18t 1.016806e+00 9.776443e-01 8.352743e-01 8.768057e-01 7.852019e-01
19t 5.419077e+02 6.454068e+02 1.188859e+03 9.811405e+02 3.100757e+03
20t 3.268693e+02 2.817614e+02 3.687214e+02 5.814732e+02 4.692199e+02
21t 3.150707e+04 2.967833e+04 2.784726e+04 3.451966e+04 3.689765e+04
22t 3.345459e+04 2.977340e+04 2.858122e+04 3.559922e+04 3.555413e+04
23t 5.249174e+01 5.906744e+01 5.651450e+01 4.352052e+01 7.720934e+01
24t 3.534408e+00 5.442227e-01 1.357742e+00 3.487297e+00 1.123118e+00
25t 5.390957e-01 5.476487e-01 6.440983e-01 5.635013e-01 6.154920e-01
26t 2.806502e-01 3.633923e-01 4.170244e-01 3.644521e-01 3.035854e-01
27t 7.811004e+01 9.765979e+01 1.296267e+02 4.076378e+01 4.464712e+01
28t 2.649375e+02 2.118066e+02 1.935077e+02 2.223505e+02 1.723336e+02
29t 3.495877e+02 3.674875e+02 4.045107e+02 4.004863e+02 4.918369e+02
30t 1.369137e+01 1.370810e+01 1.168780e+01 1.248828e+01 1.044251e+03
31t 1.405415e+02 2.503612e+02 2.383271e+02 1.148770e+02 1.197271e+02
32t 3.559916e+02 3.637804e+02 4.436378e+02 4.027289e+02 3.753146e+02
33t 1.043741e+02 1.331465e+02 1.345367e+02 1.265042e+02 1.869453e+02
34t 2.556252e+01 3.063366e+01 2.490675e+01 2.171590e+01 2.826261e+01
35t 1.283782e+04 1.319502e+04 1.342340e+04 1.307322e+04 1.549027e+04
36t 3.189398e+05 2.284417e+05 1.956965e+05 1.576720e+05 1.407527e+05
37t 6.284078e+01 6.174178e+01 5.634983e+01 6.220564e+01 6.380648e+01
38t 1.802523e+05 2.590297e+05 1.798260e+05 1.678559e+05 1.466134e+05
39t 5.254216e+00 7.184524e+00 7.419652e+00 6.502524e+00 5.721101e+00
40t 7.484975e+01 1.103644e+02 1.409417e+02 4.607760e+02 7.104289e+02
41t 4.533127e+02 4.491781e+02 4.463978e+02 4.462750e+02 4.442971e+02
42t 3.400323e+02 4.016459e+02 3.541033e+02 4.032595e+02 3.612967e+02
43t 4.133838e+02 4.332486e+02 5.301012e+02 4.358608e+02 4.956296e+02
44t 9.346178e+02 9.299697e+02 1.045578e+03 9.391244e+02 9.257330e+02
45t 9.328478e+02 9.401910e+02 9.412432e+02 9.380046e+02 9.291948e+02
46t 9.541112e+02 9.342986e+02 9.426269e+02 9.408104e+02 9.285306e+02
47t 5.648490e+02 5.420361e+02 5.265787e+02 5.376628e+02 1.211707e+03
48t 9.915405e+02 1.066242e+03 1.087433e+03 1.190094e+03 1.425085e+03
49t 5.875468e+02 5.708223e+02 5.498983e+02 1.199031e+03 1.226966e+03
50t 1.169682e+03 1.140839e+03 9.953061e+02 1.283947e+03 1.351696e+03
             421          422          423          424          425
1t  7.620584e-01 1.156446e+00 1.646400e+00 2.468902e+00 6.597021e-01
2t  3.224114e+06 5.123469e+06 4.363763e+06 6.416245e+06 2.367680e+06
3t  1.316644e+06 1.809418e+06 2.656397e+06 4.553789e+06 1.005097e+06
4t  9.172238e+04 1.548158e+05 1.423416e+05 9.695594e+04 6.526643e+04
5t  4.011462e+01 4.761600e+01 4.118271e+01 2.396228e+01 2.826947e+01
6t  4.979131e+00 3.008463e+02 2.307251e+02 1.725178e+02 1.702864e+00
7t  1.484579e+04 6.706278e+03 8.330751e+03 4.594744e+03 5.795300e+04
8t  5.064389e+00 6.064546e+00 7.003681e+00 9.369943e+00 4.227749e+03
9t  2.893112e+02 3.174054e+02 2.834586e+02 2.588284e+02 3.766790e+02
10t 2.532922e+01 2.786045e+01 3.066207e+01 3.908838e+01 2.098340e+01
11t 2.948196e+02 3.029085e+02 2.792282e+02 2.856802e+02 4.700525e+02
12t 1.528377e+04 9.878382e+03 8.828541e+03 3.787909e+03 3.395493e+03
13t 1.918899e+01 1.901053e+01 1.915389e+01 2.178323e+00 2.006524e+01
14t 2.109414e+01 2.116240e+01 2.119499e+01 2.111684e+01 2.077817e+01
15t 1.307228e+02 5.685592e+02 2.301081e+02 3.901020e+02 1.106784e+02
16t 4.711634e+01 4.912025e+01 4.918426e+01 4.936236e+01 4.874599e+01
17t 3.371684e-02 4.364143e-02 5.330086e-02 1.002263e-01 3.404378e-02
18t 8.240001e-01 8.862225e-01 9.018074e-01 1.044163e+00 7.213163e-01
19t 1.449674e+03 8.033659e+02 5.993310e+02 4.737604e+02 3.056712e+03
20t 2.762463e+02 4.046272e+02 3.961318e+02 2.730413e+02 6.173626e+02
21t 3.015548e+04 3.401922e+04 3.387580e+04 2.967556e+04 3.707036e+04
22t 2.950071e+04 3.353986e+04 3.328323e+04 3.325992e+04 3.681771e+04
23t 6.150882e+01 5.678479e+01 4.793105e+01 4.644186e+01 8.129895e+01
24t 4.559792e-01 2.979255e+00 3.544693e+00 3.864571e+00 3.251915e+00
25t 4.816583e-01 5.093506e-01 5.774720e-01 5.419672e-01 6.852762e-01
26t 2.932569e-01 3.183932e-01 3.550846e-01 3.109261e-01 3.280895e-01
27t 1.274556e+02 8.793119e+01 5.542609e+01 7.031540e+01 7.699485e+01
28t 1.878734e+02 2.115798e+02 2.567316e+02 2.901085e+02 1.580247e+02
29t 3.613970e+02 4.093616e+02 4.211831e+02 3.120497e+02 5.282115e+02
30t 9.938887e+00 1.360195e+01 1.388533e+01 1.644410e+01 1.528010e+01
31t 2.499821e+02 1.439395e+02 1.422826e+02 1.638663e+02 1.589347e+02
32t 4.017198e+02 2.575407e+02 3.856991e+02 3.463589e+02 4.427687e+02
33t 1.496716e+02 1.236901e+02 1.192841e+02 1.109704e+02 1.980761e+02
34t 3.298144e+01 2.149140e+01 2.631589e+01 3.274986e+01 3.157249e+01
35t 1.451410e+04 1.283750e+04 1.293057e+04 1.280402e+04 1.548596e+04
36t 1.733154e+05 1.788839e+05 2.127902e+05 4.319910e+05 1.309073e+05
37t 6.048626e+01 6.223242e+01 6.384735e+01 5.699029e+01 6.589097e+01
38t 1.503068e+05 1.468718e+05 1.514719e+05 2.292711e+05 2.458896e+05
39t 6.718727e+00 6.053703e+00 5.083889e+00 6.375483e+00 5.676705e+00
40t 1.126044e+02 1.680470e+02 1.338654e+02 3.921670e+01 2.292380e+02
41t 4.459567e+02 4.486520e+02 4.502587e+02 4.571533e+02 4.447304e+02
42t 3.038327e+02 3.257699e+02 3.501493e+02 2.673152e+02 3.458225e+02
43t 4.233223e+02 4.538848e+02 4.098435e+02 3.209786e+02 4.285649e+02
44t 9.370911e+02 9.626976e+02 9.286659e+02 9.319329e+02 1.189245e+03
45t 9.450939e+02 9.393814e+02 9.330555e+02 9.839030e+02 1.178937e+03
46t 9.384400e+02 9.299273e+02 9.982828e+02 9.808046e+02 1.153089e+03
47t 1.199758e+03 5.467677e+02 5.623371e+02 5.968361e+02 1.201784e+03
48t 1.193744e+03 1.072341e+03 1.021999e+03 9.767353e+02 1.243152e+03
49t 1.226678e+03 5.619353e+02 5.724150e+02 1.057173e+03 1.230558e+03
50t 1.234153e+03 1.235384e+03 1.204690e+03 4.429610e+02 1.345624e+03
             426          427          428          429          430
1t  6.779254e-01 7.014873e-01 9.370390e-01 1.313304e+00 1.354083e+00
2t  2.553730e+06 2.198606e+06 6.749671e+06 8.327392e+06 8.773309e+06
3t  8.918836e+05 1.026326e+06 1.863956e+06 1.988472e+06 1.950655e+06
4t  1.013149e+05 9.880855e+04 1.555603e+05 1.452274e+05 1.343632e+05
5t  5.114974e+01 4.355674e+01 4.617739e+01 4.507682e+01 4.265730e+01
6t  4.878403e+00 5.008009e+00 5.523268e+02 5.893858e+02 5.100618e+02
7t  5.327305e+04 1.316994e+05 9.491801e+03 8.456817e+03 9.079379e+03
8t  4.618809e+00 1.247255e+02 5.754170e+00 6.124852e+00 6.583347e+00
9t  3.353207e+02 3.090213e+02 3.337058e+02 3.219099e+02 3.325278e+02
10t 2.956508e+01 2.160982e+01 2.718778e+01 2.750584e+01 2.858902e+01
11t 3.511642e+02 3.374590e+02 2.948693e+02 2.797252e+02 3.135334e+02
12t 1.835895e+04 1.590481e+04 1.798842e+04 1.510486e+04 1.339191e+04
13t 2.004491e+01 2.002916e+01 1.956240e+01 1.629474e+00 2.000124e+01
14t 2.100558e+01 2.094277e+01 2.118156e+01 2.115059e+01 2.121200e+01
15t 1.185993e+02 1.160121e+02 5.112299e+02 2.010894e+02 1.921645e+02
16t 4.913635e+01 4.900493e+01 4.916702e+01 4.928686e+01 4.929579e+01
17t 2.716179e+02 2.420436e+02 4.244406e-02 6.464773e-02 5.116924e-02
18t 7.099074e-01 7.166604e-01 9.148955e-01 9.486552e-01 9.218207e-01
19t 3.163100e+03 3.643691e+03 7.194459e+02 6.761260e+02 6.023405e+02
20t 4.503023e+02 4.652381e+02 4.646537e+02 4.858002e+02 4.366165e+02
21t 3.606528e+04 3.597169e+04 3.402328e+04 3.213167e+04 3.342769e+04
22t 3.633846e+04 3.592254e+04 3.506572e+04 3.484439e+04 3.458400e+04
23t 7.413119e+01 7.681435e+01 5.674399e+01 5.805777e+01 6.004070e+01
24t 1.869439e+00 3.156473e+00 3.391052e+00 3.671165e+00 3.456698e+00
25t 6.253125e-01 5.968839e-01 5.561443e-01 5.911903e-01 5.890782e-01
26t 2.965683e-01 3.102861e-01 3.302714e-01 3.258355e-01 2.773722e-01
27t 4.960760e+01 5.455214e+01 5.899856e+01 8.753282e+01 4.970681e+01
28t 1.564786e+02 1.520362e+02 2.123634e+02 2.168405e+02 2.116299e+02
29t 5.037617e+02 4.769598e+02 3.953282e+02 3.813393e+02 3.962113e+02
30t 5.319793e+02 4.749012e+02 1.192268e+01 1.182857e+01 1.232983e+01
31t 1.180029e+02 1.331957e+02 1.763829e+02 1.337135e+02 1.367848e+02
32t 4.485088e+02 3.836936e+02 3.901033e+02 2.875946e+02 2.818002e+02
33t 1.781008e+02 1.835569e+02 9.457578e+01 1.238351e+02 1.110304e+02
34t 2.807889e+01 3.045015e+01 2.424405e+01 2.680472e+01 2.576170e+01
35t 1.611492e+04 1.622946e+04 1.290956e+04 1.303296e+04 1.295766e+04
36t 1.166958e+05 1.221125e+05 1.483156e+05 2.149163e+05 1.889389e+05
37t 6.533411e+01 6.482410e+01 6.330921e+01 6.080010e+01 5.955035e+01
38t 1.969001e+05 1.702944e+05 1.568863e+05 1.724745e+05 1.676750e+05
39t 4.869904e+00 5.619538e+00 5.269662e+00 5.326790e+00 6.305495e+00
40t 8.181302e+02 7.596385e+02 1.884929e+02 1.687904e+02 1.623447e+02
41t 4.432922e+02 4.455499e+02 4.492207e+02 4.491859e+02 4.493197e+02
42t 3.640508e+02 3.552705e+02 3.653162e+02 3.475498e+02 3.514824e+02
43t 5.388527e+02 4.660289e+02 3.916573e+02 3.693733e+02 3.662585e+02
44t 9.269704e+02 9.260188e+02 9.466543e+02 9.512037e+02 9.457785e+02
45t 9.249597e+02 9.250545e+02 9.466492e+02 9.487074e+02 9.503552e+02
46t 9.285303e+02 9.270968e+02 9.498023e+02 9.564944e+02 9.547961e+02
47t 1.229049e+03 1.227915e+03 5.422262e+02 5.490810e+02 5.511015e+02
48t 1.421561e+03 1.457622e+03 1.018853e+03 1.044058e+03 1.064844e+03
49t 1.223081e+03 1.227992e+03 5.590078e+02 5.615184e+02 5.672150e+02
50t 1.363282e+03 1.363491e+03 1.249652e+03 1.221081e+03 1.227859e+03
             431          432
1t  1.676355e+00 1.096297e+00
2t  5.965656e+06 5.606072e+06
3t  2.128076e+06 1.698887e+06
4t  1.430440e+05 1.382558e+05
5t  4.284727e+01 3.978236e+01
6t  3.139144e+02 3.870857e+02
7t  7.153943e+03 8.048453e+03
8t  6.212003e+00 5.843626e+00
9t  3.234483e+02 2.706524e+02
10t 2.958583e+01 2.648199e+01
11t 2.588926e+02 2.776463e+02
12t 7.385595e+03 1.042605e+04
13t 1.602191e+00 1.844986e+01
14t 2.113753e+01 2.115885e+01
15t 2.030550e+02 1.571211e+02
16t 4.928874e+01 4.911578e+01
17t 5.370404e-02 4.090488e-02
18t 9.812827e-01 9.376930e-01
19t 5.737221e+02 6.975479e+02
20t 4.246404e+02 4.881874e+02
21t 3.157559e+04 3.174960e+04
22t 3.469365e+04 3.267113e+04
23t 4.980714e+01 5.495915e+01
24t 3.601135e+00 3.149435e+00
25t 5.992332e-01 4.744109e-01
26t 3.051853e-01 3.509963e-01
27t 8.882913e+01 9.427999e+01
28t 2.495892e+02 2.027276e+02
29t 3.658716e+02 4.013357e+02
30t 1.266389e+01 1.447046e+01
31t 1.084712e+02 1.212015e+02
32t 3.027655e+02 5.105455e+02
33t 1.083215e+02 1.294308e+02
34t 2.638273e+01 2.201151e+01
35t 1.288194e+04 1.275089e+04
36t 2.486869e+05 2.067058e+05
37t 6.230025e+01 6.333442e+01
38t 1.732921e+05 1.492470e+05
39t 6.881416e+00 6.627264e+00
40t 9.697446e+01 2.053441e+02
41t 4.508949e+02 4.494859e+02
42t 3.361419e+02 3.975669e+02
43t 3.651524e+02 3.697070e+02
44t 9.736981e+02 9.552063e+02
45t 9.646291e+02 9.421944e+02
46t 9.346373e+02 9.474974e+02
47t 5.490023e+02 5.358448e+02
48t 1.022892e+03 1.025023e+03
49t 5.744795e+02 5.603971e+02
50t 1.207419e+03 1.234749e+03
# 2025-12-01 05:41:48 -03: Finished testing
